ENERGY STAR Unique ID,ENERGY STAR Partner,Brand Name,Model Name,Model Number,Additional Model Information,UPC,Indoor/Outdoor,Product Type,Blade Span (Diameter) (in.),Ceiling Fan Efficiency (CFM/W),Fan Power Consumption-Low Speed (W),Fan Power Consumption-High Speed (W),Fan Power Consumption-Standby (W),Ceiling Fan Features,Ceiling Fan Components Warranty (Years),Shipped with ENERGY STAR Lamp(s),ENERGY STAR Lamp Partner,Total Light Output (lumens),Total Lighting Input Power (Watts),Power Factor of Light Kit,Light Color Appearance (CCT),Light Color Quality (CRI),Light Source Rated Life (Hours),Light Kit Dimmability,Connected Functionality,Connects Using,Date Available on Market,Date Certified,Markets,CB Model Identifier,Meets ENERGY STAR Most Efficient 2025 Criteria
2386171,Aeratron Pty Ltd,Aeratron,Ceiling Fan,AE+2WI43***,",,Each * to represent a letter or blank.",850021862015;850021862022;850021862039;850021862046;850021862053;850021862060,Indoor Ceiling Fan,Standard Fan Only,43,338.0,2.6,10.5,0.5,,3.0,0,,,,,,,,1,0,,2022-01-01,2021-10-15,"United States, Canada",ES_1122596_AE+2WI43***_100420210342964_9719599,1
2385543,Aeratron Pty Ltd,Aeratron,Ceiling Fan,AE+2WI43L***,",,Each * to represent a letter or blank.",850021862015;850021862022;850021862039;850021862046;850021862053;850021862060,Indoor Ceiling Fan,Standard Fan with Light Kit,43,338.0,2.6,10.5,0.5,,3.0,0,"Shenzhen MTC Lighting Co., Ltd.",900.0,13.0,0.94,,92.0,54000.0,1,0,,2022-01-01,2021-10-08,"United States, Canada",ES_1122596_AE+2WI43L***_100320212129901_3011261,1
2386170,Aeratron Pty Ltd,Aeratron,Ceiling Fan,AE+2WI50***,",,Each * to represent a letter or blank.",850021862077;850021862084;850021862091;850021862107;850021862114;850021862121,Indoor Ceiling Fan,Standard Fan Only,50,377.0,2.7,14.0,0.5,,3.0,0,,,,,,,,1,0,,2022-01-01,2021-10-15,"United States, Canada",ES_1122596_AE+2WI50***_100420210346105_2817234,1
2385542,Aeratron Pty Ltd,Aeratron,Ceiling Fan,AE+2WI50L***,",,Each * to represent a letter or blank.",850021862077;850021862084;850021862091;850021862107;850021862114;850021862121,Indoor Ceiling Fan,Standard Fan with Light Kit,50,377.0,2.7,14.0,0.5,,3.0,0,"Shenzhen MTC Lighting Co., Ltd.",900.0,13.0,0.94,,92.0,54000.0,1,0,,2022-01-01,2021-10-08,"United States, Canada",ES_1122596_AE+2WI50L***_100420210330214_5893703,1
2386169,Aeratron Pty Ltd,Aeratron,Ceiling Fan,AE+2WI60***,",,Each * to represent a letter or blank.",850021862138;850021862145;850021862152;850021862169;850021862176;850021862183,Indoor Ceiling Fan,Standard Fan Only,60,483.0,2.9,16.2,0.5,,3.0,0,,,,,,,,1,0,,2022-01-01,2021-10-15,"United States, Canada",ES_1122596_AE+2WI60***_100420210346643_5493174,1
2385541,Aeratron Pty Ltd,Aeratron,Ceiling Fan,AE+2WI60L***,",,Each * to represent a letter or blank.",850021862138;850021862145;850021862152;850021862169;850021862176;850021862183,Indoor Ceiling Fan,Standard Fan with Light Kit,60,483.0,2.9,16.2,0.5,,3.0,0,"Shenzhen MTC Lighting Co., Ltd.",900.0,13.0,0.94,,92.0,54000.0,1,0,,2022-01-01,2021-10-08,"United States, Canada",ES_1122596_AE+2WI60L***_10042021033087_5159747,1
2386240,Aeratron Pty Ltd,Aeratron,Ceiling Fan,AE+3WI43***,",,Each * to represent a letter or blank.",850021862190;850021862206;850021862213;850021862220;850021862237;850021862244,Indoor Ceiling Fan,Standard Fan Only,43,314.0,2.7,13.5,0.5,,3.0,0,,,,,,,,1,0,,2022-01-01,2021-10-05,"United States, Canada",ES_1122596_AE+3WI43***_100420210607911_3734263,1
2386231,Aeratron Pty Ltd,Aeratron,Ceiling Fan,AE+3WI43L***,",,Each * to represent a letter or blank.",850021862190;850021862206;850021862213;850021862220;850021862237;850021862244,Indoor Ceiling Fan,Standard Fan with Light Kit,43,314.0,2.7,13.5,0.5,,3.0,0,"Shenzhen MTC Lighting Co., Ltd.",900.0,13.0,0.94,,92.0,54000.0,1,0,,2022-01-01,2021-10-05,"United States, Canada",ES_1122596_AE+3WI43L***_100420210015936_2212891,1
2386241,Aeratron Pty Ltd,Aeratron,Ceiling Fan,AE+3WI50***,",,Each * to represent a letter or blank.",850021862251;850021862268;850021862275;850021862282;850021862299;850021862305,Indoor Ceiling Fan,Standard Fan Only,50,331.0,2.8,19.3,0.5,,3.0,0,,,,,,,,1,0,,2022-01-01,2021-10-05,"United States, Canada",ES_1122596_AE+3WI50***_100420210607864_7515674,1
2386233,Aeratron Pty Ltd,Aeratron,Ceiling Fan,AE+3WI50L***,",,Each * to represent a letter or blank.",850021862251;850021862268;850021862275;850021862282;850021862299;850021862305,Indoor Ceiling Fan,Standard Fan with Light Kit,50,331.0,2.8,19.3,0.5,,3.0,0,"Shenzhen MTC Lighting Co., Ltd.",900.0,13.0,0.94,,92.0,54000.0,1,0,,2022-01-01,2021-10-05,"United States, Canada",ES_1122596_AE+3WI50L***_100420210024710_4367683,1
2386242,Aeratron Pty Ltd,Aeratron,Ceiling Fan,AE+3WI60***,",,Each * to represent a letter or blank.",850021862312;850021862329;850021862336;850021862343;850021862350;850021862367,Indoor Ceiling Fan,Standard Fan Only,60,392.0,3.0,22.2,0.5,,3.0,0,,,,,,,,1,0,,2022-01-01,2021-10-05,"United States, Canada",ES_1122596_AE+3WI60***_100420210607250_8456410,1
2386232,Aeratron Pty Ltd,Aeratron,Ceiling Fan,AE+3WI60L***,",,Each * to represent a letter or blank.",850021862312;850021862329;850021862336;850021862343;850021862350;850021862367,Indoor Ceiling Fan,Standard Fan with Light Kit,60,392.0,3.0,22.2,0.5,,3.0,0,"Shenzhen MTC Lighting Co., Ltd.",900.0,13.0,0.94,,92.0,54000.0,1,0,,2022-01-01,2021-10-05,"United States, Canada",ES_1122596_AE+3WI60L***_100420210024790_8900104,1
2386497,Aeratron Pty Ltd,Aeratron,Ceiling Fan,FR3WI43***,",,Each * to represent a letter or blank.",850021862374;850021862381;850021862398;850021862404;850021862411;850021862428,Indoor Ceiling Fan,Standard Fan Only,43,272.0,2.7,11.5,0.5,,3.0,0,,,,,,,,1,0,,2022-01-01,2021-10-18,"United States, Canada",ES_1122596_FR3WI43***_100420210754903_4411515,1
2386495,Aeratron Pty Ltd,Aeratron,Ceiling Fan,FR3WI43L***,",,Each * to represent a letter or blank.",850021862374;850021862381;850021862398;850021862404;850021862411;850021862428,Indoor Ceiling Fan,Standard Fan with Light Kit,43,272.0,2.7,11.5,0.5,,3.0,0,"Shenzhen MTC Lighting Co., Ltd.",900.0,13.0,0.94,,92.0,54000.0,1,0,,2022-01-01,2021-10-18,"United States, Canada",ES_1122596_FR3WI43L_100420210201944_8468278,1
2386498,Aeratron Pty Ltd,Aeratron,Ceiling Fan,FR3WI50***,",,Each * to represent a letter or blank.",850021862435;850021862442;850021862459;850021862466;850021862473;850021862480,Indoor Ceiling Fan,Standard Fan Only,50,245.0,2.9,21.8,0.5,,3.0,0,,,,,,,,1,0,,2022-01-01,2021-10-18,"United States, Canada",ES_1122596_FR3WI50***_100420210754464_6690559,0
2386494,Aeratron Pty Ltd,Aeratron,Ceiling Fan,FR3WI50L***,",,Each * to represent a letter or blank.",850021862435;850021862442;850021862459;850021862466;850021862473;850021862480,Indoor Ceiling Fan,Standard Fan with Light Kit,50,245.0,2.9,21.8,0.5,,3.0,0,"Shenzhen MTC Lighting Co., Ltd.",900.0,13.0,0.94,,92.0,54000.0,1,0,,2022-01-01,2021-10-18,"United States, Canada",ES_1122596_FR3WI50L_100420210201519_2159993,0
2386496,Aeratron Pty Ltd,Aeratron,Ceiling Fan,FR3WI60***,",,Each * to represent a letter or blank.",850021862497;850021862503;850021862510;850021862527;850021862534;850021862541,Indoor Ceiling Fan,Standard Fan Only,60,340.0,2.8,18.6,0.5,,3.0,0,,,,,,,,1,0,,2022-01-01,2021-10-18,"United States, Canada",ES_1122596_FR3WI60***_100420210754916_6049121,1
2400287,Carro USA Inc.,Carro,CES525BL,CES525BL,,,Indoor Ceiling Fan,Standard Fan with Light Kit,52,150.8,2.7,25.5,1.7,,,0,Edison Opto Corporation,2340.0,24.0,0.9,,93.0,50000.0,1,0,,2022-03-01,2022-08-18,United States,ES_1145460_CES525BL_03192022165119_1238652,0
2400178,Carro USA Inc.,Carro,CES525JL,CES525JL,,,Indoor Ceiling Fan,Standard Fan with Light Kit,52,159.1,2.9,27.2,1.8,,,0,Edison Opto Corporation,2340.0,24.0,0.9,,93.0,50000.0,1,0,,2022-03-01,2022-08-15,United States,ES_1145460_CES525JL_06292022145015_1286545,0
2400301,Carro USA Inc.,Carro,CES563BL,CES563BL,,,Indoor Ceiling Fan,Standard Fan with Light Kit,56,136.8,3.0,45.1,1.7,,,0,Edison Opto Corporation,2340.0,24.0,0.9,,93.0,50000.0,1,0,,2022-03-01,2022-08-18,United States,ES_1145460_CES563BL_08012022153750_4268586,0
2370886,Carro USA Inc.,Carro,CES-563FL,CES-563FL,,,Indoor Ceiling Fan,Standard Fan with Light Kit,56,190.4,2.5,32.3,1.7,,,0,Edison Opto Corporation,3360.0,40.0,0.96,,93.0,50000.0,1,0,,2020-11-01,2020-12-14,United States,ES_1145460_CES-563FL_11132020105535_459234,0
2400292,Carro USA Inc.,Carro,CES565B3L,CES565B3L,",CES565B6L,",,Indoor Ceiling Fan,Standard Fan with Light Kit,56,171.7,3.7,25.7,1.9,,,0,Edison Opto Corporation,2340.0,24.0,0.9,,93.0,50000.0,1,0,,2022-03-01,2022-08-18,United States,ES_1145460_CES565B3L_08012022152411_3293819,0
2371597,Carro USA Inc.,Carro,CES-603FL,CES-603FL,,,Indoor Ceiling Fan,Standard Fan with Light Kit,60,212.7,2.6,28.0,1.7,,,0,Edison Opto Corporation,3360.0,40.0,0.96,,93.0,50000.0,1,0,,2020-11-01,2021-01-04,United States,ES_1145460_CES-603FL_11162020111343_9875643,0
3994446,Carro USA Inc.,Carro,CFR523Q5L,CFR523Q5L,",CES523Q5L,; ,CES523Q5L-FM,; ,CES523Q5L-FMA,; ,CES523Q5N,; ,CES523Q5N-FM,; ,CES523Q5N-FMA,; ,CFP523Q5L,; ,CFP523Q5L-FM,; ,CFP523Q5L-FMA,; ,CFP523Q5N,; ,CFP523Q5N-FM,; ,CFP523Q5N-FMA,; ,CFR523Q5L-FM,; ,CFR523Q5L-FMA,; ,CFR523Q5N,; ,CFR523Q5N-FM,; ,CFR523Q5N-FMA,; ,CFW523Q5L,; ,CFW523Q5L-FM,; ,CFW523Q5L-FMA,; ,CFW523Q5N,; ,CFW523Q5N-FM,; ,CFW523Q5N-FMA,; ,CPW523Q5L,; ,CPW523Q5L-FM,; ,CPW523Q5L-FMA,; ,CPW523Q5N,; ,CPW523Q5N-FM,; ,CPW523Q5N-FMA,; ,CRP523Q5L,; ,CRP523Q5L-FM,; ,CRP523Q5L-FMA,; ,CRP523Q5N,; ,CRP523Q5N-FM,; ,CRP523Q5N-FMA,; ,CRW523Q5L,; ,CRW523Q5L-FM,; ,CRW523Q5L-FMA,; ,CRW523Q5N,; ,CRW523Q5N-FM,; ,CRW523Q5N-FMA,; ,P523Q5L,; ,P523Q5L-FM,; ,P523Q5L-FMA,; ,P523Q5N,; ,P523Q5N-FM,; ,P523Q5N-FMA,; ,PR523Q5L,; ,PR523Q5L-FM,; ,PR523Q5L-FMA,; ,PR523Q5N,; ,PR523Q5N-FM,; ,PR523Q5N-FMA,; ,PRW523Q5L,; ,PRW523Q5L-FM,; ,PRW523Q5L-FMA,; ,PRW523Q5N,; ,PRW523Q5N-FM,; ,PRW523Q5N-FMA,; ,PW523Q5L,; ,PW523Q5L-FM,; ,PW523Q5L-FMA,; ,PW523Q5N,; ,PW523Q5N-FM,; ,PW523Q5N-FMA,; ,R523Q5L,; ,R523Q5L-FM,; ,R523Q5L-FMA,; ,R523Q5N,; ,R523Q5N-FM,; ,R523Q5N-FMA,; ,RPW523Q5L,; ,RPW523Q5L-FM,; ,RPW523Q5L-FMA,; ,RPW523Q5N,; ,RPW523Q5N-FM,; ,RPW523Q5N-FMA,; ,SFP523Q5L,; ,SFP523Q5L-FM,; ,SFP523Q5L-FMA,; ,SFP523Q5N,; ,SFP523Q5N-FM,; ,SFP523Q5N-FMA,; ,SFR523Q5L,; ,SFR523Q5L-FM,; ,SFR523Q5L-FMA,; ,SFR523Q5N,; ,SFR523Q5N-FM,; ,SFR523Q5N-FMA,; ,SFW523Q5L,; ,SFW523Q5L-FM,; ,SFW523Q5L-FMA,; ,SFW523Q5N,; ,SFW523Q5N-FM,; ,SFW523Q5N-FMA,; ,SPR523Q5L,; ,SPR523Q5L-FM,; ,SPR523Q5L-FMA,; ,SPR523Q5N,; ,SPR523Q5N-FM,; ,SPR523Q5N-FMA,; ,SR523Q5L,; ,SR523Q5L-FM,; ,SR523Q5L-FMA,; ,SR523Q5N,; ,SR523Q5N-FM,; ,SR523Q5N-FMA,; ,SW523Q5L,; ,SW523Q5L-FM,; ,SW523Q5L-FMA,; ,SW523Q5N,; ,SW523Q5N-FM,; ,SW523Q5N-FMA,; ,SWR523Q5L,; ,SWR523Q5L-FM,; ,SWR523Q5L-FMA,; ,SWR523Q5N,; ,SWR523Q5N-FM,; ,SWR523Q5N-FMA,; ,W523Q5L,; ,W523Q5L-FM,; ,W523Q5L-FMA,; ,W523Q5N,; ,W523Q5N-FM,; ,W523Q5N-FMA,; ,WR523Q5L,; ,WR523Q5L-FM,; ,WR523Q5L-FMA,; ,WR523Q5N,; ,WR523Q5N-FM,; ,WR523Q5N-FMA,",,Indoor Ceiling Fan,Standard Fan with Light Kit,52,241.7,2.3,20.6,0.4,,,0,,,,,,,,1,0,,2024-08-01,2025-02-13,United States,ES_1145460_CFR523Q5L_12302024114752_83923,0
3994444,Carro USA Inc.,Carro,CFR524E5L,CFR524E5L,",CES524E5L,; ,CES524E5L-FM,; ,CES524E5L-FMA,; ,CES524E5N,; ,CES524E5N-FM,; ,CES524E5N-FMA,; ,CFP524E5L,; ,CFP524E5L-FM,; ,CFP524E5L-FMA,; ,CFP524E5N,; ,CFP524E5N-FM,; ,CFP524E5N-FMA,; ,CFR524E5L-FM,; ,CFR524E5L-FMA,; ,CFR524E5N,; ,CFR524E5N-FM,; ,CFR524E5N-FMA,; ,CFW524E5L,; ,CFW524E5L-FM,; ,CFW524E5L-FMA,; ,CFW524E5N,; ,CFW524E5N-FM,; ,CFW524E5N-FMA,; ,CPW524E5L,; ,CPW524E5L-FM,; ,CPW524E5L-FMA,; ,CPW524E5N,; ,CPW524E5N-FM,; ,CPW524E5N-FMA,; ,CRP524E5L,; ,CRP524E5L-FM,; ,CRP524E5L-FMA,; ,CRP524E5N,; ,CRP524E5N-FM,; ,CRP524E5N-FMA,; ,CRW524E5L,; ,CRW524E5L-FM,; ,CRW524E5L-FMA,; ,CRW524E5N,; ,CRW524E5N-FM,; ,CRW524E5N-FMA,; ,P524E5L,; ,P524E5L-FM,; ,P524E5L-FMA,; ,P524E5N,; ,P524E5N-FM,; ,P524E5N-FMA,; ,PR524E5L,; ,PR524E5L-FM,; ,PR524E5L-FMA,; ,PR524E5N,; ,PR524E5N-FM,; ,PR524E5N-FMA,; ,PRW524E5L,; ,PRW524E5L-FM,; ,PRW524E5L-FMA,; ,PRW524E5N,; ,PRW524E5N-FM,; ,PRW524E5N-FMA,; ,PW524E5L,; ,PW524E5L-FM,; ,PW524E5L-FMA,; ,PW524E5N,; ,PW524E5N-FM,; ,PW524E5N-FMA,; ,R524E5L,; ,R524E5L-FM,; ,R524E5L-FMA,; ,R524E5N,; ,R524E5N-FM,; ,R524E5N-FMA,; ,RPW524E5L,; ,RPW524E5L-FM,; ,RPW524E5L-FMA,; ,RPW524E5N,; ,RPW524E5N-FM,; ,RPW524E5N-FMA,; ,SFP524E5L,; ,SFP524E5L-FM,; ,SFP524E5L-FMA,; ,SFP524E5N,; ,SFP524E5N-FM,; ,SFP524E5N-FMA,; ,SFR524E5L,; ,SFR524E5L-FM,; ,SFR524E5L-FMA,; ,SFR524E5N,; ,SFR524E5N-FM,; ,SFR524E5N-FMA,; ,SFW524E5L,; ,SFW524E5L-FM,; ,SFW524E5L-FMA,; ,SFW524E5N,; ,SFW524E5N-FM,; ,SFW524E5N-FMA,; ,SPR524E5L,; ,SPR524E5L-FM,; ,SPR524E5L-FMA,; ,SPR524E5N,; ,SPR524E5N-FM,; ,SPR524E5N-FMA,; ,SR524E5L,; ,SR524E5L-FM,; ,SR524E5L-FMA,; ,SR524E5N,; ,SR524E5N-FM,; ,SR524E5N-FMA,; ,SW524E5L,; ,SW524E5L-FM,; ,SW524E5L-FMA,; ,SW524E5N,; ,SW524E5N-FM,; ,SW524E5N-FMA,; ,SWR524E5L,; ,SWR524E5L-FM,; ,SWR524E5L-FMA,; ,SWR524E5N,; ,SWR524E5N-FM,; ,SWR524E5N-FMA,; ,W524E5L,; ,W524E5L-FM,; ,W524E5L-FMA,; ,W524E5N,; ,W524E5N-FM,; ,W524E5N-FMA,; ,WR524E5L,; ,WR524E5L-FM,; ,WR524E5L-FMA,; ,WR524E5N,; ,WR524E5N-FM,; ,WR524E5N-FMA,",,Indoor Ceiling Fan,Standard Fan with Light Kit,52,242.4,1.5,22.7,0.0,,,0,,,,,,,,1,0,,2024-08-01,2025-02-13,United States,ES_1145460_CFR524E5L_12302024144349_8298312,0
2386493,Aeratron Pty Ltd,Aeratron,Ceiling Fan,FR3WI60L***,",,Each * to represent a letter or blank.",850021862497;850021862503;850021862510;850021862527;850021862534;850021862541,Indoor Ceiling Fan,Standard Fan with Light Kit,60,340.0,2.8,18.6,0.5,,3.0,0,"Shenzhen MTC Lighting Co., Ltd.",900.0,13.0,0.94,,92.0,54000.0,1,0,,2022-01-01,2021-10-18,"United States, Canada",ES_1122596_FR3WI60L_100420210202982_2071885,1
3701827,Artika for Living Inc.,Artika,23FAN-DAR-W2BL,23FAN-DAR-W2BL,",23FAN-DAR-******,",,Indoor Ceiling Fan,Hugger Fan with Light Kit,19,69.0,4.8,27.7,0.8,,,0,,,,,,,,1,0,,2024-09-01,2024-10-09,"United States, Canada",ES_1130831_23FAN-DAR-W2BL_09262024181748_7418023,0
4510373,Artika for Living Inc.,Artika,28FAN-SUVR-C2BN,28FAN-SUVR-C2BN,",28FAN-SUVR-********,; ,28FAN-SUVR-BL,; ,28FAN-SUVR-BLC,; ,28FAN-SUVR-C2BNC,",,Indoor Ceiling Fan,Standard Fan with Light Kit,25,91.0,5.0,23.9,0.4,,5.0,0,,,,,,,,1,0,,2025-09-01,2025-09-26,"United States, Canada",ES_1130831_28FAN-SUVR-C2BN_09222025163952_5924035,0
3942783,Artika for Living Inc.,Artika,52FAN-ELRHD1BL,52FAN-ELRHD1BL,",52FAN-ELR-******,; ,52FAN-ELR-HD1WH,",,Indoor Ceiling Fan,Standard Fan with Light Kit,52,271.7,4.0,18.0,0.6,,3.0,0,,,,,,,,1,0,,2025-01-01,2025-01-16,"United States, Canada",ES_1130831_52FAN-ELRHD1BL_01062025184838_5512201,0
3629546,Artika for Living Inc.,Artika,FAN-AUR-C2BL,FAN-AUR-C2BL,",FAN-AUR-******,",,Indoor Ceiling Fan,Standard Fan with Light Kit,19,69.3,4.0,29.0,0.7,,,0,,,,,,,,1,0,,2024-09-01,2024-09-23,"United States, Canada",ES_1130831_FAN-AUR-C2BL_09142024112250_8425561,0
2373061,Artika for Living Inc.,Artika,FAN-SUR-SL,FAN-SUR-SL,",FAN-AIR-******,; ,FAN-AIR-DHD2BL,; ,FAN-AIR-HD2BL,; ,FAN-ALR-*****,; ,FAN-ALR-DHD2BL,; ,FAN-ALR-HD2BL,; ,FAN-HOC-******,; ,FAN-HOC-BN,; ,FAN-HUC-******,; ,FAN-HUC-BN,; ,FAN-KAR-******,; ,FAN-KAR-DHD2BL,; ,FAN-KAR-HD2BL,; ,FAN-SUR-******,",,Indoor Ceiling Fan,Standard Fan with Light Kit,19,60.1,4.6,30.5,1.3,,,0,,,,,,,,1,0,,2021-03-08,2024-02-01,"United States, Canada",ES_1130831_FAN-SUR-SL_01272021155451_5107995,0
2687115,"Artisan Industrial Co., Ltd.",Noma Iq,152-2699-4,152-2699-4,,4714127360553,Indoor Ceiling Fan,Standard Fan with Light Kit,52,153.2,2.7,36.0,1.0,,,0,,,,,,,,1,0,,2023-10-01,2023-10-30,"United States, Canada",ES_1117080_152-2699-4_10262023181238_3038751,0
2732013,"Bel Air Lighting, Trans Globe Lighting",Trans Globe,ES-F-1034 BN,ES-F-1034 BN,",ES-F-1034 BK,",736916734844;736916736671,Indoor Ceiling Fan,Standard Fan with Light Kit,52,227.3,3.9,23.3,0.9,,,0,,,,,,,,1,0,,2023-12-01,2023-11-01,United States,ES_1047435_ES-F-1034 BN_10312023132201_8269922,0
3436431,"Bel Air Lighting, Trans Globe Lighting",Trans Globe,F-1034-ES NLKBN,F-1034-ES NLKBN,",F-1034-ES NLKBK,",736916733991;736916742764,Indoor Ceiling Fan,Standard Fan Only,52,231.7,3.8,22.9,0.8,,,0,,,,,,,,1,0,,2024-05-01,2024-04-16,United States,ES_1047435_F-1034-ES NLKBN_04112024093710_7494928,0
3360663,"Bel Air Lighting, Trans Globe Lighting",Trans Globe Lighting,Ceiling Fans,F-1020-ES **,",,(Model with suffix *, where * may be blank or alphanumeric character)",,Indoor Ceiling Fan,Standard Fan Only,52,111.3,12.5,50.8,0.0,,3.0,0,,,,,,,,1,0,,2024-01-08,2024-01-08,United States,ES_1047435_F-1020-ES **_010820240934678_7623551,0
3360659,"Bel Air Lighting, Trans Globe Lighting",Trans Globe Lighting,Ceiling Fans,F-1023-ES **,",,(Model with suffix *, where * may be blank or alphanumeric character)",,Indoor Ceiling Fan,Standard Fan Only,52,113.3,12.4,51.3,0.0,,3.0,0,,,,,,,,1,0,,2024-01-08,2024-01-08,United States,ES_1047435_F-1023-ES **_010820240555211_6502292,0
3360661,"Bel Air Lighting, Trans Globe Lighting",Trans Globe Lighting,Ceiling Fans,F-1024-ES **,",,(Model with suffix *, where * may be blank or alphanumeric character)",,Indoor Ceiling Fan,Standard Fan Only,52,113.5,12.4,50.2,0.0,,3.0,0,,,,,,,,1,0,,2024-01-08,2024-01-08,United States,ES_1047435_F-1024-ES **_01082024063121_1822913,0
4481391,Big Ass Fans,Big Ass Fans,Bison,BS1-60,,840325224794;840325224800;840325224916;840325224923,Indoor Ceiling Fan,Standard Fan Only,60,214.0,5.0,23.6,0.0,,3.0,0,,,,,,,,1,1,,2025-08-04,2025-08-18,United States,ES_1113298_BS1-60_08082025123609_9864465,0
4481147,Big Ass Fans,Big Ass Fans,Bison,BS1-72,,840325224817;840325224824;840325224930;840325224947,Indoor Ceiling Fan,Standard Fan Only,72,257.0,5.5,39.6,0.0,,3.0,0,,,,,,,,1,1,,2025-08-04,2025-08-08,United States,ES_1113298_BS1-72_08082025131737_8450433,0
4481460,Big Ass Fans,Big Ass Fans,Bison,BS1-84,,840325224831;840325224848;840325224954;840325224961,Indoor Ceiling Fan,Standard Fan Only,84,306.0,6.0,45.7,0.0,,3.0,0,,,,,,,,1,1,,2025-08-04,2025-08-20,United States,ES_1113298_BS1-84_08082025134322_8579522,0
3722038,Big Ass Fans,Big Ass Fans,Haiku Coastal,MK-HKC1-052506,,840325216294;840325216300;840325216317;840325216676;840325216683,Outdoor Ceiling Fan,Low-Mount HSSD Fan Only,60,260.0,,35.7,2.8,,3.0,0,,,,,,,,1,0,,2024-10-07,2024-10-30,United States,ES_1113298_MK-HKC1-052506_06142024091826_1525842,0
3814689,Big Ass Fans,Big Ass Fans,Haiku L,FR112C-U1H,,810013337419,Indoor Ceiling Fan,Low-Mount HSSD Fan Only,44,242.0,,19.5,2.0,Occupancy sensor,5.0,0,,,,,,,,1,1,,2024-11-01,2024-11-22,United States,ES_1113298_FR112C-U1H_11192024135347_3702203,0
3892121,Big Ass Fans,Big Ass Fans,Haiku L,FR127C-U1H,,,Indoor Ceiling Fan,Low-Mount HSSD Fan Only,52,269.0,,33.5,0.0,Occupancy sensor,3.0,0,,,,,,,,1,1,,2024-11-01,2024-12-18,United States,ES_1113298_FR127C-U1H_12182024082835_1222955,0
3815193,Big Ass Fans,Big Ass Fans,I6,MK-i61-051800,,810013333022,Indoor Ceiling Fan,Standard Fan Only,60,268.0,3.1,23.3,2.0,Occupancy sensor,5.0,0,,,,,,,,1,1,,2024-11-01,2024-11-27,United States,ES_1113298_MK-i61-051806_11192024100301_3982716,0
3813036,Big Ass Fans,Big Ass Fans,I6,MK-i61-051806,,840325211763,Indoor Ceiling Fan,Low-Mount HSSD Fan Only,60,285.0,,37.6,2.0,Occupancy sensor,3.0,0,,,,,,,,1,1,,2024-11-01,2024-11-21,United States,ES_1113298_MK-i61-051806_11192024100301_1408197,0
3815194,Big Ass Fans,Big Ass Fans,I6,MK-i61-051900,,810013332933,Indoor Ceiling Fan,Standard Fan Only,60,263.0,3.2,24.1,2.0,Occupancy sensor,5.0,0,,,,,,,,1,1,,2024-11-01,2024-11-27,United States,ES_1113298_MK-i61-051806_11192024100301_0199938,0
3815195,Big Ass Fans,Big Ass Fans,I6,MK-i61-051906,,810013332933,Indoor Ceiling Fan,Low-Mount HSSD Fan Only,60,278.0,,36.5,2.0,Occupancy sensor,3.0,0,,,,,,,,1,1,,2024-11-01,2024-11-27,United States,ES_1113298_MK-i61-051906_11192024125302_9203877,0
3814687,Big Ass Fans,Big Ass Fans,I6,MK-i61-061806,,840325211879,Indoor Ceiling Fan,Low-Mount HSSD Fan Only,72,325.0,,41.5,2.0,Occupancy sensor,5.0,0,,,,,,,,1,1,,2024-11-01,2024-12-17,United States,ES_1113298_MK-i61-051906_11192024125302_2517816,0
3815196,Big Ass Fans,Big Ass Fans,I6,MK-i61-061906,,810013332940,Indoor Ceiling Fan,Low-Mount HSSD Fan Only,72,334.0,,40.2,2.0,Occupancy sensor,3.0,0,,,,,,,,1,1,,2024-11-01,2024-11-27,United States,ES_1113298_MK-i61-051906_11192024125302_0297822,0
3814688,Big Ass Fans,Big Ass Fans,I6,MK-i61-071806,,810013338874,Indoor Ceiling Fan,Low-Mount HSSD Fan Only,84,418.0,,39.8,2.0,Occupancy sensor,5.0,0,,,,,,,,1,1,,2024-11-01,2024-11-22,United States,ES_1113298_MK-i61-071806_11192024132621_6082879,1
3815197,Big Ass Fans,Big Ass Fans,I6,MK-i61-071906,,840325209265,Indoor Ceiling Fan,Low-Mount HSSD Fan Only,84,412.0,,40.1,2.0,Occupancy sensor,3.0,0,,,,,,,,1,1,,2024-11-01,2024-11-27,United States,ES_1113298_MK-i61-071806_11192024132621_9282156,1
3892603,Big Ass Fans,Big Ass Fans,Mammoth,MM1-60,,840325218762;840325218779,Indoor Ceiling Fan,Low-Mount HSSD Fan Only,60,214.0,,23.5,0.0,,3.0,0,,,,,,,,1,1,,2025-01-14,2025-01-08,United States,ES_1113298_MM1-60_01022025095206_6233941,0
3892608,Big Ass Fans,Big Ass Fans,Mammoth,MM1-72,,840325218786;840325218793,Indoor Ceiling Fan,Low-Mount HSSD Fan Only,72,257.0,,38.9,0.0,,3.0,0,,,,,,,,1,1,,2025-01-14,2025-01-08,United States,ES_1113298_MM1-72_01022025095456_8616297,0
3892609,Big Ass Fans,Big Ass Fans,Mammoth,MM1-84,,840325218809;840325218816,Indoor Ceiling Fan,Low-Mount HSSD Fan Only,84,292.0,,44.5,0.0,,3.0,0,,,,,,,,1,1,,2025-01-14,2025-01-08,United States,ES_1113298_MM1-84_01022025095739_5339761,0
2409740,Big Ass Fans,Big Ass Fans,MK-HK4-042400,MK-HK4-042400,,840325200064,Indoor Ceiling Fan,Low-Mount HSSD Fan Only,52,302.0,,14.7,2.6,Occupancy sensor,5.0,0,,,,,,,,1,1,,2022-09-01,2023-03-07,United States,ES_1113298_MK-HK4-042400_02082023152320_9774743,1
2409018,Big Ass Fans,Big Ass Fans,MK-HK4-04240001,MK-HK4-04240001,,840325200200,Indoor Ceiling Fan,Low-Mount HSSD Fan Only,52,264.0,,19.5,2.5,Occupancy sensor,5.0,0,,,,,,,,1,1,,2022-09-01,2023-02-28,United States,ES_1113298_MK-HK4-04240001_02082023124030_3595544,0
2409646,Big Ass Fans,Big Ass Fans,MK-HK4-042406,MK-HK4-042406,,840325202464,Indoor Ceiling Fan,Low-Mount HSSD Fan Only,52,278.0,,18.8,3.4,Occupancy sensor,5.0,0,,,,,,,,1,1,,2022-09-01,2023-03-02,United States,ES_1113298_MK-HK4-042406_02082023150928_2437860,1
2409741,Big Ass Fans,Big Ass Fans,MK-HK4-04240601,MK-HK4-04240601,,840325201368,Indoor Ceiling Fan,Low-Mount HSSD Fan Only,52,247.0,,28.9,3.4,Occupancy sensor,3.0,0,,,,,,,,1,1,,2022-09-01,2023-03-07,United States,ES_1113298_MK-HK4-04240601_02282023124458_3403589,0
2421011,Big Ass Fans,Big Ass Fans,MK-HK4-042500,MK-HK4-042500,,84032500767,Indoor Ceiling Fan,Low-Mount HSSD Fan Only,52,297.0,,15.1,2.4,Occupancy sensor,3.0,0,,,,,,,,1,1,,2022-09-01,2022-12-21,United States,ES_1113298_MK-HK4-042500_02082023122523_369226,1
2409040,Big Ass Fans,Big Ass Fans,MK-HK4-042506,MK-HK4-042506,,840325206400,Indoor Ceiling Fan,Low-Mount HSSD Fan Only,52,266.0,,20.1,3.1,Occupancy sensor,3.0,0,,,,,,,,1,1,,2022-09-01,2023-02-28,United States,ES_1113298_MK-HK4-042506_02082023121712_929529,0
2409583,Big Ass Fans,Big Ass Fans,MK-HK4-052400,MK-HK4-052400,,840325200347,Indoor Ceiling Fan,Low-Mount HSSD Fan Only,60,328.0,,17.8,2.5,Occupancy sensor,5.0,0,,,,,,,,1,1,,2022-09-01,2023-03-01,United States,ES_1113298_MK-HK4-052400_02082023150406_9041864,1
2410037,Big Ass Fans,Big Ass Fans,MK-HK4-05240001,MK-HK4-05240001,,840325200484,Indoor Ceiling Fan,Low-Mount HSSD Fan Only,60,339.0,,16.2,2.5,Occupancy sensor,5.0,0,,,,,,,,1,1,,2022-09-01,2023-03-08,United States,ES_1113298_MK-HK4-05240001_02082023152435_9746057,1
2409581,Big Ass Fans,Big Ass Fans,MK-HK4-052406,MK-HK4-052406,,840325204147,Indoor Ceiling Fan,Low-Mount HSSD Fan Only,60,282.0,,24.5,3.2,Occupancy sensor,5.0,0,,,,,,,,1,1,,2022-09-01,2023-03-01,United States,ES_1113298_MK-HK4-052406_02082023150244_6001397,0
2409647,Big Ass Fans,Big Ass Fans,MK-HK4-05240601,MK-HK4-05240601,,840325203782,Indoor Ceiling Fan,Low-Mount HSSD Fan Only,60,296.0,,25.1,3.1,Occupancy sensor,5.0,0,,,,,,,,1,1,,2022-09-01,2023-03-02,United States,ES_1113298_MK-HK4-05240601_02082023151231_3153802,0
2410038,Big Ass Fans,Big Ass Fans,MK-HK4-052500,MK-HK4-052500,,840325200989,Indoor Ceiling Fan,Low-Mount HSSD Fan Only,60,332.0,,15.9,2.6,Occupancy sensor,3.0,0,,,,,,,,1,1,,2022-09-01,2023-03-08,United States,ES_1113298_MK-HK4-052500_02082023152637_443231,1
2409648,Big Ass Fans,Big Ass Fans,MK-HK4-052506,MK-HK4-052506,,840325207247,Indoor Ceiling Fan,Low-Mount HSSD Fan Only,60,287.0,,22.4,3.4,Occupancy sensor,3.0,0,,,,,,,,1,1,,2022-09-01,2023-03-02,United States,ES_1113298_MK-HK4-052506_02082023151517_1213952,0
2421003,Big Ass Fans,Big Ass Fans,MK-HK4-071806,MK-HK4-071806,,840325205823,Indoor Ceiling Fan,Low-Mount HSSD Fan Only,84,378.0,,41.9,3.2,Occupancy sensor,3.0,0,,,,,,,,1,1,,2022-09-01,2022-12-28,United States,ES_1113298_MK-HK4-071806_03092023132405_8176843,0
2409592,Big Ass Fans,Big Ass Fans,MK-HK4-07180601,MK-HK4-07180601,,840325205465,Indoor Ceiling Fan,Standard Fan Only,84,360.0,,32.9,3.2,Occupancy sensor,5.0,0,,,,,,,,1,1,,2022-09-01,2023-03-01,United States,ES_1113298_MK-HK4-07180601_02082023150542_3132745,0
2430171,Big Ass Fans,Big Ass Fans,MK-HK4-071906,MK-HK4-071906,,840325208084,Indoor Ceiling Fan,Low-Mount HSSD Fan Only,84,387.0,,42.3,2.7,Occupancy sensor,3.0,0,,,,,,,,1,1,,2022-09-01,2022-12-28,United States,ES_1113298_MK-HK4-071906_03092023141232_7097894,1
3414112,Big Ass Fans,Big Ass Fans,MK-HKC1-042506,MK-HKC1-042506,,840325215662,Outdoor Ceiling Fan,Low-Mount HSSD Fan Only,52,245.0,,26.7,4.2,,3.0,0,,,,,,,,1,1,"Wifi,Bluetooth",2024-02-12,2024-02-08,United States,ES_1113298_MK-HKC1-042506_02012024122754_4189874,0
3417862,Big Ass Fans,Big Ass Fans,MK-SPK1-052406,MK-SPK1-052406,,840325215716;840325215723,Indoor Ceiling Fan,Low-Mount HSSD Fan Only,60,298.0,,16.1,0.0,,5.0,0,,,,,,,,1,1,"Wifi,Bluetooth",2024-05-15,2024-03-11,United States,ES_1113298_MK-SPK1-052406_02282024111429_1444818,0
3626834,Big Ass Fans,Big Ass Fans,Turbo6,MK-TRB1-052306,"Turbo6,MK-TRB1-052306,Applicable Fan Features: Temperature sensor",840325216324;840325216331;840325216348;840325216355;840325216362;840325216379,Indoor Ceiling Fan,Low-Mount HSSD Fan Only,60,260.0,,38.4,2.2,Humidity sensor,3.0,0,,,,,,,,1,0,,2024-07-11,2024-08-30,United States,ES_1113298_MK-TRB1-052306_08292024204834_2022668,0
3627076,Big Ass Fans,Big Ass Fans,Turbo6,MK-TRB1-062306,"Turbo6,MK-TRB1-062306,Applicable Fan Features: Temperature sensor",840325216386;840325216393;840325216409;840325216416;840325216423;840325216430,Indoor Ceiling Fan,Low-Mount HSSD Fan Only,72,305.0,,43.8,2.1,Humidity sensor,3.0,0,,,,,,,,1,0,,2024-07-11,2024-09-06,United States,ES_1113298_MK-TRB1-062306_08302024115441_1916314,0
3629555,Big Ass Fans,Big Ass Fans,Turbo6,MK-TRB1-072306,"Turbo6,MK-TRB1-072306,Applicable Fan Features: Temperature sensor",840325216447;840325216454;840325216461;840325216478;840325216485;840325216492,Indoor Ceiling Fan,Low-Mount HSSD Fan Only,84,359.0,,50.0,2.1,Humidity sensor,3.0,0,,,,,,,,1,0,,2024-07-11,2024-09-23,United States,ES_1113298_MK-TRB1-072306_09092024130404_6890375,0
2668099,Canarm Ltd.,Canarmna,CF52ES2-3,CF52JAC3BK-ES,,,Indoor Ceiling Fan,Standard Fan Only,52,117.0,14.5,47.2,0.0,,5.0,0,,,,,,,,1,0,,2023-09-20,2023-09-20,"United States, Canada",ES_1016040_CF52JAC3BK-ES_09202023000000_9762625,0
2668098,Canarm Ltd.,Canarmna,CF52ES2-3,CF52JAC3BN-ES,,,Indoor Ceiling Fan,Standard Fan Only,52,117.0,14.5,47.2,0.0,,5.0,0,,,,,,,,1,0,,2023-09-20,2023-09-20,"United States, Canada",ES_1016040_CF52JAC3BN-ES_09202023000000_9998242,0
2668100,Canarm Ltd.,Canarmna,CF52ES2-3,CF52XXXYYYZZZ,",,Symbol “X”, “Y”, “Z” each is used to instead of letter A-Z or number 0-9, indicated color,features and appearance variations.",,Indoor Ceiling Fan,Standard Fan Only,52,117.0,14.5,47.2,0.0,,5.0,0,,,,,,,,1,0,,2023-09-20,2023-09-20,"United States, Canada",ES_1016040_CF52XXXYYYZZZ_09202023000000_3484107,0
2668102,Canarm Ltd.,Canarmna,CF52ES2-4,CF52TAT4BKN-ES,,,Indoor Ceiling Fan,Standard Fan Only,52,113.0,15.0,47.2,0.0,,5.0,0,,,,,,,,1,0,,2023-09-20,2023-09-20,"United States, Canada",ES_1016040_CF52TAT4BKN-ES_09202023000000_9374104,0
2668101,Canarm Ltd.,Canarmna,CF52ES2-4,CF52TAT4BN-ES,,,Indoor Ceiling Fan,Standard Fan Only,52,113.0,15.0,47.2,0.0,,5.0,0,,,,,,,,1,0,,2023-09-20,2023-09-20,"United States, Canada",ES_1016040_CF52TAT4BN-ES_09202023000000_0065524,0
2668103,Canarm Ltd.,Canarmna,CF52ES2-4,CF52XXXYYYZZZ,",,Symbol “X”, “Y”, “Z” each is used to instead of letter A-Z or number 0-9, indicated color,features and appearance variations.",,Indoor Ceiling Fan,Standard Fan Only,52,113.0,15.0,47.2,0.0,,5.0,0,,,,,,,,1,0,,2023-09-20,2023-09-20,"United States, Canada",ES_1016040_CF52XXXYYYZZZ_09202023000000_5700158,0
2668105,Canarm Ltd.,Canarmna,CF52ES2-5,CF52ROM5BK-ES,,,Indoor Ceiling Fan,Standard Fan Only,52,114.0,15.7,47.3,0.0,,5.0,0,,,,,,,,1,0,,2023-09-20,2023-09-20,"United States, Canada",ES_1016040_CF52ROM5BK-ES_09202023000000_3477936,0
2668104,Canarm Ltd.,Canarmna,CF52ES2-5,CF52ROM5BN-ES,,,Indoor Ceiling Fan,Standard Fan Only,52,114.0,15.7,47.3,0.0,,5.0,0,,,,,,,,1,0,,2023-09-20,2023-09-20,"United States, Canada",ES_1016040_CF52ROM5BN-ES_09202023000000_6579544,0
2668106,Canarm Ltd.,Canarmna,CF52ES2-5,CF52XXXYYYZZZ,",,Symbol “X”, “Y”, “Z” each is used to instead of letter A-Z or number 0-9, indicated color,features and appearance variations.",,Indoor Ceiling Fan,Standard Fan Only,52,114.0,15.7,47.3,0.0,,5.0,0,,,,,,,,1,0,,2023-09-20,2023-09-20,"United States, Canada",ES_1016040_CF52XXXYYYZZZ_09202023000000_7004260,0
2839460,Carro USA Inc.,Carro,CE523E5N,CE523E5N,",ADC523CN,; ,ADC523E5N,; ,ADC523E5N-FM,; ,ADC523E6N,; ,ADC523E6N-FM,; ,BDC523CN,; ,BDC523E5N,; ,BDC523E5N-FM,; ,BDC523E6N,; ,BDC523E6N-FM,; ,CE523CN,; ,CE523E5N-FM,; ,CE523E6N,; ,CE523E6N-FM,; ,CES523CN,; ,CES523E5N,; ,CES523E5N-FM,; ,CES523E6N,; ,CES523E6N-FM,; ,CFP523CN,; ,CFP523E5N,; ,CFP523E5N-FM,; ,CFP523E6N,; ,CFP523E6N-FM,; ,CFR523CN,; ,CFR523E5N,; ,CFR523E5N-FM,; ,CFR523E6N,; ,CFR523E6N-FM,; ,CFW523CN,; ,CFW523E5N,; ,CFW523E5N-FM,; ,CFW523E6N,; ,CPR523CN,; ,CPR523E5N,; ,CPR523E5N-FM,; ,CPR523E6N,; ,CPR523E6N-FM,; ,CWR523CN,; ,CWR523E5N,; ,CWR523E5N-FM,; ,CWR523E6N,; ,LDC523CN,; ,LDC523E5N,; ,LDC523E5N-FM,; ,LDC523E6N,; ,LDC523E6N-FM,; ,SFP523CN,; ,SFP523E5N,; ,SFP523E5N-FM,; ,SFP523E6N,; ,SFP523E6N-FM,; ,SFR523CN,; ,SFR523E5N,; ,SFR523E5N-FM,; ,SFR523E6N,; ,SFR523E6N-FM,; ,SFW523CN,; ,SFW523E5N,; ,SFW523E5N-FM,; ,SFW523E6N,; ,SFW523E6N-FM,; ,SPR523CN,; ,SPR523E5N,; ,SPR523E5N-FM,; ,SPR523E6N,; ,SPR523E6N-FM,; ,SWR523CN,; ,SWR523E5N,; ,SWR523E5N-FM,; ,SWR523E6N,; ,WGA523CN,; ,WGA523E5N,; ,WGA523E5N-FM,; ,WGA523E6N,; ,WGA523E6N-FM,; ,WGS523CN,; ,WGS523E5N,; ,WGS523E5N-FM,; ,WGS523E6N,; ,WGS523E6N-FM,; ,YDC523CN,; ,YDC523E5N,; ,YDC523E5N-FM,; ,YDC523E6N,; ,YDC523E6N-FM,",,Indoor Ceiling Fan,Standard Fan Only,52,238.2,1.6,21.1,0.5,,,0,,,,,,,,1,0,,2023-05-25,2023-12-12,United States,ES_1145460_CE523E5N_11142023144906_3756124,0
2400282,Carro USA Inc.,Carro,CES483QL-FM,CES483QL-FM,",CES483Q5L-FM,; ,CES483Q6L-FM,",,Indoor Ceiling Fan,Standard Fan with Light Kit,48,150.7,3.3,21.9,1.8,,,0,Edison Opto Corporation,2140.0,24.0,0.9,,92.0,50000.0,1,0,,2022-03-01,2022-08-18,United States,ES_1145460_CES483QL-FM_08012022144905_7385738,0
2400306,Carro USA Inc.,Carro,CES523BL,CES523BL,,,Indoor Ceiling Fan,Standard Fan with Light Kit,52,149.5,2.6,40.4,1.7,,,0,Edison Opto Corporation,2340.0,24.0,0.9,,93.0,50000.0,1,0,,2022-03-01,2022-08-18,United States,ES_1145460_CES523BL_08012022155816_7238542,0
2383311,Carro USA Inc.,Carro,CES-523FL,CES-523FL,,751433779185,Indoor Ceiling Fan,Standard Fan with Light Kit,52,199.9,2.5,26.8,1.7,,,0,Edison Opto Corporation,3360.0,40.0,0.96,,93.0,50000.0,1,0,,2021-07-20,2021-08-11,United States,ES_1145460_CES-523FL_07222021145541_2349359,0
2400182,Carro USA Inc.,Carro,CES523KL,CES523KL,,,Indoor Ceiling Fan,Standard Fan with Light Kit,52,219.8,3.0,19.3,1.8,,,0,Edison Opto Corporation,2140.0,24.0,0.9,,92.0,50000.0,1,0,,2022-03-01,2022-08-15,United States,ES_1145460_CES523KL_08102022094707_3849572,0
2400348,Carro USA Inc.,Carro,CES523PL-FM,CES523PL-FM,",CES523P1L-FM,; ,CES523P1L2-FM,; ,CES523P2L-FM,; ,CES523P2L2-FM,; ,CES523P3L1-FM,",,Indoor Ceiling Fan,Hugger Fan with Light Kit,52,187.8,3.7,23.8,1.8,,,0,Edison Opto Corporation,2140.0,24.0,0.9,,92.0,50000.0,1,0,,2022-03-01,2022-08-19,United States,ES_1145460_CES523PL-FM_08012022145848_1828746,0
2400173,Carro USA Inc.,Carro,CES523QL-FM,CES523QL-FM,",CES523Q5L-FM,; ,CES523Q6L-FM,",,Indoor Ceiling Fan,Standard Fan with Light Kit,52,148.1,2.9,25.9,1.9,,,0,Edison Opto Corporation,2140.0,24.0,0.9,,92.0,50000.0,1,0,,2022-03-01,2022-08-15,United States,ES_1145460_CES523QL-FM_08012022143343_1039485,0
3994452,Carro USA Inc.,Ceme,CFR524E5L2,CFR524E5L2,",CES524E5L2,; ,CES524E5L2-FM,; ,CES524E5L2-FMA,; ,CES524E5N2,; ,CES524E5N2-FM,; ,CES524E5N2-FMA,; ,CFP524E5L2,; ,CFP524E5L2-FM,; ,CFP524E5L2-FMA,; ,CFP524E5N2,; ,CFP524E5N2-FM,; ,CFP524E5N2-FMA,; ,CFR524E5L2-FM,; ,CFR524E5L2-FMA,; ,CFR524E5N2,; ,CFR524E5N2-FM,; ,CFR524E5N2-FMA,; ,CFW524E5L2,; ,CFW524E5L2-FM,; ,CFW524E5L2-FMA,; ,CFW524E5N2,; ,CFW524E5N2-FM,; ,CFW524E5N2-FMA,; ,CPW524E5L2,; ,CPW524E5L2-FM,; ,CPW524E5L2-FMA,; ,CPW524E5N2,; ,CPW524E5N2-FM,; ,CPW524E5N2-FMA,; ,CRP524E5L2,; ,CRP524E5L2-FM,; ,CRP524E5L2-FMA,; ,CRP524E5N2,; ,CRP524E5N2-FM,; ,CRP524E5N2-FMA,; ,CRW524E5L2,; ,CRW524E5L2-FM,; ,CRW524E5L2-FMA,; ,CRW524E5N2,; ,CRW524E5N2-FM,; ,CRW524E5N2-FMA,; ,P524E5L2,; ,P524E5L2-FM,; ,P524E5L2-FMA,; ,P524E5N2,; ,P524E5N2-FM,; ,P524E5N2-FMA,; ,PR524E5L2,; ,PR524E5L2-FM,; ,PR524E5L2-FMA,; ,PR524E5N2,; ,PR524E5N2-FM,; ,PR524E5N2-FMA,; ,PRW524E5L2,; ,PRW524E5L2-FM,; ,PRW524E5L2-FMA,; ,PRW524E5N2,; ,PRW524E5N2-FM,; ,PRW524E5N2-FMA,; ,PW524E5L2,; ,PW524E5L2-FM,; ,PW524E5L2-FMA,; ,PW524E5N2,; ,PW524E5N2-FM,; ,PW524E5N2-FMA,; ,R524E5L2,; ,R524E5L2-FM,; ,R524E5L2-FMA,; ,R524E5N2,; ,R524E5N2-FM,; ,R524E5N2-FMA,; ,RPW524E5L2,; ,RPW524E5L2-FM,; ,RPW524E5L2-FMA,; ,RPW524E5N2,; ,RPW524E5N2-FM,; ,RPW524E5N2-FMA,; ,SFP524E5L2,; ,SFP524E5L2-FM,; ,SFP524E5L2-FMA,; ,SFP524E5N2,; ,SFP524E5N2-FM,; ,SFP524E5N2-FMA,; ,SFR524E5L2,; ,SFR524E5L2-FM,; ,SFR524E5L2-FMA,; ,SFR524E5N2,; ,SFR524E5N2-FM,; ,SFR524E5N2-FMA,; ,SFW524E5L2,; ,SFW524E5L2-FM,; ,SFW524E5L2-FMA,; ,SFW524E5N2,; ,SFW524E5N2-FM,; ,SFW524E5N2-FMA,; ,SPR524E5L2,; ,SPR524E5L2-FM,; ,SPR524E5L2-FMA,; ,SPR524E5N2,; ,SPR524E5N2-FM,; ,SPR524E5N2-FMA,; ,SR524E5L2,; ,SR524E5L2-FM,; ,SR524E5L2-FMA,; ,SR524E5N2,; ,SR524E5N2-FM,; ,SR524E5N2-FMA,; ,SW524E5L2,; ,SW524E5L2-FM,; ,SW524E5L2-FMA,; ,SW524E5N2,; ,SW524E5N2-FM,; ,SW524E5N2-FMA,; ,SWR524E5L2,; ,SWR524E5L2-FM,; ,SWR524E5L2-FMA,; ,SWR524E5N2,; ,SWR524E5N2-FM,; ,SWR524E5N2-FMA,; ,W524E5L2,; ,W524E5L2-FM,; ,W524E5L2-FMA,; ,W524E5N2,; ,W524E5N2-FM,; ,W524E5N2-FMA,; ,WR524E5L2,; ,WR524E5L2-FM,; ,WR524E5L2-FMA,; ,WR524E5N2,; ,WR524E5N2-FM,; ,WR524E5N2-FMA,",,Indoor Ceiling Fan,Standard Fan with Light Kit,52,259.3,3.2,21.4,0.4,,,0,,,,,,,,1,0,,2024-08-01,2025-02-13,United States,ES_1145460_CFR524E5L2_12272024095332_908674,0
2839456,Carro USA Inc.,Smaair,CE523E5N,CE523E5N,",ADC523CN,; ,ADC523E5N,; ,ADC523E5N-FM,; ,ADC523E6N,; ,ADC523E6N-FM,; ,BDC523CN,; ,BDC523E5N,; ,BDC523E5N-FM,; ,BDC523E6N,; ,BDC523E6N-FM,; ,CE523CN,; ,CE523E5N-FM,; ,CE523E6N,; ,CE523E6N-FM,; ,CES523CN,; ,CES523E5N,; ,CES523E5N-FM,; ,CES523E6N,; ,CES523E6N-FM,; ,CFP523CN,; ,CFP523E5N,; ,CFP523E5N-FM,; ,CFP523E6N,; ,CFP523E6N-FM,; ,CFR523CN,; ,CFR523E5N,; ,CFR523E5N-FM,; ,CFR523E6N,; ,CFR523E6N-FM,; ,CFW523CN,; ,CFW523E5N,; ,CFW523E5N-FM,; ,CFW523E6N,; ,CPR523CN,; ,CPR523E5N,; ,CPR523E5N-FM,; ,CPR523E6N,; ,CPR523E6N-FM,; ,CWR523CN,; ,CWR523E5N,; ,CWR523E5N-FM,; ,CWR523E6N,; ,LDC523CN,; ,LDC523E5N,; ,LDC523E5N-FM,; ,LDC523E6N,; ,LDC523E6N-FM,; ,SFP523CN,; ,SFP523E5N,; ,SFP523E5N-FM,; ,SFP523E6N,; ,SFP523E6N-FM,; ,SFR523CN,; ,SFR523E5N,; ,SFR523E5N-FM,; ,SFR523E6N,; ,SFR523E6N-FM,; ,SFW523CN,; ,SFW523E5N,; ,SFW523E5N-FM,; ,SFW523E6N,; ,SFW523E6N-FM,; ,SPR523CN,; ,SPR523E5N,; ,SPR523E5N-FM,; ,SPR523E6N,; ,SPR523E6N-FM,; ,SWR523CN,; ,SWR523E5N,; ,SWR523E5N-FM,; ,SWR523E6N,; ,WGA523CN,; ,WGA523E5N,; ,WGA523E5N-FM,; ,WGA523E6N,; ,WGA523E6N-FM,; ,WGS523CN,; ,WGS523E5N,; ,WGS523E5N-FM,; ,WGS523E6N,; ,WGS523E6N-FM,; ,YDC523CN,; ,YDC523E5N,; ,YDC523E5N-FM,; ,YDC523E6N,; ,YDC523E6N-FM,",,Indoor Ceiling Fan,Standard Fan Only,52,238.2,1.6,21.1,0.5,,,0,,,,,,,,1,0,,2023-05-25,2023-12-12,United States,ES_1145460_CE523E5N_11142023144906_7538896,0
2400284,Carro USA Inc.,Smaair,CES483QL-FM,CES483QL-FM,",CES483Q5L-FM,; ,CES483Q6L-FM,",,Indoor Ceiling Fan,Standard Fan with Light Kit,48,150.7,3.3,21.9,1.8,,,0,Edison Opto Corporation,2140.0,24.0,0.9,,92.0,50000.0,1,0,,2022-03-01,2022-08-18,United States,ES_1145460_CES483QL-FM_08012022144905_0124967,0
2400308,Carro USA Inc.,Smaair,CES523BL,CES523BL,,,Indoor Ceiling Fan,Standard Fan with Light Kit,52,149.5,2.6,40.4,1.7,,,0,Edison Opto Corporation,2340.0,24.0,0.9,,93.0,50000.0,1,0,,2022-03-01,2022-08-18,United States,ES_1145460_CES523BL_08012022155816_3215072,0
2400184,Carro USA Inc.,Smaair,CES523KL,CES523KL,,,Indoor Ceiling Fan,Standard Fan with Light Kit,52,219.8,3.0,19.3,1.8,,,0,Edison Opto Corporation,2140.0,24.0,0.9,,92.0,50000.0,1,0,,2022-03-01,2022-08-15,United States,ES_1145460_CES523KL_08102022094707_9038564,0
2400350,Carro USA Inc.,Smaair,CES523PL-FM,CES523PL-FM,",CES523P1L-FM,; ,CES523P1L2-FM,; ,CES523P2L-FM,; ,CES523P2L2-FM,; ,CES523P3L1-FM,",,Indoor Ceiling Fan,Hugger Fan with Light Kit,52,187.8,3.7,23.8,1.8,,,0,Edison Opto Corporation,2140.0,24.0,0.9,,92.0,50000.0,1,0,,2022-03-01,2022-08-19,United States,ES_1145460_CES523PL-FM_08012022145848_2134762,0
2400175,Carro USA Inc.,Smaair,CES523QL-FM,CES523QL-FM,",CES523Q5L-FM,; ,CES523Q6L-FM,",,Indoor Ceiling Fan,Standard Fan with Light Kit,52,148.1,2.9,25.9,1.9,,,0,Edison Opto Corporation,2140.0,24.0,0.9,,92.0,50000.0,1,0,,2022-03-01,2022-08-15,United States,ES_1145460_CES523QL-FM_08012022143343_8593659,0
2400289,Carro USA Inc.,Smaair,CES525BL,CES525BL,,,Indoor Ceiling Fan,Standard Fan with Light Kit,52,150.8,2.7,25.5,1.7,,,0,Edison Opto Corporation,2340.0,24.0,0.9,,93.0,50000.0,1,0,,2022-03-01,2022-08-18,United States,ES_1145460_CES525BL_03192022165119_1239746,0
2400180,Carro USA Inc.,Smaair,CES525JL,CES525JL,,,Indoor Ceiling Fan,Standard Fan with Light Kit,52,159.1,2.9,27.2,1.8,,,0,Edison Opto Corporation,2340.0,24.0,0.9,,93.0,50000.0,1,0,,2022-03-01,2022-08-15,United States,ES_1145460_CES525JL_06292022145015_9380473,0
2400303,Carro USA Inc.,Smaair,CES563BL,CES563BL,,,Indoor Ceiling Fan,Standard Fan with Light Kit,56,136.8,3.0,45.1,1.7,,,0,Edison Opto Corporation,2340.0,24.0,0.9,,93.0,50000.0,1,0,,2022-03-01,2022-08-18,United States,ES_1145460_CES563BL_08012022153750_2396494,0
2400295,Carro USA Inc.,Smaair,CES565B3L,CES565B3L,",CES565B6L,",,Indoor Ceiling Fan,Standard Fan with Light Kit,56,171.7,3.7,25.7,1.9,,,0,Edison Opto Corporation,2340.0,24.0,0.9,,93.0,50000.0,1,0,,2022-03-01,2022-08-18,United States,ES_1145460_CES565B3L_08012022152411_8236452,0
2839455,Carro USA Inc.,Smaair,SWR523E6N-FM,SWR523E6N-FM,",ADC523CN-FM,; ,ADC523CN-FMA,; ,ADC523E5N-FMA,; ,ADC523E6N-FMA,; ,BDC523CN-FM,; ,BDC523CN-FMA,; ,BDC523E5N-FMA,; ,BDC523E6N-FMA,; ,CE523CN-FM,; ,CE523CN-FMA,; ,CE523E5N-FMA,; ,CE523E6N-FMA,; ,CES523CN-FM,; ,CES523CN-FMA,; ,CES523E5N-FMA,; ,CES523E6N-FMA,; ,CFP523CN-FM,; ,CFP523CN-FMA,; ,CFP523E5N-FMA,; ,CFP523E6N-FMA,; ,CFR523CN-FM,; ,CFR523CN-FMA,; ,CFR523E5N-FMA,; ,CFR523E6N-FMA,; ,CFW523CN-FM,; ,CFW523CN-FMA,; ,CFW523E5N-FMA,; ,CFW523E6N-FM,; ,CFW523E6N-FMA,; ,CPR523CN-FM,; ,CPR523CN-FMA,; ,CPR523E5N-FMA,; ,CPR523E6N-FMA,; ,CWR523CN-FM,; ,CWR523CN-FMA,; ,CWR523E5N-FMA,; ,CWR523E6N-FM,; ,CWR523E6N-FMA,; ,LDC523CN-FM,; ,LDC523CN-FMA,; ,LDC523E5N-FMA,; ,LDC523E6N-FMA,; ,SFP523CN-FM,; ,SFP523CN-FMA,; ,SFP523E5N-FMA,; ,SFP523E6N-FMA,; ,SFR523CN-FM,; ,SFR523CN-FMA,; ,SFR523E5N-FMA,; ,SFR523E6N-FMA,; ,SFW523CN-FM,; ,SFW523CN-FMA,; ,SFW523E5N-FMA,; ,SFW523E6N-FMA,; ,SPR523CN-FM,; ,SPR523CN-FMA,; ,SPR523E5N-FMA,; ,SPR523E6N-FMA,; ,SWR523CN-FM,; ,SWR523CN-FMA,; ,SWR523E5N-FMA,; ,SWR523E6N-FMA,; ,WGA523CN-FM,; ,WGA523CN-FMA,; ,WGA523E5N-FMA,; ,WGA523E6N-FMA,; ,WGS523CN-FM,; ,WGS523CN-FMA,; ,WGS523E5N-FMA,; ,WGS523E6N-FMA,; ,YDC523CN-FM,; ,YDC523CN-FMA,; ,YDC523E5N-FMA,; ,YDC523E6N-FMA,",,Indoor Ceiling Fan,Standard Fan Only,52,238.2,1.6,21.1,0.5,,,0,,,,,,,,1,0,,2023-05-25,2023-12-12,United States,ES_1145460_SWR523E6N-FM_11142023145332_5344367,0
2740465,Carro USA Inc.,Smafan,CE523CL-FM,CE523CL-FM,",ADC523CL-FM,; ,ADC523CL-FMA,; ,ADC523E5L-FMA,; ,ADC523E6L-FMA,; ,BDC523CL-FM,; ,BDC523CL-FMA,; ,BDC523E5L-FMA,; ,BDC523E6L-FMA,; ,CE523CL-FMA,; ,CE523E5L-FMA,; ,CE523E6L-FMA,; ,CES523CL-FM,; ,CES523CL-FMA,; ,CES523E5L-FMA,; ,CES523E6L-FMA,; ,CFP523CL-FM,; ,CFP523CL-FMA,; ,CFP523E5L-FMA,; ,CFP523E6L-FMA,; ,CFR523CL-FM,; ,CFR523CL-FMA,; ,CFR523E5L-FMA,; ,CFR523E6L-FMA,; ,CFW523CL-FM,; ,CFW523CL-FMA,; ,CFW523E5L-FMA,; ,CFW523E6L-FMA,; ,CPR523CL-FM,; ,CPR523CL-FMA,; ,CPR523E5L-FMA,; ,CPR523E6L-FMA,; ,CWR523CL-FM,; ,CWR523CL-FMA,; ,CWR523E5L-FMA,; ,CWR523E6L-FMA,; ,LDC523CL-FM,; ,LDC523CL-FMA,; ,LDC523E5L-FMA,; ,LDC523E6L-FMA,; ,SFP523CL-FM,; ,SFP523CL-FMA,; ,SFP523E5L-FMA,; ,SFP523E6L-FMA,; ,SFR523CL-FM,; ,SFR523CL-FMA,; ,SFR523E5L-FMA,; ,SFR523E6L-FMA,; ,SFW523CL-FM,; ,SFW523CL-FMA,; ,SFW523E5L-FMA,; ,SFW523E6L-FMA,; ,SPR523CL-FM,; ,SPR523CL-FMA,; ,SPR523E5L-FMA,; ,SPR523E6L-FMA,; ,SWR523CL-FM,; ,SWR523CL-FMA,; ,SWR523E5L-FMA,; ,SWR523E6L-FMA,; ,WGA523CL-FM,; ,WGA523CL-FMA,; ,WGA523E5L-FMA,; ,WGA523E6L-FMA,; ,WGS523CL-FM,; ,WGS523CL-FMA,; ,WGS523E5L-FMA,; ,WGS523E6L-FMA,; ,YDC523CL-FM,; ,YDC523CL-FMA,; ,YDC523E5L-FMA,; ,YDC523E6L-FMA,",,Indoor Ceiling Fan,Standard Fan with Light Kit,52,238.2,1.6,21.1,0.5,,,0,,,,,,,,1,0,,2023-05-25,2023-11-22,United States,ES_1145460_CE523CL-FM_11142023142953_4065210,0
2839458,Carro USA Inc.,Smafan,CE523E5N,CE523E5N,",ADC523CN,; ,ADC523E5N,; ,ADC523E5N-FM,; ,ADC523E6N,; ,ADC523E6N-FM,; ,BDC523CN,; ,BDC523E5N,; ,BDC523E5N-FM,; ,BDC523E6N,; ,BDC523E6N-FM,; ,CE523CN,; ,CE523E5N-FM,; ,CE523E6N,; ,CE523E6N-FM,; ,CES523CN,; ,CES523E5N,; ,CES523E5N-FM,; ,CES523E6N,; ,CES523E6N-FM,; ,CFP523CN,; ,CFP523E5N,; ,CFP523E5N-FM,; ,CFP523E6N,; ,CFP523E6N-FM,; ,CFR523CN,; ,CFR523E5N,; ,CFR523E5N-FM,; ,CFR523E6N,; ,CFR523E6N-FM,; ,CFW523CN,; ,CFW523E5N,; ,CFW523E5N-FM,; ,CFW523E6N,; ,CPR523CN,; ,CPR523E5N,; ,CPR523E5N-FM,; ,CPR523E6N,; ,CPR523E6N-FM,; ,CWR523CN,; ,CWR523E5N,; ,CWR523E5N-FM,; ,CWR523E6N,; ,LDC523CN,; ,LDC523E5N,; ,LDC523E5N-FM,; ,LDC523E6N,; ,LDC523E6N-FM,; ,SFP523CN,; ,SFP523E5N,; ,SFP523E5N-FM,; ,SFP523E6N,; ,SFP523E6N-FM,; ,SFR523CN,; ,SFR523E5N,; ,SFR523E5N-FM,; ,SFR523E6N,; ,SFR523E6N-FM,; ,SFW523CN,; ,SFW523E5N,; ,SFW523E5N-FM,; ,SFW523E6N,; ,SFW523E6N-FM,; ,SPR523CN,; ,SPR523E5N,; ,SPR523E5N-FM,; ,SPR523E6N,; ,SPR523E6N-FM,; ,SWR523CN,; ,SWR523E5N,; ,SWR523E5N-FM,; ,SWR523E6N,; ,WGA523CN,; ,WGA523E5N,; ,WGA523E5N-FM,; ,WGA523E6N,; ,WGA523E6N-FM,; ,WGS523CN,; ,WGS523E5N,; ,WGS523E5N-FM,; ,WGS523E6N,; ,WGS523E6N-FM,; ,YDC523CN,; ,YDC523E5N,; ,YDC523E5N-FM,; ,YDC523E6N,; ,YDC523E6N-FM,",,Indoor Ceiling Fan,Standard Fan Only,52,238.2,1.6,21.1,0.5,,,0,,,,,,,,1,0,,2023-05-25,2023-12-12,United States,ES_1145460_CE523E5N_11142023144906_6473275,0
2400280,Carro USA Inc.,Smafan,CES483QL-FM,CES483QL-FM,",CES483Q5L-FM,; ,CES483Q6L-FM,",,Indoor Ceiling Fan,Standard Fan with Light Kit,48,150.7,3.3,21.9,1.8,,,0,Edison Opto Corporation,2140.0,24.0,0.9,,92.0,50000.0,1,0,,2022-03-01,2022-08-18,United States,ES_1145460_CES483QL-FM_08012022144905_3107851,0
2400304,Carro USA Inc.,Smafan,CES523BL,CES523BL,,,Indoor Ceiling Fan,Standard Fan with Light Kit,52,149.5,2.6,40.4,1.7,,,0,Edison Opto Corporation,2340.0,24.0,0.9,,93.0,50000.0,1,0,,2022-03-01,2022-08-18,United States,ES_1145460_CES523BL_08012022155816_2370111,0
2383321,Carro USA Inc.,Smafan,CES-523FL,CES-523FL,,811300030990,Indoor Ceiling Fan,Standard Fan with Light Kit,52,199.9,2.5,26.8,1.7,,,0,Edison Opto Corporation,3360.0,40.0,0.96,,93.0,50000.0,1,0,,2021-07-20,2021-08-11,United States,ES_1145460_CES-523FL_07222021145541_9678215,0
2399878,Carro USA Inc.,Smafan,CES523KL,CES523KL,,,Indoor Ceiling Fan,Standard Fan with Light Kit,52,219.8,3.0,19.3,1.8,,,0,Edison Opto Corporation,2140.0,24.0,0.9,,92.0,50000.0,1,0,,2022-03-01,2022-08-15,United States,ES_1145460_CES523KL_08012022133119_3053857,0
2400346,Carro USA Inc.,Smafan,CES523PL-FM,CES523PL-FM,",CES523P1L-FM,; ,CES523P1L2-FM,; ,CES523P2L-FM,; ,CES523P2L2-FM,; ,CES523P3L1-FM,",,Indoor Ceiling Fan,Hugger Fan with Light Kit,52,187.8,3.7,23.8,1.8,,,0,Edison Opto Corporation,2140.0,24.0,0.9,,92.0,50000.0,1,0,,2022-03-01,2022-08-19,United States,ES_1145460_CES523PL-FM_08012022145848_1310693,0
2400171,Carro USA Inc.,Smafan,CES523QL-FM,CES523QL-FM,",CES523Q5L-FM,; ,CES523Q6L-FM,",,Indoor Ceiling Fan,Standard Fan with Light Kit,52,148.1,2.9,25.9,1.9,,,0,Edison Opto Corporation,2140.0,24.0,0.9,,92.0,50000.0,1,0,,2022-03-01,2022-08-15,United States,ES_1145460_CES523QL-FM_08012022143343_4941675,0
2400285,Carro USA Inc.,Smafan,CES525BL,CES525BL,,,Indoor Ceiling Fan,Standard Fan with Light Kit,52,150.8,2.7,25.5,1.7,,,0,Edison Opto Corporation,2340.0,24.0,0.9,,93.0,50000.0,1,0,,2022-03-01,2022-08-18,United States,ES_1145460_CES525BL_03192022165119_5557519,0
2400176,Carro USA Inc.,Smafan,CES525JL,CES525JL,,,Indoor Ceiling Fan,Standard Fan with Light Kit,52,159.1,2.9,27.2,1.8,,,0,Edison Opto Corporation,2340.0,24.0,0.9,,93.0,50000.0,1,0,,2022-03-01,2022-08-15,United States,ES_1145460_CES525JL_06292022145015_7593805,0
2400299,Carro USA Inc.,Smafan,CES563BL,CES563BL,,,Indoor Ceiling Fan,Standard Fan with Light Kit,56,136.8,3.0,45.1,1.7,,,0,Edison Opto Corporation,2340.0,24.0,0.9,,93.0,50000.0,1,0,,2022-03-01,2022-08-18,United States,ES_1145460_CES563BL_08012022153750_5488855,0
2370883,Carro USA Inc.,Smafan,CES-563FL,CES-563FL,,,Indoor Ceiling Fan,Standard Fan with Light Kit,56,190.4,2.5,32.3,1.7,,,0,Edison Opto Corporation,3360.0,40.0,0.96,,93.0,50000.0,1,0,,2020-11-01,2020-12-14,United States,ES_1145460_CES-563FL_11132020105535_220300,0
2400290,Carro USA Inc.,Smafan,CES565B3L,CES565B3L,",CES565B6L,",,Indoor Ceiling Fan,Standard Fan with Light Kit,56,171.7,3.7,25.7,1.9,,,0,Edison Opto Corporation,2340.0,24.0,0.9,,93.0,50000.0,1,0,,2022-03-01,2022-08-18,United States,ES_1145460_CES565B3L_08012022152411_5837518,0
2371594,Carro USA Inc.,Smafan,CES-603FL,CES-603FL,,,Indoor Ceiling Fan,Standard Fan with Light Kit,60,212.7,2.6,28.0,1.7,,,0,Edison Opto Corporation,3360.0,40.0,0.96,,93.0,50000.0,1,0,,2020-11-01,2021-01-04,United States,ES_1145460_CES-603FL_11162020111343_6963312,0
3994449,Carro USA Inc.,Smafan,CFR523Q5L,CFR523Q5L,",CES523Q5L,; ,CES523Q5L-FM,; ,CES523Q5L-FMA,; ,CES523Q5N,; ,CES523Q5N-FM,; ,CES523Q5N-FMA,; ,CFP523Q5L,; ,CFP523Q5L-FM,; ,CFP523Q5L-FMA,; ,CFP523Q5N,; ,CFP523Q5N-FM,; ,CFP523Q5N-FMA,; ,CFR523Q5L-FM,; ,CFR523Q5L-FMA,; ,CFR523Q5N,; ,CFR523Q5N-FM,; ,CFR523Q5N-FMA,; ,CFW523Q5L,; ,CFW523Q5L-FM,; ,CFW523Q5L-FMA,; ,CFW523Q5N,; ,CFW523Q5N-FM,; ,CFW523Q5N-FMA,; ,CPW523Q5L,; ,CPW523Q5L-FM,; ,CPW523Q5L-FMA,; ,CPW523Q5N,; ,CPW523Q5N-FM,; ,CPW523Q5N-FMA,; ,CRP523Q5L,; ,CRP523Q5L-FM,; ,CRP523Q5L-FMA,; ,CRP523Q5N,; ,CRP523Q5N-FM,; ,CRP523Q5N-FMA,; ,CRW523Q5L,; ,CRW523Q5L-FM,; ,CRW523Q5L-FMA,; ,CRW523Q5N,; ,CRW523Q5N-FM,; ,CRW523Q5N-FMA,; ,P523Q5L,; ,P523Q5L-FM,; ,P523Q5L-FMA,; ,P523Q5N,; ,P523Q5N-FM,; ,P523Q5N-FMA,; ,PR523Q5L,; ,PR523Q5L-FM,; ,PR523Q5L-FMA,; ,PR523Q5N,; ,PR523Q5N-FM,; ,PR523Q5N-FMA,; ,PRW523Q5L,; ,PRW523Q5L-FM,; ,PRW523Q5L-FMA,; ,PRW523Q5N,; ,PRW523Q5N-FM,; ,PRW523Q5N-FMA,; ,PW523Q5L,; ,PW523Q5L-FM,; ,PW523Q5L-FMA,; ,PW523Q5N,; ,PW523Q5N-FM,; ,PW523Q5N-FMA,; ,R523Q5L,; ,R523Q5L-FM,; ,R523Q5L-FMA,; ,R523Q5N,; ,R523Q5N-FM,; ,R523Q5N-FMA,; ,RPW523Q5L,; ,RPW523Q5L-FM,; ,RPW523Q5L-FMA,; ,RPW523Q5N,; ,RPW523Q5N-FM,; ,RPW523Q5N-FMA,; ,SFP523Q5L,; ,SFP523Q5L-FM,; ,SFP523Q5L-FMA,; ,SFP523Q5N,; ,SFP523Q5N-FM,; ,SFP523Q5N-FMA,; ,SFR523Q5L,; ,SFR523Q5L-FM,; ,SFR523Q5L-FMA,; ,SFR523Q5N,; ,SFR523Q5N-FM,; ,SFR523Q5N-FMA,; ,SFW523Q5L,; ,SFW523Q5L-FM,; ,SFW523Q5L-FMA,; ,SFW523Q5N,; ,SFW523Q5N-FM,; ,SFW523Q5N-FMA,; ,SPR523Q5L,; ,SPR523Q5L-FM,; ,SPR523Q5L-FMA,; ,SPR523Q5N,; ,SPR523Q5N-FM,; ,SPR523Q5N-FMA,; ,SR523Q5L,; ,SR523Q5L-FM,; ,SR523Q5L-FMA,; ,SR523Q5N,; ,SR523Q5N-FM,; ,SR523Q5N-FMA,; ,SW523Q5L,; ,SW523Q5L-FM,; ,SW523Q5L-FMA,; ,SW523Q5N,; ,SW523Q5N-FM,; ,SW523Q5N-FMA,; ,SWR523Q5L,; ,SWR523Q5L-FM,; ,SWR523Q5L-FMA,; ,SWR523Q5N,; ,SWR523Q5N-FM,; ,SWR523Q5N-FMA,; ,W523Q5L,; ,W523Q5L-FM,; ,W523Q5L-FMA,; ,W523Q5N,; ,W523Q5N-FM,; ,W523Q5N-FMA,; ,WR523Q5L,; ,WR523Q5L-FM,; ,WR523Q5L-FMA,; ,WR523Q5N,; ,WR523Q5N-FM,; ,WR523Q5N-FMA,",,Indoor Ceiling Fan,Standard Fan with Light Kit,52,241.7,2.3,20.6,0.4,,,0,,,,,,,,1,0,,2024-08-01,2025-02-13,United States,ES_1145460_CFR523Q5L_12302024114752_95842,0
3994454,Carro USA Inc.,Smafan,CFR524E5L2,CFR524E5L2,",CES524E5L2,; ,CES524E5L2-FM,; ,CES524E5L2-FMA,; ,CES524E5N2,; ,CES524E5N2-FM,; ,CES524E5N2-FMA,; ,CFP524E5L2,; ,CFP524E5L2-FM,; ,CFP524E5L2-FMA,; ,CFP524E5N2,; ,CFP524E5N2-FM,; ,CFP524E5N2-FMA,; ,CFR524E5L2-FM,; ,CFR524E5L2-FMA,; ,CFR524E5N2,; ,CFR524E5N2-FM,; ,CFR524E5N2-FMA,; ,CFW524E5L2,; ,CFW524E5L2-FM,; ,CFW524E5L2-FMA,; ,CFW524E5N2,; ,CFW524E5N2-FM,; ,CFW524E5N2-FMA,; ,CPW524E5L2,; ,CPW524E5L2-FM,; ,CPW524E5L2-FMA,; ,CPW524E5N2,; ,CPW524E5N2-FM,; ,CPW524E5N2-FMA,; ,CRP524E5L2,; ,CRP524E5L2-FM,; ,CRP524E5L2-FMA,; ,CRP524E5N2,; ,CRP524E5N2-FM,; ,CRP524E5N2-FMA,; ,CRW524E5L2,; ,CRW524E5L2-FM,; ,CRW524E5L2-FMA,; ,CRW524E5N2,; ,CRW524E5N2-FM,; ,CRW524E5N2-FMA,; ,P524E5L2,; ,P524E5L2-FM,; ,P524E5L2-FMA,; ,P524E5N2,; ,P524E5N2-FM,; ,P524E5N2-FMA,; ,PR524E5L2,; ,PR524E5L2-FM,; ,PR524E5L2-FMA,; ,PR524E5N2,; ,PR524E5N2-FM,; ,PR524E5N2-FMA,; ,PRW524E5L2,; ,PRW524E5L2-FM,; ,PRW524E5L2-FMA,; ,PRW524E5N2,; ,PRW524E5N2-FM,; ,PRW524E5N2-FMA,; ,PW524E5L2,; ,PW524E5L2-FM,; ,PW524E5L2-FMA,; ,PW524E5N2,; ,PW524E5N2-FM,; ,PW524E5N2-FMA,; ,R524E5L2,; ,R524E5L2-FM,; ,R524E5L2-FMA,; ,R524E5N2,; ,R524E5N2-FM,; ,R524E5N2-FMA,; ,RPW524E5L2,; ,RPW524E5L2-FM,; ,RPW524E5L2-FMA,; ,RPW524E5N2,; ,RPW524E5N2-FM,; ,RPW524E5N2-FMA,; ,SFP524E5L2,; ,SFP524E5L2-FM,; ,SFP524E5L2-FMA,; ,SFP524E5N2,; ,SFP524E5N2-FM,; ,SFP524E5N2-FMA,; ,SFR524E5L2,; ,SFR524E5L2-FM,; ,SFR524E5L2-FMA,; ,SFR524E5N2,; ,SFR524E5N2-FM,; ,SFR524E5N2-FMA,; ,SFW524E5L2,; ,SFW524E5L2-FM,; ,SFW524E5L2-FMA,; ,SFW524E5N2,; ,SFW524E5N2-FM,; ,SFW524E5N2-FMA,; ,SPR524E5L2,; ,SPR524E5L2-FM,; ,SPR524E5L2-FMA,; ,SPR524E5N2,; ,SPR524E5N2-FM,; ,SPR524E5N2-FMA,; ,SR524E5L2,; ,SR524E5L2-FM,; ,SR524E5L2-FMA,; ,SR524E5N2,; ,SR524E5N2-FM,; ,SR524E5N2-FMA,; ,SW524E5L2,; ,SW524E5L2-FM,; ,SW524E5L2-FMA,; ,SW524E5N2,; ,SW524E5N2-FM,; ,SW524E5N2-FMA,; ,SWR524E5L2,; ,SWR524E5L2-FM,; ,SWR524E5L2-FMA,; ,SWR524E5N2,; ,SWR524E5N2-FM,; ,SWR524E5N2-FMA,; ,W524E5L2,; ,W524E5L2-FM,; ,W524E5L2-FMA,; ,W524E5N2,; ,W524E5N2-FM,; ,W524E5N2-FMA,; ,WR524E5L2,; ,WR524E5L2-FM,; ,WR524E5L2-FMA,; ,WR524E5N2,; ,WR524E5N2-FM,; ,WR524E5N2-FMA,",,Indoor Ceiling Fan,Standard Fan with Light Kit,52,259.3,3.2,21.4,0.4,,,0,,,,,,,,1,0,,2024-08-01,2025-02-13,United States,ES_1145460_CFR524E5L2_12272024095332_290322,0
2839459,Carro USA Inc.,Smafan,SWR523E6N-FM,SWR523E6N-FM,",ADC523CN-FM,; ,ADC523CN-FMA,; ,ADC523E5N-FMA,; ,ADC523E6N-FMA,; ,BDC523CN-FM,; ,BDC523CN-FMA,; ,BDC523E5N-FMA,; ,BDC523E6N-FMA,; ,CE523CN-FM,; ,CE523CN-FMA,; ,CE523E5N-FMA,; ,CE523E6N-FMA,; ,CES523CN-FM,; ,CES523CN-FMA,; ,CES523E5N-FMA,; ,CES523E6N-FMA,; ,CFP523CN-FM,; ,CFP523CN-FMA,; ,CFP523E5N-FMA,; ,CFP523E6N-FMA,; ,CFR523CN-FM,; ,CFR523CN-FMA,; ,CFR523E5N-FMA,; ,CFR523E6N-FMA,; ,CFW523CN-FM,; ,CFW523CN-FMA,; ,CFW523E5N-FMA,; ,CFW523E6N-FM,; ,CFW523E6N-FMA,; ,CPR523CN-FM,; ,CPR523CN-FMA,; ,CPR523E5N-FMA,; ,CPR523E6N-FMA,; ,CWR523CN-FM,; ,CWR523CN-FMA,; ,CWR523E5N-FMA,; ,CWR523E6N-FM,; ,CWR523E6N-FMA,; ,LDC523CN-FM,; ,LDC523CN-FMA,; ,LDC523E5N-FMA,; ,LDC523E6N-FMA,; ,SFP523CN-FM,; ,SFP523CN-FMA,; ,SFP523E5N-FMA,; ,SFP523E6N-FMA,; ,SFR523CN-FM,; ,SFR523CN-FMA,; ,SFR523E5N-FMA,; ,SFR523E6N-FMA,; ,SFW523CN-FM,; ,SFW523CN-FMA,; ,SFW523E5N-FMA,; ,SFW523E6N-FMA,; ,SPR523CN-FM,; ,SPR523CN-FMA,; ,SPR523E5N-FMA,; ,SPR523E6N-FMA,; ,SWR523CN-FM,; ,SWR523CN-FMA,; ,SWR523E5N-FMA,; ,SWR523E6N-FMA,; ,WGA523CN-FM,; ,WGA523CN-FMA,; ,WGA523E5N-FMA,; ,WGA523E6N-FMA,; ,WGS523CN-FM,; ,WGS523CN-FMA,; ,WGS523E5N-FMA,; ,WGS523E6N-FMA,; ,YDC523CN-FM,; ,YDC523CN-FMA,; ,YDC523E5N-FMA,; ,YDC523E6N-FMA,",,Indoor Ceiling Fan,Standard Fan Only,52,238.2,1.6,21.1,0.5,,,0,,,,,,,,1,0,,2023-05-25,2023-12-12,United States,ES_1145460_SWR523E6N-FM_11142023145332_7856104,0
2383322,Carro USA Inc.,Smair,CES-523FL,CES-523FL,,811300030990,Indoor Ceiling Fan,Standard Fan with Light Kit,52,199.9,2.5,26.8,1.7,,,0,Edison Opto Corporation,3360.0,40.0,0.96,,93.0,50000.0,1,0,,2021-07-20,2021-08-11,United States,ES_1145460_CES-523FL_07222021145541_9648881,0
2370884,Carro USA Inc.,Smair,CES-563FL,CES-563FL,,,Indoor Ceiling Fan,Standard Fan with Light Kit,56,190.4,2.5,32.3,1.7,,,0,Edison Opto Corporation,3360.0,40.0,0.96,,93.0,50000.0,1,0,,2021-12-01,2020-12-14,United States,ES_1145460_CES-563FL_11132020105535_675346,0
2371595,Carro USA Inc.,Smair,CES-603FL,CES-603FL,,,Indoor Ceiling Fan,Standard Fan with Light Kit,60,212.7,2.6,28.0,1.7,,,0,Edison Opto Corporation,3360.0,40.0,0.96,,93.0,50000.0,1,0,,2021-12-01,2021-01-04,United States,ES_1145460_CES-603FL_11162020111343_5734523,0
2839462,Carro USA Inc.,Trifecte,CE523E5N,CE523E5N,",ADC523CN,; ,ADC523E5N,; ,ADC523E5N-FM,; ,ADC523E6N,; ,ADC523E6N-FM,; ,BDC523CN,; ,BDC523E5N,; ,BDC523E5N-FM,; ,BDC523E6N,; ,BDC523E6N-FM,; ,CE523CN,; ,CE523E5N-FM,; ,CE523E6N,; ,CE523E6N-FM,; ,CES523CN,; ,CES523E5N,; ,CES523E5N-FM,; ,CES523E6N,; ,CES523E6N-FM,; ,CFP523CN,; ,CFP523E5N,; ,CFP523E5N-FM,; ,CFP523E6N,; ,CFP523E6N-FM,; ,CFR523CN,; ,CFR523E5N,; ,CFR523E5N-FM,; ,CFR523E6N,; ,CFR523E6N-FM,; ,CFW523CN,; ,CFW523E5N,; ,CFW523E5N-FM,; ,CFW523E6N,; ,CPR523CN,; ,CPR523E5N,; ,CPR523E5N-FM,; ,CPR523E6N,; ,CPR523E6N-FM,; ,CWR523CN,; ,CWR523E5N,; ,CWR523E5N-FM,; ,CWR523E6N,; ,LDC523CN,; ,LDC523E5N,; ,LDC523E5N-FM,; ,LDC523E6N,; ,LDC523E6N-FM,; ,SFP523CN,; ,SFP523E5N,; ,SFP523E5N-FM,; ,SFP523E6N,; ,SFP523E6N-FM,; ,SFR523CN,; ,SFR523E5N,; ,SFR523E5N-FM,; ,SFR523E6N,; ,SFR523E6N-FM,; ,SFW523CN,; ,SFW523E5N,; ,SFW523E5N-FM,; ,SFW523E6N,; ,SFW523E6N-FM,; ,SPR523CN,; ,SPR523E5N,; ,SPR523E5N-FM,; ,SPR523E6N,; ,SPR523E6N-FM,; ,SWR523CN,; ,SWR523E5N,; ,SWR523E5N-FM,; ,SWR523E6N,; ,WGA523CN,; ,WGA523E5N,; ,WGA523E5N-FM,; ,WGA523E6N,; ,WGA523E6N-FM,; ,WGS523CN,; ,WGS523E5N,; ,WGS523E5N-FM,; ,WGS523E6N,; ,WGS523E6N-FM,; ,YDC523CN,; ,YDC523E5N,; ,YDC523E5N-FM,; ,YDC523E6N,; ,YDC523E6N-FM,",,Indoor Ceiling Fan,Standard Fan Only,52,238.2,1.6,21.1,0.5,,,0,,,,,,,,1,0,,2023-05-25,2023-12-12,United States,ES_1145460_CE523E5N_11142023144906_2743831,0
2400283,Carro USA Inc.,Trifecte,CES483QL-FM,CES483QL-FM,",CES483Q5L-FM,; ,CES483Q6L-FM,",,Indoor Ceiling Fan,Standard Fan with Light Kit,48,150.7,3.3,21.9,1.8,,,0,Edison Opto Corporation,2140.0,24.0,0.9,,92.0,50000.0,1,0,,2022-03-01,2022-08-18,United States,ES_1145460_CES483QL-FM_08012022144905_1324426,0
2400307,Carro USA Inc.,Trifecte,CES523BL,CES523BL,,,Indoor Ceiling Fan,Standard Fan with Light Kit,52,149.5,2.6,40.4,1.7,,,0,Edison Opto Corporation,2340.0,24.0,0.9,,93.0,50000.0,1,0,,2022-03-01,2022-08-18,United States,ES_1145460_CES523BL_08012022155816_9027458,0
2400183,Carro USA Inc.,Trifecte,CES523KL,CES523KL,,,Indoor Ceiling Fan,Standard Fan with Light Kit,52,219.8,3.0,19.3,1.8,,,0,Edison Opto Corporation,2140.0,24.0,0.9,,92.0,50000.0,1,0,,2022-03-01,2022-08-15,United States,ES_1145460_CES523KL_08102022094707_1274853,0
2400349,Carro USA Inc.,Trifecte,CES523PL-FM,CES523PL-FM,",CES523P1L-FM,; ,CES523P1L2-FM,; ,CES523P2L-FM,; ,CES523P2L2-FM,; ,CES523P3L1-FM,",,Indoor Ceiling Fan,Hugger Fan with Light Kit,52,187.8,3.7,23.8,1.8,,,0,Edison Opto Corporation,2140.0,24.0,0.9,,92.0,50000.0,1,0,,2022-03-01,2022-08-19,United States,ES_1145460_CES523PL-FM_08012022145848_2392964,0
2400174,Carro USA Inc.,Trifecte,CES523QL-FM,CES523QL-FM,",CES523Q5L-FM,; ,CES523Q6L-FM,",,Indoor Ceiling Fan,Standard Fan with Light Kit,52,148.1,2.9,25.9,1.9,,,0,Edison Opto Corporation,2140.0,24.0,0.9,,92.0,50000.0,1,0,,2022-03-01,2022-08-15,United States,ES_1145460_CES523QL-FM_08012022143343_7257204,0
2400288,Carro USA Inc.,Trifecte,CES525BL,CES525BL,,,Indoor Ceiling Fan,Standard Fan with Light Kit,52,150.8,2.7,25.5,1.7,,,0,Edison Opto Corporation,2340.0,24.0,0.9,,93.0,50000.0,1,0,,2022-03-01,2022-08-18,United States,ES_1145460_CES525BL_03192022165119_2386485,0
2400179,Carro USA Inc.,Trifecte,CES525JL,CES525JL,,,Indoor Ceiling Fan,Standard Fan with Light Kit,52,159.1,2.9,27.2,1.8,,,0,Edison Opto Corporation,2340.0,24.0,0.9,,93.0,50000.0,1,0,,2022-03-01,2022-08-15,United States,ES_1145460_CES525JL_06292022145015_8635824,0
2400302,Carro USA Inc.,Trifecte,CES563BL,CES563BL,,,Indoor Ceiling Fan,Standard Fan with Light Kit,56,136.8,3.0,45.1,1.7,,,0,Edison Opto Corporation,2340.0,24.0,0.9,,93.0,50000.0,1,0,,2022-03-01,2022-08-18,United States,ES_1145460_CES563BL_08012022153750_0963825,0
2370888,Carro USA Inc.,Trifecte,CES-563FL,CES-563FL,,,Indoor Ceiling Fan,Standard Fan with Light Kit,56,190.4,2.5,32.3,1.7,,,0,Edison Opto Corporation,3360.0,40.0,0.96,,93.0,50000.0,1,0,,2020-11-01,2020-12-14,United States,ES_1145460_CES-563FL_11132020105535_642497,0
2400294,Carro USA Inc.,Trifecte,CES565B3L,CES565B3L,",CES565B6L,",,Indoor Ceiling Fan,Standard Fan with Light Kit,56,171.7,3.7,25.7,1.9,,,0,Edison Opto Corporation,2340.0,24.0,0.9,,93.0,50000.0,1,0,,2022-03-01,2022-08-18,United States,ES_1145460_CES565B3L_08012022152411_4291764,0
2371599,Carro USA Inc.,Trifecte,CES-603FL,CES-603FL,,,Indoor Ceiling Fan,Standard Fan with Light Kit,60,212.7,2.6,28.0,1.7,,,0,Edison Opto Corporation,3360.0,40.0,0.96,,93.0,50000.0,1,0,,2020-11-01,2021-01-04,United States,ES_1145460_CES-563FL_11162020112109_5816919,0
3994448,Carro USA Inc.,Smaair,CFR523Q5L,CFR523Q5L,",CES523Q5L,; ,CES523Q5L-FM,; ,CES523Q5L-FMA,; ,CES523Q5N,; ,CES523Q5N-FM,; ,CES523Q5N-FMA,; ,CFP523Q5L,; ,CFP523Q5L-FM,; ,CFP523Q5L-FMA,; ,CFP523Q5N,; ,CFP523Q5N-FM,; ,CFP523Q5N-FMA,; ,CFR523Q5L-FM,; ,CFR523Q5L-FMA,; ,CFR523Q5N,; ,CFR523Q5N-FM,; ,CFR523Q5N-FMA,; ,CFW523Q5L,; ,CFW523Q5L-FM,; ,CFW523Q5L-FMA,; ,CFW523Q5N,; ,CFW523Q5N-FM,; ,CFW523Q5N-FMA,; ,CPW523Q5L,; ,CPW523Q5L-FM,; ,CPW523Q5L-FMA,; ,CPW523Q5N,; ,CPW523Q5N-FM,; ,CPW523Q5N-FMA,; ,CRP523Q5L,; ,CRP523Q5L-FM,; ,CRP523Q5L-FMA,; ,CRP523Q5N,; ,CRP523Q5N-FM,; ,CRP523Q5N-FMA,; ,CRW523Q5L,; ,CRW523Q5L-FM,; ,CRW523Q5L-FMA,; ,CRW523Q5N,; ,CRW523Q5N-FM,; ,CRW523Q5N-FMA,; ,P523Q5L,; ,P523Q5L-FM,; ,P523Q5L-FMA,; ,P523Q5N,; ,P523Q5N-FM,; ,P523Q5N-FMA,; ,PR523Q5L,; ,PR523Q5L-FM,; ,PR523Q5L-FMA,; ,PR523Q5N,; ,PR523Q5N-FM,; ,PR523Q5N-FMA,; ,PRW523Q5L,; ,PRW523Q5L-FM,; ,PRW523Q5L-FMA,; ,PRW523Q5N,; ,PRW523Q5N-FM,; ,PRW523Q5N-FMA,; ,PW523Q5L,; ,PW523Q5L-FM,; ,PW523Q5L-FMA,; ,PW523Q5N,; ,PW523Q5N-FM,; ,PW523Q5N-FMA,; ,R523Q5L,; ,R523Q5L-FM,; ,R523Q5L-FMA,; ,R523Q5N,; ,R523Q5N-FM,; ,R523Q5N-FMA,; ,RPW523Q5L,; ,RPW523Q5L-FM,; ,RPW523Q5L-FMA,; ,RPW523Q5N,; ,RPW523Q5N-FM,; ,RPW523Q5N-FMA,; ,SFP523Q5L,; ,SFP523Q5L-FM,; ,SFP523Q5L-FMA,; ,SFP523Q5N,; ,SFP523Q5N-FM,; ,SFP523Q5N-FMA,; ,SFR523Q5L,; ,SFR523Q5L-FM,; ,SFR523Q5L-FMA,; ,SFR523Q5N,; ,SFR523Q5N-FM,; ,SFR523Q5N-FMA,; ,SFW523Q5L,; ,SFW523Q5L-FM,; ,SFW523Q5L-FMA,; ,SFW523Q5N,; ,SFW523Q5N-FM,; ,SFW523Q5N-FMA,; ,SPR523Q5L,; ,SPR523Q5L-FM,; ,SPR523Q5L-FMA,; ,SPR523Q5N,; ,SPR523Q5N-FM,; ,SPR523Q5N-FMA,; ,SR523Q5L,; ,SR523Q5L-FM,; ,SR523Q5L-FMA,; ,SR523Q5N,; ,SR523Q5N-FM,; ,SR523Q5N-FMA,; ,SW523Q5L,; ,SW523Q5L-FM,; ,SW523Q5L-FMA,; ,SW523Q5N,; ,SW523Q5N-FM,; ,SW523Q5N-FMA,; ,SWR523Q5L,; ,SWR523Q5L-FM,; ,SWR523Q5L-FMA,; ,SWR523Q5N,; ,SWR523Q5N-FM,; ,SWR523Q5N-FMA,; ,W523Q5L,; ,W523Q5L-FM,; ,W523Q5L-FMA,; ,W523Q5N,; ,W523Q5N-FM,; ,W523Q5N-FMA,; ,WR523Q5L,; ,WR523Q5L-FM,; ,WR523Q5L-FMA,; ,WR523Q5N,; ,WR523Q5N-FM,; ,WR523Q5N-FMA,",,Indoor Ceiling Fan,Standard Fan with Light Kit,52,241.7,2.3,20.6,0.4,,,0,,,,,,,,1,0,,2024-08-01,2025-02-13,United States,ES_1145460_CFR523Q5L_12302024114752_95947,0
3892642,Carro USA Inc.,Smaair,CFR524E5L,CFR524E5L,",CES524E5L,; ,CES524E5L-FM,; ,CES524E5L-FMA,; ,CES524E5N,; ,CES524E5N-FM,; ,CES524E5N-FMA,; ,CFP524E5L,; ,CFP524E5L-FM,; ,CFP524E5L-FMA,; ,CFP524E5N,; ,CFP524E5N-FM,; ,CFP524E5N-FMA,; ,CFR524E5L-FM,; ,CFR524E5L-FMA,; ,CFR524E5N,; ,CFR524E5N-FM,; ,CFR524E5N-FMA,; ,CFW524E5L,; ,CFW524E5L-FM,; ,CFW524E5L-FMA,; ,CFW524E5N,; ,CFW524E5N-FM,; ,CFW524E5N-FMA,; ,CPW524E5L,; ,CPW524E5L-FM,; ,CPW524E5L-FMA,; ,CPW524E5N,; ,CPW524E5N-FM,; ,CPW524E5N-FMA,; ,CRP524E5L,; ,CRP524E5L-FM,; ,CRP524E5L-FMA,; ,CRP524E5N,; ,CRP524E5N-FM,; ,CRP524E5N-FMA,; ,CRW524E5L,; ,CRW524E5L-FM,; ,CRW524E5L-FMA,; ,CRW524E5N,; ,CRW524E5N-FM,; ,CRW524E5N-FMA,; ,P524E5L,; ,P524E5L-FM,; ,P524E5L-FMA,; ,P524E5N,; ,P524E5N-FM,; ,P524E5N-FMA,; ,PR524E5L,; ,PR524E5L-FM,; ,PR524E5L-FMA,; ,PR524E5N,; ,PR524E5N-FM,; ,PR524E5N-FMA,; ,PRW524E5L,; ,PRW524E5L-FM,; ,PRW524E5L-FMA,; ,PRW524E5N,; ,PRW524E5N-FM,; ,PRW524E5N-FMA,; ,PW524E5L,; ,PW524E5L-FM,; ,PW524E5L-FMA,; ,PW524E5N,; ,PW524E5N-FM,; ,PW524E5N-FMA,; ,R524E5L,; ,R524E5L-FM,; ,R524E5L-FMA,; ,R524E5N,; ,R524E5N-FM,; ,R524E5N-FMA,; ,RPW524E5L,; ,RPW524E5L-FM,; ,RPW524E5L-FMA,; ,RPW524E5N,; ,RPW524E5N-FM,; ,RPW524E5N-FMA,; ,SFP524E5L,; ,SFP524E5L-FM,; ,SFP524E5L-FMA,; ,SFP524E5N,; ,SFP524E5N-FM,; ,SFP524E5N-FMA,; ,SFR524E5L,; ,SFR524E5L-FM,; ,SFR524E5L-FMA,; ,SFR524E5N,; ,SFR524E5N-FM,; ,SFR524E5N-FMA,; ,SFW524E5L,; ,SFW524E5L-FM,; ,SFW524E5L-FMA,; ,SFW524E5N,; ,SFW524E5N-FM,; ,SFW524E5N-FMA,; ,SPR524E5L,; ,SPR524E5L-FM,; ,SPR524E5L-FMA,; ,SPR524E5N,; ,SPR524E5N-FM,; ,SPR524E5N-FMA,; ,SR524E5L,; ,SR524E5L-FM,; ,SR524E5L-FMA,; ,SR524E5N,; ,SR524E5N-FM,; ,SR524E5N-FMA,; ,SW524E5L,; ,SW524E5L-FM,; ,SW524E5L-FMA,; ,SW524E5N,; ,SW524E5N-FM,; ,SW524E5N-FMA,; ,SWR524E5L,; ,SWR524E5L-FM,; ,SWR524E5L-FMA,; ,SWR524E5N,; ,SWR524E5N-FM,; ,SWR524E5N-FMA,; ,W524E5L,; ,W524E5L-FM,; ,W524E5L-FMA,; ,W524E5N,; ,W524E5N-FM,; ,W524E5N-FMA,; ,WR524E5L,; ,WR524E5L-FM,; ,WR524E5L-FMA,; ,WR524E5N,; ,WR524E5N-FM,; ,WR524E5N-FMA,",,Indoor Ceiling Fan,Standard Fan with Light Kit,52,242.4,1.5,22.7,0.0,,,0,,,,,,,,1,0,,2024-08-01,2025-01-08,United States,ES_1145460_CFR524E5L_12302024144349_7449304,0
3994453,Carro USA Inc.,Smaair,CFR524E5L2,CFR524E5L2,",CES524E5L2,; ,CES524E5L2-FM,; ,CES524E5L2-FMA,; ,CES524E5N2,; ,CES524E5N2-FM,; ,CES524E5N2-FMA,; ,CFP524E5L2,; ,CFP524E5L2-FM,; ,CFP524E5L2-FMA,; ,CFP524E5N2,; ,CFP524E5N2-FM,; ,CFP524E5N2-FMA,; ,CFR524E5L2-FM,; ,CFR524E5L2-FMA,; ,CFR524E5N2,; ,CFR524E5N2-FM,; ,CFR524E5N2-FMA,; ,CFW524E5L2,; ,CFW524E5L2-FM,; ,CFW524E5L2-FMA,; ,CFW524E5N2,; ,CFW524E5N2-FM,; ,CFW524E5N2-FMA,; ,CPW524E5L2,; ,CPW524E5L2-FM,; ,CPW524E5L2-FMA,; ,CPW524E5N2,; ,CPW524E5N2-FM,; ,CPW524E5N2-FMA,; ,CRP524E5L2,; ,CRP524E5L2-FM,; ,CRP524E5L2-FMA,; ,CRP524E5N2,; ,CRP524E5N2-FM,; ,CRP524E5N2-FMA,; ,CRW524E5L2,; ,CRW524E5L2-FM,; ,CRW524E5L2-FMA,; ,CRW524E5N2,; ,CRW524E5N2-FM,; ,CRW524E5N2-FMA,; ,P524E5L2,; ,P524E5L2-FM,; ,P524E5L2-FMA,; ,P524E5N2,; ,P524E5N2-FM,; ,P524E5N2-FMA,; ,PR524E5L2,; ,PR524E5L2-FM,; ,PR524E5L2-FMA,; ,PR524E5N2,; ,PR524E5N2-FM,; ,PR524E5N2-FMA,; ,PRW524E5L2,; ,PRW524E5L2-FM,; ,PRW524E5L2-FMA,; ,PRW524E5N2,; ,PRW524E5N2-FM,; ,PRW524E5N2-FMA,; ,PW524E5L2,; ,PW524E5L2-FM,; ,PW524E5L2-FMA,; ,PW524E5N2,; ,PW524E5N2-FM,; ,PW524E5N2-FMA,; ,R524E5L2,; ,R524E5L2-FM,; ,R524E5L2-FMA,; ,R524E5N2,; ,R524E5N2-FM,; ,R524E5N2-FMA,; ,RPW524E5L2,; ,RPW524E5L2-FM,; ,RPW524E5L2-FMA,; ,RPW524E5N2,; ,RPW524E5N2-FM,; ,RPW524E5N2-FMA,; ,SFP524E5L2,; ,SFP524E5L2-FM,; ,SFP524E5L2-FMA,; ,SFP524E5N2,; ,SFP524E5N2-FM,; ,SFP524E5N2-FMA,; ,SFR524E5L2,; ,SFR524E5L2-FM,; ,SFR524E5L2-FMA,; ,SFR524E5N2,; ,SFR524E5N2-FM,; ,SFR524E5N2-FMA,; ,SFW524E5L2,; ,SFW524E5L2-FM,; ,SFW524E5L2-FMA,; ,SFW524E5N2,; ,SFW524E5N2-FM,; ,SFW524E5N2-FMA,; ,SPR524E5L2,; ,SPR524E5L2-FM,; ,SPR524E5L2-FMA,; ,SPR524E5N2,; ,SPR524E5N2-FM,; ,SPR524E5N2-FMA,; ,SR524E5L2,; ,SR524E5L2-FM,; ,SR524E5L2-FMA,; ,SR524E5N2,; ,SR524E5N2-FM,; ,SR524E5N2-FMA,; ,SW524E5L2,; ,SW524E5L2-FM,; ,SW524E5L2-FMA,; ,SW524E5N2,; ,SW524E5N2-FM,; ,SW524E5N2-FMA,; ,SWR524E5L2,; ,SWR524E5L2-FM,; ,SWR524E5L2-FMA,; ,SWR524E5N2,; ,SWR524E5N2-FM,; ,SWR524E5N2-FMA,; ,W524E5L2,; ,W524E5L2-FM,; ,W524E5L2-FMA,; ,W524E5N2,; ,W524E5N2-FM,; ,W524E5N2-FMA,; ,WR524E5L2,; ,WR524E5L2-FM,; ,WR524E5L2-FMA,; ,WR524E5N2,; ,WR524E5N2-FM,; ,WR524E5N2-FMA,",,Indoor Ceiling Fan,Standard Fan with Light Kit,52,259.3,3.2,21.4,0.4,,,0,,,,,,,,1,0,,2024-08-01,2025-02-13,United States,ES_1145460_CFR524E5L2_12272024095332_920121,0
3994451,Carro USA Inc.,Carro,CFR524E5L2,CFR524E5L2,",CES524E5L2,; ,CES524E5L2-FM,; ,CES524E5L2-FMA,; ,CES524E5N2,; ,CES524E5N2-FM,; ,CES524E5N2-FMA,; ,CFP524E5L2,; ,CFP524E5L2-FM,; ,CFP524E5L2-FMA,; ,CFP524E5N2,; ,CFP524E5N2-FM,; ,CFP524E5N2-FMA,; ,CFR524E5L2-FM,; ,CFR524E5L2-FMA,; ,CFR524E5N2,; ,CFR524E5N2-FM,; ,CFR524E5N2-FMA,; ,CFW524E5L2,; ,CFW524E5L2-FM,; ,CFW524E5L2-FMA,; ,CFW524E5N2,; ,CFW524E5N2-FM,; ,CFW524E5N2-FMA,; ,CPW524E5L2,; ,CPW524E5L2-FM,; ,CPW524E5L2-FMA,; ,CPW524E5N2,; ,CPW524E5N2-FM,; ,CPW524E5N2-FMA,; ,CRP524E5L2,; ,CRP524E5L2-FM,; ,CRP524E5L2-FMA,; ,CRP524E5N2,; ,CRP524E5N2-FM,; ,CRP524E5N2-FMA,; ,CRW524E5L2,; ,CRW524E5L2-FM,; ,CRW524E5L2-FMA,; ,CRW524E5N2,; ,CRW524E5N2-FM,; ,CRW524E5N2-FMA,; ,P524E5L2,; ,P524E5L2-FM,; ,P524E5L2-FMA,; ,P524E5N2,; ,P524E5N2-FM,; ,P524E5N2-FMA,; ,PR524E5L2,; ,PR524E5L2-FM,; ,PR524E5L2-FMA,; ,PR524E5N2,; ,PR524E5N2-FM,; ,PR524E5N2-FMA,; ,PRW524E5L2,; ,PRW524E5L2-FM,; ,PRW524E5L2-FMA,; ,PRW524E5N2,; ,PRW524E5N2-FM,; ,PRW524E5N2-FMA,; ,PW524E5L2,; ,PW524E5L2-FM,; ,PW524E5L2-FMA,; ,PW524E5N2,; ,PW524E5N2-FM,; ,PW524E5N2-FMA,; ,R524E5L2,; ,R524E5L2-FM,; ,R524E5L2-FMA,; ,R524E5N2,; ,R524E5N2-FM,; ,R524E5N2-FMA,; ,RPW524E5L2,; ,RPW524E5L2-FM,; ,RPW524E5L2-FMA,; ,RPW524E5N2,; ,RPW524E5N2-FM,; ,RPW524E5N2-FMA,; ,SFP524E5L2,; ,SFP524E5L2-FM,; ,SFP524E5L2-FMA,; ,SFP524E5N2,; ,SFP524E5N2-FM,; ,SFP524E5N2-FMA,; ,SFR524E5L2,; ,SFR524E5L2-FM,; ,SFR524E5L2-FMA,; ,SFR524E5N2,; ,SFR524E5N2-FM,; ,SFR524E5N2-FMA,; ,SFW524E5L2,; ,SFW524E5L2-FM,; ,SFW524E5L2-FMA,; ,SFW524E5N2,; ,SFW524E5N2-FM,; ,SFW524E5N2-FMA,; ,SPR524E5L2,; ,SPR524E5L2-FM,; ,SPR524E5L2-FMA,; ,SPR524E5N2,; ,SPR524E5N2-FM,; ,SPR524E5N2-FMA,; ,SR524E5L2,; ,SR524E5L2-FM,; ,SR524E5L2-FMA,; ,SR524E5N2,; ,SR524E5N2-FM,; ,SR524E5N2-FMA,; ,SW524E5L2,; ,SW524E5L2-FM,; ,SW524E5L2-FMA,; ,SW524E5N2,; ,SW524E5N2-FM,; ,SW524E5N2-FMA,; ,SWR524E5L2,; ,SWR524E5L2-FM,; ,SWR524E5L2-FMA,; ,SWR524E5N2,; ,SWR524E5N2-FM,; ,SWR524E5N2-FMA,; ,W524E5L2,; ,W524E5L2-FM,; ,W524E5L2-FMA,; ,W524E5N2,; ,W524E5N2-FM,; ,W524E5N2-FMA,; ,WR524E5L2,; ,WR524E5L2-FM,; ,WR524E5L2-FMA,; ,WR524E5N2,; ,WR524E5N2-FM,; ,WR524E5N2-FMA,",,Indoor Ceiling Fan,Standard Fan with Light Kit,52,259.3,3.2,21.4,0.4,,,0,,,,,,,,1,0,,2024-08-01,2025-02-13,United States,ES_1145460_CFR524E5L2_12272024095332_976578,0
2839461,Carro USA Inc.,Carro,SWR523E6N-FM,SWR523E6N-FM,",ADC523CN-FM,; ,ADC523CN-FMA,; ,ADC523E5N-FMA,; ,ADC523E6N-FMA,; ,BDC523CN-FM,; ,BDC523CN-FMA,; ,BDC523E5N-FMA,; ,BDC523E6N-FMA,; ,CE523CN-FM,; ,CE523CN-FMA,; ,CE523E5N-FMA,; ,CE523E6N-FMA,; ,CES523CN-FM,; ,CES523CN-FMA,; ,CES523E5N-FMA,; ,CES523E6N-FMA,; ,CFP523CN-FM,; ,CFP523CN-FMA,; ,CFP523E5N-FMA,; ,CFP523E6N-FMA,; ,CFR523CN-FM,; ,CFR523CN-FMA,; ,CFR523E5N-FMA,; ,CFR523E6N-FMA,; ,CFW523CN-FM,; ,CFW523CN-FMA,; ,CFW523E5N-FMA,; ,CFW523E6N-FM,; ,CFW523E6N-FMA,; ,CPR523CN-FM,; ,CPR523CN-FMA,; ,CPR523E5N-FMA,; ,CPR523E6N-FMA,; ,CWR523CN-FM,; ,CWR523CN-FMA,; ,CWR523E5N-FMA,; ,CWR523E6N-FM,; ,CWR523E6N-FMA,; ,LDC523CN-FM,; ,LDC523CN-FMA,; ,LDC523E5N-FMA,; ,LDC523E6N-FMA,; ,SFP523CN-FM,; ,SFP523CN-FMA,; ,SFP523E5N-FMA,; ,SFP523E6N-FMA,; ,SFR523CN-FM,; ,SFR523CN-FMA,; ,SFR523E5N-FMA,; ,SFR523E6N-FMA,; ,SFW523CN-FM,; ,SFW523CN-FMA,; ,SFW523E5N-FMA,; ,SFW523E6N-FMA,; ,SPR523CN-FM,; ,SPR523CN-FMA,; ,SPR523E5N-FMA,; ,SPR523E6N-FMA,; ,SWR523CN-FM,; ,SWR523CN-FMA,; ,SWR523E5N-FMA,; ,SWR523E6N-FMA,; ,WGA523CN-FM,; ,WGA523CN-FMA,; ,WGA523E5N-FMA,; ,WGA523E6N-FMA,; ,WGS523CN-FM,; ,WGS523CN-FMA,; ,WGS523E5N-FMA,; ,WGS523E6N-FMA,; ,YDC523CN-FM,; ,YDC523CN-FMA,; ,YDC523E5N-FMA,; ,YDC523E6N-FMA,",,Indoor Ceiling Fan,Standard Fan Only,52,238.2,1.6,21.1,0.5,,,0,,,,,,,,1,0,,2023-05-25,2023-12-12,United States,ES_1145460_SWR523E6N-FM_11142023145332_6487923,0
2383323,Carro USA Inc.,Ce,CES-523FL,CES-523FL,,811300030990,Indoor Ceiling Fan,Standard Fan with Light Kit,52,199.9,2.5,26.8,1.7,,,0,Edison Opto Corporation,3360.0,40.0,0.96,,93.0,50000.0,1,0,,2021-07-20,2021-08-11,United States,ES_1145460_CES-523FL_07222021145541_9248994,0
2370887,Carro USA Inc.,Ce,CES-563FL,CES-563FL,,,Indoor Ceiling Fan,Standard Fan with Light Kit,56,190.4,2.5,32.3,1.7,,,0,Edison Opto Corporation,3360.0,40.0,0.96,,93.0,50000.0,1,0,,2021-12-01,2020-12-14,United States,ES_1145460_CES-563FL_11132020105535_265489,0
2371598,Carro USA Inc.,Ce,CES-603FL,CES-603FL,,,Indoor Ceiling Fan,Standard Fan with Light Kit,60,212.7,2.6,28.0,1.7,,,0,Edison Opto Corporation,3360.0,40.0,0.96,,93.0,50000.0,1,0,,2021-12-01,2021-01-04,United States,ES_1145460_CES-603FL_11162020111343_3420975,0
2740464,Carro USA Inc.,Ceme,CE523E5L,CE523E5L,",ADC523CL,; ,ADC523CL-FM,; ,ADC523CL-FMA,; ,ADC523E5L,; ,ADC523E5L-FM,; ,ADC523E5L-FMA,; ,ADC523E6L,; ,ADC523E6L-FM,; ,ADC523E6L-FMA,; ,BDC523CL,; ,BDC523CL-FM,; ,BDC523CL-FMA,; ,BDC523E5L,; ,BDC523E5L-FM,; ,BDC523E5L-FMA,; ,BDC523E6L,; ,BDC523E6L-FM,; ,BDC523E6L-FMA,; ,CE523CL,; ,CE523CL-FM,; ,CE523CL-FMA,; ,CE523E5L-FM,; ,CE523E5L-FMA,; ,CE523E6L,; ,CE523E6L-FM,; ,CE523E6L-FMA,; ,CES523CL,; ,CES523CL-FM,; ,CES523CL-FMA,; ,CES523E5L,; ,CES523E5L-FM,; ,CES523E5L-FMA,; ,CES523E6L,; ,CES523E6L-FM,; ,CES523E6L-FMA,; ,CFP523CL,; ,CFP523CL-FM,; ,CFP523CL-FMA,; ,CFP523E5L,; ,CFP523E5L-FM,; ,CFP523E5L-FMA,; ,CFP523E6L,; ,CFP523E6L-FM,; ,CFP523E6L-FMA,; ,CFR523CL,; ,CFR523CL-FM,; ,CFR523CL-FMA,; ,CFR523E5L,; ,CFR523E5L-FM,; ,CFR523E5L-FMA,; ,CFR523E6L,; ,CFR523E6L-FM,; ,CFR523E6L-FMA,; ,CFW523CL,; ,CFW523CL-FM,; ,CFW523CL-FMA,; ,CFW523E5L,; ,CFW523E5L-FM,; ,CFW523E5L-FMA,; ,CFW523E6L,; ,CFW523E6L-FM,; ,CFW523E6L-FMA,; ,CPR523CL,; ,CPR523CL-FM,; ,CPR523CL-FMA,; ,CPR523E5L,; ,CPR523E5L-FM,; ,CPR523E5L-FMA,; ,CPR523E6L,; ,CPR523E6L-FM,; ,CPR523E6L-FMA,; ,CWR523CL,; ,CWR523CL-FM,; ,CWR523CL-FMA,; ,CWR523E5L,; ,CWR523E5L-FM,; ,CWR523E5L-FMA,; ,CWR523E6L,; ,CWR523E6L-FM,; ,CWR523E6L-FMA,; ,LDC523CL,; ,LDC523CL-FM,; ,LDC523CL-FMA,; ,LDC523E5L,; ,LDC523E5L-FM,; ,LDC523E5L-FMA,; ,LDC523E6L,; ,LDC523E6L-FM,; ,LDC523E6L-FMA,; ,SFP523CL,; ,SFP523CL-FM,; ,SFP523CL-FMA,; ,SFP523E5L,; ,SFP523E5L-FM,; ,SFP523E5L-FMA,; ,SFP523E6L,; ,SFP523E6L-FM,; ,SFP523E6L-FMA,; ,SFR523CL,; ,SFR523CL-FM,; ,SFR523CL-FMA,; ,SFR523E5L,; ,SFR523E5L-FM,; ,SFR523E5L-FMA,; ,SFR523E6L,; ,SFR523E6L-FM,; ,SFR523E6L-FMA,; ,SFW523CL,; ,SFW523CL-FM,; ,SFW523CL-FMA,; ,SFW523E5L,; ,SFW523E5L-FM,; ,SFW523E5L-FMA,; ,SFW523E6L,; ,SFW523E6L-FM,; ,SFW523E6L-FMA,; ,SPR523CL,; ,SPR523CL-FM,; ,SPR523CL-FMA,; ,SPR523E5L,; ,SPR523E5L-FM,; ,SPR523E5L-FMA,; ,SPR523E6L,; ,SPR523E6L-FM,; ,SPR523E6L-FMA,; ,SWR523CL,; ,SWR523CL-FM,; ,SWR523CL-FMA,; ,SWR523E5L,; ,SWR523E5L-FM,; ,SWR523E5L-FMA,; ,SWR523E6L,; ,SWR523E6L-FM,; ,SWR523E6L-FMA,; ,WGA523CL,; ,WGA523CL-FM,; ,WGA523CL-FMA,; ,WGA523E5L,; ,WGA523E5L-FM,; ,WGA523E5L-FMA,; ,WGA523E6L,; ,WGA523E6L-FM,; ,WGA523E6L-FMA,; ,WGS523CL,; ,WGS523CL-FM,; ,WGS523CL-FMA,; ,WGS523E5L,; ,WGS523E5L-FM,; ,WGS523E5L-FMA,; ,WGS523E6L,; ,WGS523E6L-FM,; ,WGS523E6L-FMA,; ,YDC523CL,; ,YDC523CL-FM,; ,YDC523CL-FMA,; ,YDC523E5L,; ,YDC523E5L-FM,; ,YDC523E5L-FMA,; ,YDC523E6L,; ,YDC523E6L-FM,; ,YDC523E6L-FMA,",,Indoor Ceiling Fan,Standard Fan with Light Kit,52,238.2,1.6,21.1,0.5,,,0,,,,,,,,1,0,,2023-05-25,2023-11-22,United States,ES_1145460_CE523E5L_11142023142807_2848626,0
2839457,Carro USA Inc.,Ceme,CE523E5N,CE523E5N,",ADC523CN,; ,ADC523CN-FM,; ,ADC523CN-FMA,; ,ADC523E5N,; ,ADC523E5N-FM,; ,ADC523E5N-FMA,; ,ADC523E6N,; ,ADC523E6N-FM,; ,ADC523E6N-FMA,; ,BDC523CN,; ,BDC523CN-FM,; ,BDC523CN-FMA,; ,BDC523E5N,; ,BDC523E5N-FM,; ,BDC523E5N-FMA,; ,BDC523E6N,; ,BDC523E6N-FM,; ,BDC523E6N-FMA,; ,CE523CN,; ,CE523CN-FM,; ,CE523CN-FMA,; ,CE523E5N-FM,; ,CE523E5N-FMA,; ,CE523E6N,; ,CE523E6N-FM,; ,CE523E6N-FMA,; ,CES523CN,; ,CES523CN-FM,; ,CES523CN-FMA,; ,CES523E5N,; ,CES523E5N-FM,; ,CES523E5N-FMA,; ,CES523E6N,; ,CES523E6N-FM,; ,CES523E6N-FMA,; ,CFP523CN,; ,CFP523CN-FM,; ,CFP523CN-FMA,; ,CFP523E5N,; ,CFP523E5N-FM,; ,CFP523E5N-FMA,; ,CFP523E6N,; ,CFP523E6N-FM,; ,CFP523E6N-FMA,; ,CFR523CN,; ,CFR523CN-FM,; ,CFR523CN-FMA,; ,CFR523E5N,; ,CFR523E5N-FM,; ,CFR523E5N-FMA,; ,CFR523E6N,; ,CFR523E6N-FM,; ,CFR523E6N-FMA,; ,CFW523CN,; ,CFW523CN-FM,; ,CFW523CN-FMA,; ,CFW523E5N,; ,CFW523E5N-FM,; ,CFW523E5N-FMA,; ,CFW523E6N,; ,CFW523E6N-FM,; ,CFW523E6N-FMA,; ,CPR523CN,; ,CPR523CN-FM,; ,CPR523CN-FMA,; ,CPR523E5N,; ,CPR523E5N-FM,; ,CPR523E5N-FMA,; ,CPR523E6N,; ,CPR523E6N-FM,; ,CPR523E6N-FMA,; ,CWR523CN,; ,CWR523CN-FM,; ,CWR523CN-FMA,; ,CWR523E5N,; ,CWR523E5N-FM,; ,CWR523E5N-FMA,; ,CWR523E6N,; ,CWR523E6N-FM,; ,CWR523E6N-FMA,; ,LDC523CN,; ,LDC523CN-FM,; ,LDC523CN-FMA,; ,LDC523E5N,; ,LDC523E5N-FM,; ,LDC523E5N-FMA,; ,LDC523E6N,; ,LDC523E6N-FM,; ,LDC523E6N-FMA,; ,SFP523CN,; ,SFP523CN-FM,; ,SFP523CN-FMA,; ,SFP523E5N,; ,SFP523E5N-FM,; ,SFP523E5N-FMA,; ,SFP523E6N,; ,SFP523E6N-FM,; ,SFP523E6N-FMA,; ,SFR523CN,; ,SFR523CN-FM,; ,SFR523CN-FMA,; ,SFR523E5N,; ,SFR523E5N-FM,; ,SFR523E5N-FMA,; ,SFR523E6N,; ,SFR523E6N-FM,; ,SFR523E6N-FMA,; ,SFW523CN,; ,SFW523CN-FM,; ,SFW523CN-FMA,; ,SFW523E5N,; ,SFW523E5N-FM,; ,SFW523E5N-FMA,; ,SFW523E6N,; ,SFW523E6N-FM,; ,SFW523E6N-FMA,; ,SPR523CN,; ,SPR523CN-FM,; ,SPR523CN-FMA,; ,SPR523E5N,; ,SPR523E5N-FM,; ,SPR523E5N-FMA,; ,SPR523E6N,; ,SPR523E6N-FM,; ,SPR523E6N-FMA,; ,SWR523CN,; ,SWR523CN-FM,; ,SWR523CN-FMA,; ,SWR523E5N,; ,SWR523E5N-FM,; ,SWR523E5N-FMA,; ,SWR523E6N,; ,SWR523E6N-FM,; ,SWR523E6N-FMA,; ,WGA523CN,; ,WGA523CN-FM,; ,WGA523CN-FMA,; ,WGA523E5N,; ,WGA523E5N-FM,; ,WGA523E5N-FMA,; ,WGA523E6N,; ,WGA523E6N-FM,; ,WGA523E6N-FMA,; ,WGS523CN,; ,WGS523CN-FM,; ,WGS523CN-FMA,; ,WGS523E5N,; ,WGS523E5N-FM,; ,WGS523E5N-FMA,; ,WGS523E6N,; ,WGS523E6N-FM,; ,WGS523E6N-FMA,; ,YDC523CN,; ,YDC523CN-FM,; ,YDC523CN-FMA,; ,YDC523E5N,; ,YDC523E5N-FM,; ,YDC523E5N-FMA,; ,YDC523E6N,; ,YDC523E6N-FM,; ,YDC523E6N-FMA,",,Indoor Ceiling Fan,Standard Fan Only,52,238.2,1.6,21.1,0.5,,,0,,,,,,,,1,0,,2023-05-25,2023-12-12,United States,ES_1145460_CE523E5N_11142023144906_2192956,0
2400281,Carro USA Inc.,Ceme,CES483QL-FM,CES483QL-FM,",CES483Q5L-FM,; ,CES483Q6L-FM,",,Indoor Ceiling Fan,Standard Fan with Light Kit,48,150.7,3.3,21.9,1.8,,,0,Edison Opto Corporation,2140.0,24.0,0.9,,92.0,50000.0,1,0,,2022-03-01,2022-08-18,United States,ES_1145460_CES483QL-FM_08012022144905_9359326,0
2400305,Carro USA Inc.,Ceme,CES523BL,CES523BL,,,Indoor Ceiling Fan,Standard Fan with Light Kit,52,149.5,2.6,40.4,1.7,,,0,Edison Opto Corporation,2340.0,24.0,0.9,,93.0,50000.0,1,0,,2022-03-01,2022-08-18,United States,ES_1145460_CES523BL_08012022155816_9238052,0
2383324,Carro USA Inc.,Ceme,CES-523FL,CES-523FL,,811300030990,Indoor Ceiling Fan,Standard Fan with Light Kit,52,199.9,2.5,26.8,1.7,,,0,Edison Opto Corporation,3360.0,40.0,0.96,,93.0,50000.0,1,0,,2021-07-20,2021-08-11,United States,ES_1145460_CES-523FL_07222021145541_8426353,0
2400181,Carro USA Inc.,Ceme,CES523KL,CES523KL,,,Indoor Ceiling Fan,Standard Fan with Light Kit,52,219.8,3.0,19.3,1.8,,,0,Edison Opto Corporation,2140.0,24.0,0.9,,92.0,50000.0,1,0,,2022-03-01,2022-08-15,United States,ES_1145460_CES523KL_08102022094707_9768945,0
2400347,Carro USA Inc.,Ceme,CES523PL-FM,CES523PL-FM,",CES523P1L-FM,; ,CES523P1L2-FM,; ,CES523P2L-FM,; ,CES523P2L2-FM,; ,CES523P3L1-FM,",,Indoor Ceiling Fan,Hugger Fan with Light Kit,52,187.8,3.7,23.8,1.8,,,0,Edison Opto Corporation,2140.0,24.0,0.9,,92.0,50000.0,1,0,,2022-03-01,2022-08-19,United States,ES_1145460_CES523PL-FM_08012022145848_8791222,0
2400172,Carro USA Inc.,Ceme,CES523QL-FM,CES523QL-FM,",CES523Q5L-FM,; ,CES523Q6L-FM,",,Indoor Ceiling Fan,Standard Fan with Light Kit,52,148.1,2.9,25.9,1.9,,,0,Edison Opto Corporation,2140.0,24.0,0.9,,92.0,50000.0,1,0,,2022-03-01,2022-08-15,United States,ES_1145460_CES523QL-FM_08012022143343_2529373,0
2400286,Carro USA Inc.,Ceme,CES525BL,CES525BL,,,Indoor Ceiling Fan,Standard Fan with Light Kit,52,150.8,2.7,25.5,1.7,,,0,Edison Opto Corporation,2340.0,24.0,0.9,,93.0,50000.0,1,0,,2022-03-01,2022-08-18,United States,ES_1145460_CES525BL_03192022165119_1296458,0
2400177,Carro USA Inc.,Ceme,CES525JL,CES525JL,,,Indoor Ceiling Fan,Standard Fan with Light Kit,52,159.1,2.9,27.2,1.8,,,0,Edison Opto Corporation,2340.0,24.0,0.9,,93.0,50000.0,1,0,,2022-03-01,2022-08-15,United States,ES_1145460_CES525JL_06292022145015_1284380,0
2400300,Carro USA Inc.,Ceme,CES563BL,CES563BL,,,Indoor Ceiling Fan,Standard Fan with Light Kit,56,136.8,3.0,45.1,1.7,,,0,Edison Opto Corporation,2340.0,24.0,0.9,,93.0,50000.0,1,0,,2022-03-01,2022-08-18,United States,ES_1145460_CES563BL_08012022153750_3856588,0
2370885,Carro USA Inc.,Ceme,CES-563FL,CES-563FL,,,Indoor Ceiling Fan,Standard Fan with Light Kit,56,190.4,2.5,32.3,1.7,,,0,Edison Opto Corporation,3360.0,40.0,0.96,,93.0,50000.0,1,0,,2021-12-01,2020-12-14,United States,ES_1145460_CES-563FL_11132020105535_987235,0
2400291,Carro USA Inc.,Ceme,CES565B3L,CES565B3L,",CES565B6L,",,Indoor Ceiling Fan,Standard Fan with Light Kit,56,171.7,3.7,25.7,1.9,,,0,Edison Opto Corporation,2340.0,24.0,0.9,,93.0,50000.0,1,0,,2022-03-01,2022-08-18,United States,ES_1145460_CES565B3L_08012022152411_2845690,0
2371596,Carro USA Inc.,Ceme,CES-603FL,CES-603FL,,,Indoor Ceiling Fan,Standard Fan with Light Kit,60,212.7,2.6,28.0,1.7,,,0,Edison Opto Corporation,3360.0,40.0,0.96,,93.0,50000.0,1,0,,2021-12-01,2021-01-04,United States,ES_1145460_CES-603FL_11162020111343_6754323,0
3994447,Carro USA Inc.,Ceme,CFR523Q5L,CFR523Q5L,",CES523Q5L,; ,CES523Q5L-FM,; ,CES523Q5L-FMA,; ,CES523Q5N,; ,CES523Q5N-FM,; ,CES523Q5N-FMA,; ,CFP523Q5L,; ,CFP523Q5L-FM,; ,CFP523Q5L-FMA,; ,CFP523Q5N,; ,CFP523Q5N-FM,; ,CFP523Q5N-FMA,; ,CFR523Q5L-FM,; ,CFR523Q5L-FMA,; ,CFR523Q5N,; ,CFR523Q5N-FM,; ,CFR523Q5N-FMA,; ,CFW523Q5L,; ,CFW523Q5L-FM,; ,CFW523Q5L-FMA,; ,CFW523Q5N,; ,CFW523Q5N-FM,; ,CFW523Q5N-FMA,; ,CPW523Q5L,; ,CPW523Q5L-FM,; ,CPW523Q5L-FMA,; ,CPW523Q5N,; ,CPW523Q5N-FM,; ,CPW523Q5N-FMA,; ,CRP523Q5L,; ,CRP523Q5L-FM,; ,CRP523Q5L-FMA,; ,CRP523Q5N,; ,CRP523Q5N-FM,; ,CRP523Q5N-FMA,; ,CRW523Q5L,; ,CRW523Q5L-FM,; ,CRW523Q5L-FMA,; ,CRW523Q5N,; ,CRW523Q5N-FM,; ,CRW523Q5N-FMA,; ,P523Q5L,; ,P523Q5L-FM,; ,P523Q5L-FMA,; ,P523Q5N,; ,P523Q5N-FM,; ,P523Q5N-FMA,; ,PR523Q5L,; ,PR523Q5L-FM,; ,PR523Q5L-FMA,; ,PR523Q5N,; ,PR523Q5N-FM,; ,PR523Q5N-FMA,; ,PRW523Q5L,; ,PRW523Q5L-FM,; ,PRW523Q5L-FMA,; ,PRW523Q5N,; ,PRW523Q5N-FM,; ,PRW523Q5N-FMA,; ,PW523Q5L,; ,PW523Q5L-FM,; ,PW523Q5L-FMA,; ,PW523Q5N,; ,PW523Q5N-FM,; ,PW523Q5N-FMA,; ,R523Q5L,; ,R523Q5L-FM,; ,R523Q5L-FMA,; ,R523Q5N,; ,R523Q5N-FM,; ,R523Q5N-FMA,; ,RPW523Q5L,; ,RPW523Q5L-FM,; ,RPW523Q5L-FMA,; ,RPW523Q5N,; ,RPW523Q5N-FM,; ,RPW523Q5N-FMA,; ,SFP523Q5L,; ,SFP523Q5L-FM,; ,SFP523Q5L-FMA,; ,SFP523Q5N,; ,SFP523Q5N-FM,; ,SFP523Q5N-FMA,; ,SFR523Q5L,; ,SFR523Q5L-FM,; ,SFR523Q5L-FMA,; ,SFR523Q5N,; ,SFR523Q5N-FM,; ,SFR523Q5N-FMA,; ,SFW523Q5L,; ,SFW523Q5L-FM,; ,SFW523Q5L-FMA,; ,SFW523Q5N,; ,SFW523Q5N-FM,; ,SFW523Q5N-FMA,; ,SPR523Q5L,; ,SPR523Q5L-FM,; ,SPR523Q5L-FMA,; ,SPR523Q5N,; ,SPR523Q5N-FM,; ,SPR523Q5N-FMA,; ,SR523Q5L,; ,SR523Q5L-FM,; ,SR523Q5L-FMA,; ,SR523Q5N,; ,SR523Q5N-FM,; ,SR523Q5N-FMA,; ,SW523Q5L,; ,SW523Q5L-FM,; ,SW523Q5L-FMA,; ,SW523Q5N,; ,SW523Q5N-FM,; ,SW523Q5N-FMA,; ,SWR523Q5L,; ,SWR523Q5L-FM,; ,SWR523Q5L-FMA,; ,SWR523Q5N,; ,SWR523Q5N-FM,; ,SWR523Q5N-FMA,; ,W523Q5L,; ,W523Q5L-FM,; ,W523Q5L-FMA,; ,W523Q5N,; ,W523Q5N-FM,; ,W523Q5N-FMA,; ,WR523Q5L,; ,WR523Q5L-FM,; ,WR523Q5L-FMA,; ,WR523Q5N,; ,WR523Q5N-FM,; ,WR523Q5N-FMA,",,Indoor Ceiling Fan,Standard Fan with Light Kit,52,241.7,2.3,20.6,0.4,,,0,,,,,,,,1,0,,2024-08-01,2025-02-13,United States,ES_1145460_CFR523Q5L_12302024114752_37821,0
3994445,Carro USA Inc.,Ceme,CFR524E5L,CFR524E5L,",CES524E5L,; ,CES524E5L-FM,; ,CES524E5L-FMA,; ,CES524E5N,; ,CES524E5N-FM,; ,CES524E5N-FMA,; ,CFP524E5L,; ,CFP524E5L-FM,; ,CFP524E5L-FMA,; ,CFP524E5N,; ,CFP524E5N-FM,; ,CFP524E5N-FMA,; ,CFR524E5L-FM,; ,CFR524E5L-FMA,; ,CFR524E5N,; ,CFR524E5N-FM,; ,CFR524E5N-FMA,; ,CFW524E5L,; ,CFW524E5L-FM,; ,CFW524E5L-FMA,; ,CFW524E5N,; ,CFW524E5N-FM,; ,CFW524E5N-FMA,; ,CPW524E5L,; ,CPW524E5L-FM,; ,CPW524E5L-FMA,; ,CPW524E5N,; ,CPW524E5N-FM,; ,CPW524E5N-FMA,; ,CRP524E5L,; ,CRP524E5L-FM,; ,CRP524E5L-FMA,; ,CRP524E5N,; ,CRP524E5N-FM,; ,CRP524E5N-FMA,; ,CRW524E5L,; ,CRW524E5L-FM,; ,CRW524E5L-FMA,; ,CRW524E5N,; ,CRW524E5N-FM,; ,CRW524E5N-FMA,; ,P524E5L,; ,P524E5L-FM,; ,P524E5L-FMA,; ,P524E5N,; ,P524E5N-FM,; ,P524E5N-FMA,; ,PR524E5L,; ,PR524E5L-FM,; ,PR524E5L-FMA,; ,PR524E5N,; ,PR524E5N-FM,; ,PR524E5N-FMA,; ,PRW524E5L,; ,PRW524E5L-FM,; ,PRW524E5L-FMA,; ,PRW524E5N,; ,PRW524E5N-FM,; ,PRW524E5N-FMA,; ,PW524E5L,; ,PW524E5L-FM,; ,PW524E5L-FMA,; ,PW524E5N,; ,PW524E5N-FM,; ,PW524E5N-FMA,; ,R524E5L,; ,R524E5L-FM,; ,R524E5L-FMA,; ,R524E5N,; ,R524E5N-FM,; ,R524E5N-FMA,; ,RPW524E5L,; ,RPW524E5L-FM,; ,RPW524E5L-FMA,; ,RPW524E5N,; ,RPW524E5N-FM,; ,RPW524E5N-FMA,; ,SFP524E5L,; ,SFP524E5L-FM,; ,SFP524E5L-FMA,; ,SFP524E5N,; ,SFP524E5N-FM,; ,SFP524E5N-FMA,; ,SFR524E5L,; ,SFR524E5L-FM,; ,SFR524E5L-FMA,; ,SFR524E5N,; ,SFR524E5N-FM,; ,SFR524E5N-FMA,; ,SFW524E5L,; ,SFW524E5L-FM,; ,SFW524E5L-FMA,; ,SFW524E5N,; ,SFW524E5N-FM,; ,SFW524E5N-FMA,; ,SPR524E5L,; ,SPR524E5L-FM,; ,SPR524E5L-FMA,; ,SPR524E5N,; ,SPR524E5N-FM,; ,SPR524E5N-FMA,; ,SR524E5L,; ,SR524E5L-FM,; ,SR524E5L-FMA,; ,SR524E5N,; ,SR524E5N-FM,; ,SR524E5N-FMA,; ,SW524E5L,; ,SW524E5L-FM,; ,SW524E5L-FMA,; ,SW524E5N,; ,SW524E5N-FM,; ,SW524E5N-FMA,; ,SWR524E5L,; ,SWR524E5L-FM,; ,SWR524E5L-FMA,; ,SWR524E5N,; ,SWR524E5N-FM,; ,SWR524E5N-FMA,; ,W524E5L,; ,W524E5L-FM,; ,W524E5L-FMA,; ,W524E5N,; ,W524E5N-FM,; ,W524E5N-FMA,; ,WR524E5L,; ,WR524E5L-FM,; ,WR524E5L-FMA,; ,WR524E5N,; ,WR524E5N-FM,; ,WR524E5N-FMA,",,Indoor Ceiling Fan,Standard Fan with Light Kit,52,242.4,1.5,22.7,0.0,,,0,,,,,,,,1,0,,2024-08-01,2025-02-13,United States,ES_1145460_CFR524E5L_12302024144349_8193837,0
3555337,Ferguson Enterprises,Miseno,FF525HBNCMES,FF525HBNCMES,,781889918531,Indoor Ceiling Fan,Standard Fan Only,52,224.3,2.5,23.9,0.0,,3.0,0,,,,,,,,1,0,,2023-11-05,2024-07-26,United States,ES_1092191_FF525HBNCMES_072520241749341_1776151,0
3555333,Ferguson Enterprises,Miseno,FF525HBNCMES,FF525H**CMES,",,(** may be suffixed with any two alphanumeric characters, represents color or configuration difference.)",,Indoor Ceiling Fan,Standard Fan Only,52,224.3,2.5,23.9,0.0,,3.0,0,,,,,,,,1,0,,2023-11-05,2024-07-26,United States,ES_1092191_FF525H**CMES_072520241742355_5831306,0
3555339,Ferguson Enterprises,Westcraft,FF525HBNCMES,TS-52-019,,,Indoor Ceiling Fan,Hugger Fan Only,52,210.6,2.5,26.7,0.0,,3.0,0,,,,,,,,1,0,,2023-11-05,2024-07-26,United States,ES_1092191_TS-52-019_072520241753144_6901448,1
2635639,Globalux Lighting LLC,Globalux Lighting,ESKY-52-3-19-120D-930-XXXXX,ESKY-52-3-19-120D-930-*****,",,(*****(Model with suffix *, where * may be blank or alphanumeric character)",025066018240;025066018257;025066018264,Indoor Ceiling Fan,Standard Fan Only,52,113.3,12.4,51.3,0.0,,3.0,0,,,,,,,,1,0,,2023-09-25,2023-08-11,"United States, Canada",ES_1131198_ESKY-52-3-19-120D-930-*****_080720230804692_7750256,0
2635640,Globalux Lighting LLC,Globalux Lighting,ESKY-52-3-19-120D-930-XXXXX,ESKY-52-3-2MB-120D-930-*****,",,(*****(Model with suffix *, where * may be blank or alphanumeric character)",025066018240;025066018257;025066018264,Indoor Ceiling Fan,Standard Fan Only,52,113.3,12.4,51.3,0.0,,3.0,0,,,,,,,,1,0,,2023-09-25,2023-08-11,"United States, Canada",ES_1131198_ESKY-52-3-2MB-120D-930-*****_080920230838186_8138373,0
2635641,Globalux Lighting LLC,Globalux Lighting,ESKY-52-5-19-120D-930-XXXXX,ESKY-52-5-19-120D-930-*****,",,(*****(Model with suffix *, where * may be blank or alphanumeric character)",025066018271,Indoor Ceiling Fan,Standard Fan Only,52,111.3,12.5,50.8,0.0,,3.0,0,,,,,,,,1,0,,2023-09-25,2023-08-11,"United States, Canada",ES_1131198_ESKY-52-5-19-120D-930-*****_080720230904506_5458493,0
2681102,Globalux Lighting LLC,Globalux Lighting,ESKY-52-5-19-120D-930-XXXXX,ESKY-52-5-2MB-120D-930-*****,",,(*****(Model with suffix *, where * may be blank or alphanumeric character)",025066018271,Indoor Ceiling Fan,Standard Fan Only,52,111.3,12.5,50.8,0.0,,3.0,0,,,,,,,,1,0,,2023-09-25,2023-08-11,"United States, Canada",ES_1131198_ESKY-52-5-2MB-120D-930-*****_10112023022000_5333610,0
2687105,Globalux Lighting LLC,Globalux Lighting,"Skylux 52"" Ceiling Fan, 4-Blade",ESKY-52-4-19-120D-930-**-**-**,",,(Model with suffix ""**"", where ""*"" may be blank oralphanumeric character)",,Indoor Ceiling Fan,Standard Fan Only,52,113.5,12.4,50.2,0.0,,3.0,0,,,,,,,,1,0,,2023-10-30,2023-10-30,"United States, Canada",ES_1131198_ESKY-52-4-19-120D-930-**-**-**_103020230658267_5222267,0
2687103,Globalux Lighting LLC,Globalux Lighting,"Skylux 52"" Ceiling Fan, 4-Blade",ESKY-52-4-2MB-120-930-**-**-**,",,(Model with suffix ""**"", where ""*"" may be blank oralphanumeric character)",,Indoor Ceiling Fan,Standard Fan Only,52,113.5,12.4,50.2,0.0,,3.0,0,,,,,,,,1,0,,2023-10-30,2023-10-30,"United States, Canada",ES_1131198_ESKY-52-4-2MB-120-930-**-**-**_103020230657577_3785157,0
2687104,Globalux Lighting LLC,Globalux Lighting,"Skylux 52"" Ceiling Fan, 4-Blade",ESKY-52-4-2MB-120-930-BN-SL-PC,,025066018516,Indoor Ceiling Fan,Standard Fan Only,52,113.5,12.4,50.2,0.0,,3.0,0,,,,,,,,1,0,,2023-10-30,2023-10-30,"United States, Canada",ES_1131198_ESKY-52-4-2MB-120-930-BN-SL-PC_102620230925968_2540432,0
2697682,Globalux Lighting LLC,Globalux Lighting,"Vento 52"" Fan, 4 Blade",EVNT-52-4-120-**-**-**,",,(Model with suffix **, where * may be blank or alphanumeric character)",,Indoor Ceiling Fan,Standard Fan Only,52,112.2,12.8,46.9,0.0,,3.0,0,,,,,,,,1,0,,2023-10-30,2023-10-31,"United States, Canada",ES_1131198_EVNT-52-4-120-**-**-**_103020230818316_3924444,0
2697683,Globalux Lighting LLC,Globalux Lighting,"Vento 52"" Fan, 4 Blade",EVNT-52-4-120-BL-BL-PC,,025066018554,Indoor Ceiling Fan,Standard Fan Only,52,112.2,12.8,46.9,0.0,,3.0,0,,,,,,,,1,0,,2023-10-30,2023-10-31,"United States, Canada",ES_1131198_EVNT-52-4-120-BL-BL-PC_103020230821961_1602821,0
2697684,Globalux Lighting LLC,Globalux Lighting,"Vento 52"" Fan, 4 Blade",EVNT-52-4-120-BN-SL-PC,,025066018547,Indoor Ceiling Fan,Standard Fan Only,52,112.2,12.8,46.9,0.0,,3.0,0,,,,,,,,1,0,,2023-10-30,2023-10-31,"United States, Canada",ES_1131198_EVNT-52-4-120-BN-SL-PC_102620230936769_8975513,0
2697685,Globalux Lighting LLC,Globalux Lighting,"Vento 52"" Fan, 4 Blade",EVNT-52-4-18-120D-930-**-**-**,",,(Model with suffix **, where * may be blank or alphanumeric character)",,Indoor Ceiling Fan,Standard Fan Only,52,112.2,12.8,46.9,0.0,,3.0,0,,,,,,,,1,0,,2023-10-30,2023-10-31,"United States, Canada",ES_1131198_EVNT-52-4-18-120D-930-**-**-**_103020230816344_2619365,0
2732637,Globe Electric Inc.,Globe,27105,27105,",GE27015,",,Indoor Ceiling Fan,Standard Fan with Light Kit,48,270.7,3.0,21.6,0.6,,3.0,0,,,,,,,,1,0,,2023-11-03,2023-11-10,United States,ES_31577_27105_11092023172847_5815088,1
2732638,Globe Electric Inc.,Globe,27106;GE27016,27106;GE27016,,,Indoor Ceiling Fan,Standard Fan with Light Kit,48,274.6,4.9,20.9,0.6,,3.0,0,,,,,,,,1,0,,2023-11-03,2023-11-10,United States,ES_31577_27106;GE27016_11092023173137_1237298,1
2732639,Globe Electric Inc.,Globe,27107,27107,",GE27107,",,Indoor Ceiling Fan,Standard Fan with Light Kit,48,232.7,4.9,25.8,1.2,,3.0,0,,,,,,,,1,0,,2023-11-01,2023-11-10,United States,ES_31577_27107_11092023173628_9856836,0
2732633,Globe Electric Inc.,Globe,27109,27109,",GE27109,",,Indoor Ceiling Fan,Standard Fan with Light Kit,52,154.8,6.1,52.8,1.1,,3.0,0,,,,,,,,1,0,,2023-11-01,2023-11-10,United States,ES_31577_27109_11092023172459_1981164,0
4016388,Globe Electric Inc.,Globe,27109-U,27109-U,,,Indoor Ceiling Fan,Standard Fan with Light Kit,52,197.4,5.2,31.5,1.1,,3.0,0,,,,,,,,1,0,,2025-04-01,2025-04-29,"United States, Canada",ES_31577_27109-U_04232025182108_6794397,0
3813007,Globe Electric Inc.,Globe,37000026,37000026,,,Indoor Ceiling Fan,Standard Fan with Light Kit,56,212.4,,32.4,1.3,,3.0,0,,,,,,,,1,0,,2024-11-15,2024-11-15,"United States, Canada",ES_31577_37000026_10282024152800_0000001,0
4016389,Globe Electric Inc.,Globe,37000055,37000055,,,Indoor Ceiling Fan,Standard Fan with Light Kit,52,201.7,4.3,24.8,1.7,,3.0,0,,,,,,,,1,0,,2025-04-01,2025-04-29,"United States, Canada",ES_31577_37000055_04232025184558_688135,0
3543477,Globe Electric Inc.,Globe,37000062,37000062,,058219855904,Indoor Ceiling Fan,Hugger Fan with Light Kit,52,183.2,3.5,28.3,0.7,,3.0,0,,,,,,,,1,0,,2024-06-11,2024-06-13,"United States, Canada",ES_31577_37000062_06112024165027_2242395,0
3543479,Globe Electric Inc.,Globe,37000063,37000063,,058219938317,Indoor Ceiling Fan,Standard Fan with Light Kit,52,139.6,5.1,50.8,1.3,,3.0,0,,,,,,,,1,0,,2024-06-11,2024-06-13,"United States, Canada",ES_31577_37000063_06112024165523_2243310,0
3629710,Globe Electric Inc.,Globe,37000087,37000087,,058219938317,Indoor Ceiling Fan,Standard Fan Only,52,139.6,5.1,50.8,1.3,,,0,,,,,,,,1,0,,2024-06-11,2024-09-27,United States,ES_31577_37000087_09192024160729_5426294,0
3813016,Globe Electric Inc.,Globe,37000088,37000088,,,Indoor Ceiling Fan,Standard Fan with Light Kit,52,169.7,,36.1,0.8,,3.0,0,,,,,,,,1,0,,2024-11-15,2024-11-15,"United States, Canada",ES_31577_37000088_10282024152800_0000001,0
3629716,Globe Electric Inc.,Globe,37000089,37000089,,058219938317,Indoor Ceiling Fan,Standard Fan Only,52,194.4,6.7,37.5,0.7,,,0,,,,,,,,1,0,,2024-06-11,2024-09-27,United States,ES_31577_37000089_09202024143206_9516565,0
3813011,Globe Electric Inc.,Globe,37000090,37000090,,,Indoor Ceiling Fan,Standard Fan with Light Kit,52,190.8,,28.9,0.7,,3.0,0,,,,,,,,1,0,,2024-11-15,2024-11-15,"United States, Canada",ES_31577_37000090_10282024152800_0000001,0
4481202,Globe Electric Inc.,Globe,37000132,37000132,,058219703625,Indoor Ceiling Fan,Standard Fan Only,30,128.0,8.0,27.6,0.5,,3.0,0,,,,,,,,1,0,,2025-08-10,2025-08-13,"United States, Canada",ES_31577_37000132_080720250743235_2047340,0
4480837,Globe Electric Inc.,Globe,37000139,37000139,,058219200131,Indoor Ceiling Fan,Standard Fan Only,72,187.0,9.4,55.0,0.6,,3.0,0,,,,,,,,1,0,,2025-07-15,2025-07-25,"United States, Canada",ES_31577_37000139_071020250906206_6543019,0
4480839,Globe Electric Inc.,Globe,37000168,37000168,,058219692370,Indoor Ceiling Fan,Standard Fan Only,60,157.0,6.2,50.2,1.4,,3.0,0,,,,,,,,1,0,,2025-07-15,2025-07-25,"United States, Canada",ES_31577_37000168_07102025085859_2277222,0
4498478,Globe Electric Inc.,Globe,Ceiling Fan,37000152,,058219291627,Indoor Ceiling Fan,Standard Fan Only,42,174.4,3.5,21.7,1.0,,3.0,0,,,,,,,,1,0,,2025-09-25,2025-09-10,"United States, Canada",ES_31577_37000152_091020250721585_7941351,0
4498480,Globe Electric Inc.,Globe,Ceiling Fan,37000153,,058219761212,Indoor Ceiling Fan,Standard Fan Only,52,155.5,3.7,34.7,1.1,,3.0,0,,,,,,,,1,0,,2025-09-25,2025-09-10,"United States, Canada",ES_31577_37000153_082220251421278_4331824,0
4498479,Globe Electric Inc.,Globe,Ceiling Fan,37000165,,058219059739,Indoor Ceiling Fan,Standard Fan Only,42,174.4,3.5,21.7,1.0,,3.0,0,,,,,,,,1,0,,2025-09-25,2025-09-10,"United States, Canada",ES_31577_37000165_082220251357112_1037658,0
4480838,Globe Electric Inc.,Globe,GE37000139,GE37000139,,058219200131,Indoor Ceiling Fan,Standard Fan Only,72,187.0,9.4,55.0,0.6,,3.0,0,,,,,,,,1,0,,2025-07-15,2025-07-25,"United States, Canada",ES_31577_GE37000139_072520250645708_1566356,0
4480840,Globe Electric Inc.,Globe,GE37000168,GE37000168,,058219692370,Indoor Ceiling Fan,Standard Fan Only,60,157.0,6.2,50.2,1.4,,3.0,0,,,,,,,,1,0,,2025-07-15,2025-07-25,"United States, Canada",ES_31577_GE37000168_072520250340679_3363989,0
3543478,Globe Electric Inc.,Globe,GE37062,GE37062,,,Indoor Ceiling Fan,Hugger Fan with Light Kit,52,183.2,3.5,28.3,0.7,,3.0,0,,,,,,,,1,0,,2024-06-11,2024-06-13,"United States, Canada",ES_31577_GE37062_06112024165032_5048639,0
3543480,Globe Electric Inc.,Globe,GE37063,GE37063,,,Indoor Ceiling Fan,Standard Fan with Light Kit,52,139.6,5.1,50.8,1.3,,3.0,0,,,,,,,,1,0,,2024-06-11,2024-06-13,"United States, Canada",ES_31577_GE37063_06112024165528_5791895,0
3629711,Globe Electric Inc.,Globe,GE37087,GE37087,,,Indoor Ceiling Fan,Standard Fan Only,52,139.6,5.1,50.8,1.3,,,0,,,,,,,,1,0,,2024-06-11,2024-09-27,"United States, Canada",ES_31577_GE37087_09192024160839_7754023,0
4481203,Globe Electric Inc.,Globe,GL37000132,GL37000132,,058219703625,Indoor Ceiling Fan,Standard Fan Only,30,128.0,8.0,27.6,0.5,,3.0,0,,,,,,,,1,0,,2025-08-10,2025-08-13,"United States, Canada",ES_31577_GL37000132_081320250204898_6396250,0
2389855,Greenheck Fan Corporation,Greenheck,DC-5-4-3MV****,DC-5-4-3MV****,,,Indoor Ceiling Fan,Standard Fan Only,52,251.2,,25.3,3.2,,10.0,0,,,,,,,,1,0,,2021-10-04,2021-12-29,United States,ES_1003326_DC-5-4-3MV****_12162021104252_1913263,0
2389857,Greenheck Fan Corporation,Greenheck,DC-5-5-3MV****,DC-5-5-3MV****,,,Indoor Ceiling Fan,Standard Fan Only,60,222.9,,41.2,3.2,,10.0,0,,,,,,,,1,0,,2021-10-04,2021-12-29,United States,ES_1003326_DC-5-5-3MV****_12162021110247_8882257,0
2389859,Greenheck Fan Corporation,Greenheck,DC-5-6-3MV****,DC-5-6-3MV****,,,Indoor Ceiling Fan,Standard Fan Only,72,220.5,,56.4,3.2,,10.0,0,,,,,,,,1,0,,2021-10-04,2021-12-29,United States,ES_1003326_DC-5-6-3MV****_12162021111653_8175012,0
2389862,Greenheck Fan Corporation,Greenheck,DC-5-7-3MV****,DC-5-7-3MV****,,,Indoor Ceiling Fan,Standard Fan Only,84,236.6,,61.4,3.2,,10.0,0,,,,,,,,1,0,,2021-10-04,2021-12-29,United States,ES_1003326_DC-5-7-3MV****_12162021112525_5757562,0
2389856,Greenheck Fan Corporation,Venco,VCFC-5-4-3MV****,VCFC-5-4-3MV****,",VCFC-5-5-3MV****,; ,VCFC-5-6-3MV****,; ,VCFC-5-7-3MV****,",,Indoor Ceiling Fan,Standard Fan Only,52,251.2,,25.3,3.2,,10.0,0,,,,,,,,1,0,,2021-10-04,2021-12-29,United States,ES_1003326_VCFC-5-4-3MV****_12162021104252_2018549,0
2389858,Greenheck Fan Corporation,Venco,VCFC-5-4-3MV****,VCFC-5-4-3MV****,",VCFC-5-5-3MV****,; ,VCFC-5-6-3MV****,; ,VCFC-5-7-3MV****,",,Indoor Ceiling Fan,Standard Fan Only,60,222.9,,41.2,3.2,,10.0,0,,,,,,,,1,0,,2021-10-04,2021-12-29,United States,ES_1003326_VCFC-5-4-3MV****_12162021110247_886347,0
2389860,Greenheck Fan Corporation,Venco,VCFC-5-4-3MV****,VCFC-5-4-3MV****,",VCFC-5-5-3MV****,; ,VCFC-5-6-3MV****,; ,VCFC-5-7-3MV****,",,Indoor Ceiling Fan,Standard Fan Only,72,220.5,,56.4,3.2,,10.0,0,,,,,,,,1,0,,2021-10-04,2021-12-29,United States,ES_1003326_VCFC-5-4-3MV****_12162021111653_8012659,0
2389863,Greenheck Fan Corporation,Venco,VCFC-5-4-3MV****,VCFC-5-4-3MV****,",VCFC-5-5-3MV****,; ,VCFC-5-6-3MV****,; ,VCFC-5-7-3MV****,",,Indoor Ceiling Fan,Standard Fan Only,84,236.6,,61.4,3.2,,10.0,0,,,,,,,,1,0,,2021-10-04,2021-12-29,United States,ES_1003326_VCFC-5-4-3MV****_12162021112525_4348871,0
3706665,"Guangdong Zhongpai Electric Technology Co., Ltd.",Zhong Pai,S52-650,S52-650,,65020240920,Indoor Ceiling Fan,Standard Fan with Light Kit,52,143.3,4.7,49.9,0.5,,,0,,,,,,,,1,0,,2024-09-01,2024-10-21,"United States, Canada",ES_1151242_S52-650_10082024104419_7685968,0
4005924,Hunter Fan Company,Casablanca,"52"" Eyla",53720,,049694537201,Indoor Ceiling Fan,Standard Fan Only,52,293.7,1.3,18.1,0.5,,3.0,0,,,,,,,,1,0,,2025-03-25,2025-03-24,"United States, Canada",ES_1020599_53720_032720250941766_4063963,1
4005923,Hunter Fan Company,Casablanca,"52"" Eyla",53721,,049694537218,Indoor Ceiling Fan,Standard Fan Only,52,293.7,1.3,18.1,0.5,,3.0,0,,,,,,,,1,0,,2025-03-25,2025-03-24,"United States, Canada",ES_1020599_53721_032720250943947_4407929,1
4005926,Hunter Fan Company,Casablanca,52in Coveview,53723,,049694537232,Indoor Ceiling Fan,Standard Fan Only,52,262.4,1.5,23.4,0.4,,3.0,0,,,,,,,,1,0,,2025-03-25,2025-03-27,"United States, Canada",ES_1020599_53723_032420250217896_3186918,0
4005925,Hunter Fan Company,Casablanca,52in Coveview,53724,,049694537249,Indoor Ceiling Fan,Standard Fan Only,52,262.4,1.5,23.4,0.4,,3.0,0,,,,,,,,1,0,,2025-03-25,2025-03-27,"United States, Canada",ES_1020599_53724_032720250958459_2397505,0
3892424,Hunter Fan Company,Casablanca,52in Eula,53582,,049694535825,Indoor Ceiling Fan,Standard Fan Only,52,261.5,1.1,22.5,0.4,,3.0,0,,,,,,,,1,0,,2025-05-07,2025-01-07,"United States, Canada",ES_1020599_53582_010220250331448_4712145,0
3892423,Hunter Fan Company,Casablanca,52in Eula,53587,,049694535870,Indoor Ceiling Fan,Standard Fan Only,52,261.5,1.1,22.5,0.4,,3.0,0,,,,,,,,1,0,,2025-05-07,2025-01-07,"United States, Canada",ES_1020599_53587_010720250256645_9304906,0
3892429,Hunter Fan Company,Casablanca,52in Julia,53650,,049694536501,Indoor Ceiling Fan,Standard Fan Only,52,201.1,1.1,36.8,0.4,,3.0,0,,,,,,,,1,0,,2025-05-07,2025-01-02,"United States, Canada",ES_1020599_53650_01022025051501_8392127,0
3892428,Hunter Fan Company,Casablanca,52in Julia,53651,,049694536518,Indoor Ceiling Fan,Standard Fan Only,52,201.1,1.1,36.8,0.4,,3.0,0,,,,,,,,1,0,,2025-05-07,2025-01-07,"United States, Canada",ES_1020599_53651_010720250626843_2021604,0
3722000,Hunter Fan Company,Casablanca,54in Elise,53467,,049694534675,Indoor Ceiling Fan,Standard Fan Only,54,213.4,1.4,36.3,0.4,,3.0,0,,,,,,,,1,0,,2025-01-20,2024-10-29,"United States, Canada",ES_1020599_53467_102620240817657_1644527,0
3892430,Hunter Fan Company,Casablanca,60in Azalea,53584,,049694535849,Indoor Ceiling Fan,Standard Fan Only,60,248.9,1.5,36.3,0.4,,3.0,0,,,,,,,,1,0,,2025-05-07,2025-01-07,"United States, Canada",ES_1020599_53584_010220250524155_8377375,0
3721995,Hunter Fan Company,Casablanca,60in Inez,53469,,049694534699,Indoor Ceiling Fan,Standard Fan Only,60,316.3,1.3,21.8,0.4,,3.0,0,,,,,,,,1,0,,2025-01-20,2024-10-29,"United States, Canada",ES_1020599_53469_102620240752655_4500956,1
3721996,Hunter Fan Company,Casablanca,60in Inez,53565,,049694535658,Indoor Ceiling Fan,Standard Fan Only,60,316.3,1.3,21.8,0.4,,3.0,0,,,,,,,,1,0,,2025-01-20,2024-10-29,"United States, Canada",ES_1020599_53565_10282024094254_8323730,1
3721991,Hunter Fan Company,Casablanca,"60"" Stingray",53510,,49694535108,Indoor Ceiling Fan,Standard Fan Only,60,250.0,4.9,32.6,0.4,,3.0,0,,,,,,,,1,0,,2025-01-20,2024-10-29,"United States, Canada",ES_1020599_53510_102520240646999_1670345,0
3721994,Hunter Fan Company,Casablanca,"60"" Stingray",53513,,49694535139,Indoor Ceiling Fan,Standard Fan Only,60,250.0,4.9,32.6,0.4,,3.0,0,,,,,,,,1,0,,2025-01-20,2024-10-29,"United States, Canada",ES_1020599_53513_102520240645216_7427786,0
3721997,Hunter Fan Company,Casablanca,65in Melia,53470,,049694534705,Indoor Ceiling Fan,Standard Fan Only,65,253.4,3.2,36.1,0.4,,3.0,0,,,,,,,,1,0,,2025-01-20,2024-10-29,"United States, Canada",ES_1020599_53470_102620240805130_7064609,0
3721998,Hunter Fan Company,Casablanca,65in Melia,53471,,049694534712,Indoor Ceiling Fan,Standard Fan Only,65,253.4,3.2,36.1,0.4,,3.0,0,,,,,,,,1,0,,2025-01-20,2024-10-29,"United States, Canada",ES_1020599_53471_102820241028785_1029671,0
3721999,Hunter Fan Company,Casablanca,65in Melia,53568,,049694535689,Indoor Ceiling Fan,Standard Fan Only,65,253.4,3.2,36.1,0.4,,3.0,0,,,,,,,,1,0,,2025-01-20,2024-10-29,"United States, Canada",ES_1020599_53568_102820241027546_9811314,0
2765427,Hunter Fan Company,Hunter,44 Anisten,52774,,049694527745,Indoor Ceiling Fan,Hugger Fan Only,44,295.9,1.6,12.5,0.3,,3.0,0,,,,,,,,1,0,,2025-03-29,2025-03-24,"United States, Canada",ES_1020599_52774_112720230832657_2487430,1
2765426,Hunter Fan Company,Hunter,44 Anisten,52775,,049694527752,Indoor Ceiling Fan,Hugger Fan Only,44,295.9,1.6,12.5,0.3,,3.0,0,,,,,,,,1,0,,2025-03-29,2023-11-27,"United States, Canada",ES_1020599_52775_112020230654774_6827923,1
4012657,Hunter Fan Company,Hunter,44in Infinity,53642,,049694536426,Indoor Ceiling Fan,Standard Fan Only,44,191.2,2.4,22.3,0.5,,3.0,0,,,,,,,,1,0,,2025-04-08,2025-04-10,"United States, Canada",ES_1020599_53642_04012025054215_2697135,0
4012656,Hunter Fan Company,Hunter,44in Infinity,53643,,049694536433,Indoor Ceiling Fan,Standard Fan Only,44,191.2,2.4,22.3,0.5,,3.0,0,,,,,,,,1,0,,2025-04-08,2025-04-10,"United States, Canada",ES_1020599_53643_041020250152943_9985109,0
4012658,Hunter Fan Company,Hunter,44in Infinity,53656,,049694536563,Indoor Ceiling Fan,Standard Fan Only,44,191.2,2.4,22.3,0.5,,3.0,0,,,,,,,,1,0,,2025-04-08,2025-04-10,"United States, Canada",ES_1020599_53656_041020250155468_5870156,0
4470623,Hunter Fan Company,Hunter,44in ZenTech 5-Blade,53636,,049694536365,Indoor Ceiling Fan,Standard Fan Only,44,207.3,2.8,21.3,0.6,,3.0,0,,,,,,,,1,0,,2025-07-21,2025-07-09,"United States, Canada",ES_1020599_53636_070920250548611_7275663,0
4470624,Hunter Fan Company,Hunter,44in ZenTech 5-Blade,53639,,049694536396,Indoor Ceiling Fan,Standard Fan Only,44,207.3,2.8,21.3,0.6,,3.0,0,,,,,,,,1,0,,2025-07-21,2025-07-09,"United States, Canada",ES_1020599_53639_070420250257862_4128818,0
4470622,Hunter Fan Company,Hunter,44in ZenTech 5-Blade,53641,,049694536419,Indoor Ceiling Fan,Standard Fan Only,44,207.3,2.8,21.3,0.6,,3.0,0,,,,,,,,1,0,,2025-07-21,2025-07-09,"United States, Canada",ES_1020599_53641_070920250549214_3145927,0
2765419,Hunter Fan Company,Hunter,"44"" Swanson",52777,,049694527776,Indoor Ceiling Fan,Hugger Fan Only,44,258.6,1.6,16.4,0.3,,3.0,0,,,,,,,,1,0,,2025-03-25,2025-03-21,"United States, Canada",ES_1020599_52777_112720230604229_5754203,1
2765421,Hunter Fan Company,Hunter,"44"" Swanson",52778,,049694527783,Indoor Ceiling Fan,Hugger Fan Only,44,257.2,1.7,17.8,0.3,,3.0,0,,,,,,,,1,0,,2025-03-25,2023-11-27,"United States, Canada",ES_1020599_52778_112720230626139_8633580,1
2839463,Carro USA Inc.,Trifecte,SWR523E6N-FM,SWR523E6N-FM,",ADC523CN-FM,; ,ADC523CN-FMA,; ,ADC523E5N-FMA,; ,ADC523E6N-FMA,; ,BDC523CN-FM,; ,BDC523CN-FMA,; ,BDC523E5N-FMA,; ,BDC523E6N-FMA,; ,CE523CN-FM,; ,CE523CN-FMA,; ,CE523E5N-FMA,; ,CE523E6N-FMA,; ,CES523CN-FM,; ,CES523CN-FMA,; ,CES523E5N-FMA,; ,CES523E6N-FMA,; ,CFP523CN-FM,; ,CFP523CN-FMA,; ,CFP523E5N-FMA,; ,CFP523E6N-FMA,; ,CFR523CN-FM,; ,CFR523CN-FMA,; ,CFR523E5N-FMA,; ,CFR523E6N-FMA,; ,CFW523CN-FM,; ,CFW523CN-FMA,; ,CFW523E5N-FMA,; ,CFW523E6N-FM,; ,CFW523E6N-FMA,; ,CPR523CN-FM,; ,CPR523CN-FMA,; ,CPR523E5N-FMA,; ,CPR523E6N-FMA,; ,CWR523CN-FM,; ,CWR523CN-FMA,; ,CWR523E5N-FMA,; ,CWR523E6N-FM,; ,CWR523E6N-FMA,; ,LDC523CN-FM,; ,LDC523CN-FMA,; ,LDC523E5N-FMA,; ,LDC523E6N-FMA,; ,SFP523CN-FM,; ,SFP523CN-FMA,; ,SFP523E5N-FMA,; ,SFP523E6N-FMA,; ,SFR523CN-FM,; ,SFR523CN-FMA,; ,SFR523E5N-FMA,; ,SFR523E6N-FMA,; ,SFW523CN-FM,; ,SFW523CN-FMA,; ,SFW523E5N-FMA,; ,SFW523E6N-FMA,; ,SPR523CN-FM,; ,SPR523CN-FMA,; ,SPR523E5N-FMA,; ,SPR523E6N-FMA,; ,SWR523CN-FM,; ,SWR523CN-FMA,; ,SWR523E5N-FMA,; ,SWR523E6N-FMA,; ,WGA523CN-FM,; ,WGA523CN-FMA,; ,WGA523E5N-FMA,; ,WGA523E6N-FMA,; ,WGS523CN-FM,; ,WGS523CN-FMA,; ,WGS523E5N-FMA,; ,WGS523E6N-FMA,; ,YDC523CN-FM,; ,YDC523CN-FMA,; ,YDC523E5N-FMA,; ,YDC523E6N-FMA,",,Indoor Ceiling Fan,Standard Fan Only,52,238.2,1.6,21.1,0.5,,,0,,,,,,,,1,0,,2023-05-25,2023-12-12,United States,ES_1145460_SWR523E6N-FM_11142023145332_4733387,0
3418884,Delta Electronics Inc.,Delta,VCA523LED-27-BK,VCA523LED-27-BK,",VCA523LED-27-WH,; ,VCA523LED-30-BK,; ,VCA523LED-30-WH,; ,VCA523LED-35-BK,; ,VCA523LED-35-WH,; ,VCA523LED-40-BK,; ,VCA523LED-40-WH,; ,VCA523LED-50-BK,; ,VCA523LED-50-WH,",885917004811;885917004828;885917004835;885917004842;885917004866;885917004873;885917004927;885917004934;885917005078;885917005085,Outdoor Ceiling Fan,Standard Fan with Light Kit,52,357.7,2.3,14.5,0.6,,,0,,,,,,,,1,0,,2024-03-01,2024-03-18,United States,ES_1019376_VCA523LED-27-BK_03142024165411_4271356,1
2400975,Delta Electronics Inc.,Delta,VCA605LED-HEBK,VCA605LED-HEBK,",VCA605LED-HEWH,",885917004224;885917004231,Outdoor Ceiling Fan,Standard Fan with Light Kit,60,333.6,2.5,19.6,0.6,,,0,"Halsey Enterprise Co., Ltd",2000.0,20.2,0.92,,93.0,54000.0,1,0,,2022-08-26,2022-08-31,United States,ES_1019376_VCA605LED-HEBK_08292022100310_8659784,1
2400977,Delta Electronics Inc.,Delta,VCA608LED-HEBK,VCA608LED-HEBK,",VCA608LED-HEWH,",885917004248;885917004255,Outdoor Ceiling Fan,Standard Fan with Light Kit,60,382.8,3.0,16.7,0.6,,,0,"Halsey Enterprise Co., Ltd",2000.0,20.2,0.92,,93.0,54000.0,1,0,,2022-08-26,2022-08-31,United States,ES_1019376_VCA608LED-HEBK_08292022104828_6291925,1
2400978,Delta Electronics Inc.,Delta,VCA725LED-HEBK,VCA725LED-HEBK,",VCA725LED-HEWH,",885917004262;885917004279,Outdoor Ceiling Fan,Standard Fan with Light Kit,72,338.7,2.4,24.9,0.6,,,0,"Halsey Enterprise Co., Ltd",2000.0,20.2,0.92,,93.0,54000.0,1,0,,2022-08-26,2022-08-31,United States,ES_1019376_VCA725LED-HEBK_08292022105507_6390954,0
2400976,Delta Electronics Inc.,Delta,VCA728LED-HEBK,VCA728LED-HEBK,",VCA728LED-HEWH,",885917004286;885917004293,Outdoor Ceiling Fan,Standard Fan with Light Kit,72,409.2,2.7,25.4,0.6,,,0,"Halsey Enterprise Co., Ltd",2000.0,20.2,0.92,,93.0,54000.0,1,0,,2022-08-26,2022-08-31,United States,ES_1019376_VCA728LED-HEBK_08292022103126_1645471,1
4481102,"Division Construction Supply, Inc.","Division Construction Supply, Inc",FNX-X2023A-4B-WH-ES,FNX-X2023A-4B-WH-ES,",FNX-X2023A-4B-BK-ES,; ,FNX-X2023A-4B-BN-ES,; ,FNX-X2023A-4B-ORB-ES,",,Indoor Ceiling Fan,Standard Fan with Light Kit,52,218.5,3.3,24.7,0.3,,,0,,,,,,,,1,0,,2025-08-01,2025-08-06,United States,"ES_1152357_FNX-X2023A-4B-WH-ES,FNX-X2023A-4B-BK-ES,FNX-X2023A-4B-BN-ES,FNX-X2023A-4B-ORB-ES_07172025170553_1907159",0
3994371,Eko Tek LLC,Eko Tek Lighting,"Airflow 52""",EKO-5001-ES ***,",,(The each suffix ""*"" can be blank or one character to denote the different appearance color.)",789089075979,Indoor Ceiling Fan,Standard Fan Only,52,120.3,11.4,41.5,0.0,,3.0,0,,,,,,,,1,0,,2025-01-30,2025-02-11,United States,ES_1150868_EKO-5001-ES ***_02112025075579_2953459,0
3994374,Eko Tek LLC,Eko Tek Lighting,"Airflow 52""",EKO-5001-ES ***-***,",,(The each suffix ""*"" can be blank or one character to denote the different appearance color.)",,Indoor Ceiling Fan,Standard Fan Only,52,120.3,11.4,41.5,0.0,,3.0,0,,,,,,,,1,0,,2025-01-30,2025-02-11,United States,ES_1150868_EKO-5001-ES ***-***_021120250754878_6266449,0
3994373,Eko Tek LLC,Eko Tek Lighting,"Airflow 52""",EKO-5001-LED-ES ***,",,(The each suffix ""*"" can be blank or one character to denote the different appearance color.)",789089075955;789089075962;789089076006,Indoor Ceiling Fan,Standard Fan Only,52,120.3,11.4,41.5,0.0,,3.0,0,,,,,,,,1,0,,2025-01-30,2025-02-11,United States,ES_1150868_EKO-5001-LED-ES ***_021120250754800_8382792,0
3994372,Eko Tek LLC,Eko Tek Lighting,"Airflow 52""",EKO-5001-LED-ES ***-***,",,(The each suffix ""*"" can be blank or one character to denote the different appearance color.)",789089075986;789089075993,Indoor Ceiling Fan,Standard Fan Only,52,120.3,11.4,41.5,0.0,,3.0,0,,,,,,,,1,0,,2025-01-30,2025-02-11,United States,ES_1150868_CT-5001-ES_012420251332983_4172007,0
3705369,Eko Tek LLC,Eko Tek Lighting,"Windy 52""",EKO-1057-1-L,,789089075931,Indoor Ceiling Fan,Standard Fan Only,52,110.4,14.0,42.3,0.0,,3.0,0,,,,,,,,1,0,,2024-10-20,2024-10-15,United States,ES_1150868_EKO-1057-1-L_101420240311711_4153820,0
3706610,Eko Tek LLC,Eko Tek Lighting,"Windy 52""",EKO-1057-1***-***-L,",,(""***""stands for different colors, where each ""*"" can be a letter or a number, or blank)",,Indoor Ceiling Fan,Standard Fan Only,52,110.4,14.0,42.3,0.0,,3.0,0,,,,,,,,1,0,,2024-10-20,2024-10-15,United States,ES_1150868_EKO-1057-1***-***-L_10152024034119_4926585,0
3706609,Eko Tek LLC,Eko Tek Lighting,"Windy 52""",EKO-1057-1***-***-NL,",,(""***""stands for different colors, where each ""*"" can be a letter or a number, or blank)",,Indoor Ceiling Fan,Standard Fan Only,52,110.4,14.0,42.3,0.0,,3.0,0,,,,,,,,1,0,,2024-10-20,2024-10-15,United States,ES_1150868_EKO-1057-1***-***-NL_101520240343114_6971531,0
3999753,"Ellen Lighting, Inc",Biltmore Lighting,C552LEDNB-WHT-30-E-STAR,C552LEDNB-WHT-30-E-STAR,",C552LEDNB-BLK-30-E-STAR,; ,C552LEDNB-BN-30-E-STAR,; ,C552LEDNB-BRS-30-E-STAR,; ,C552LEDNB-CHRM-30-E-STAR,; ,C552LEDNB-EB-30-E-STAR,",,Indoor Ceiling Fan,Standard Fan with Light Kit,52,157.5,6.0,31.0,1.8,,3.0,0,,,,,,,,1,0,,2025-01-01,2025-03-13,United States,ES_1142087_C552LEDNB-BLK-30-E-STAR_02192025143801_6546343,0
3627022,"Ellen Lighting, Inc",Biltmore Lighting,C575NB ST-E-STAR,C575NB ST-E-STAR,",C575NB BLK-E-STAR,; ,C575NB BRS-E-STAR,; ,C575NB CHR-E-STAR,; ,C575NB EB-E-STAR,; ,C575NB WHT-E-STAR,",,Indoor Ceiling Fan,Standard Fan Only,52,184.5,3.6,27.5,0.9,,3.0,0,,,,,,,,1,0,,2024-08-26,2024-09-04,United States,ES_1142087_C575NB ST-E-STAR_09032024130421_7283928,0
3999752,"Ellen Lighting, Inc",Ellen Lighting,C552LEDNB-WHT-30-E-STAR,C552LEDNB-WHT-30-E-STAR,",C552LEDNB-BLK-30-E-STAR,; ,C552LEDNB-BN-30-E-STAR,; ,C552LEDNB-BRS-30-E-STAR,; ,C552LEDNB-CHRM-30-E-STAR,; ,C552LEDNB-EB-30-E-STAR,",,Indoor Ceiling Fan,Standard Fan with Light Kit,52,157.5,6.0,31.0,1.8,,3.0,0,,,,,,,,1,0,,2025-01-01,2025-03-13,United States,ES_1142087_C552LEDNB-BLK-30-E-STAR_02192025143801_4087335,0
3627018,"Ellen Lighting, Inc",Ellen Lighting,C575NB ST-E-STAR,C575NB ST-E-STAR,",C575NB BLK-E-STAR,; ,C575NB BRS-E-STAR,; ,C575NB CHR-E-STAR,; ,C575NB EB-E-STAR,; ,C575NB WHT-E-STAR,",,Indoor Ceiling Fan,Standard Fan Only,52,184.5,3.6,27.5,0.9,,3.0,0,,,,,,,,1,0,,2024-08-26,2024-09-04,United States,ES_1142087_C575NB ST-E-STAR_09032024130421_9168512,0
2332108,Fanimation Inc.,Fanimation,GLIDEAIRE,FPD8520*,,,"Outdoor Ceiling Fan,Indoor Ceiling Fan",Hugger Fan Only,52,218.0,2.1,27.6,0.9,,3.0,0,,,,,,,,1,0,,2019-01-31,2018-12-26,United States,ES_1040003_FPD8520*_12272018064842_3322473,1
2386877,Fanimation Inc.,Fanimation,Kute 44,FPD8547******,",,Each * to represent a letter or blank.",840506098404;840506098411;840506098428;840506098435;840506098442;840506099234;840506105522,Indoor Ceiling Fan,Standard Fan with Light Kit,44,216.0,1.8,26.2,0.9,,3.0,0,Bridgelux Inc.,1139.0,16.0,0.89,,93.0,50000.0,1,0,,2022-01-01,2021-10-18,United States,ES_1040003_FPD8547******_101820210416561_2768350,0
2386876,Fanimation Inc.,Fanimation,Kute 52,FPD8534******,",,Each * to represent a letter or blank.",840506098350;840506098367;840506098374;840506098381;840506098398;840506099227;840506105515,Indoor Ceiling Fan,Standard Fan with Light Kit,52,217.0,3.0,35.4,1.1,,3.0,0,Bridgelux Inc.,1139.0,16.0,0.89,,93.0,50000.0,1,0,,2022-01-01,2021-10-18,United States,ES_1040003_FPD8534******_101820210411757_9523798,0
2384691,Fanimation Inc.,Fanimation,LEVON CUSTOM,MAD7912******,",,Each * to represent a letter or blank. Note: 64-inch",840506086852;840506086869;840506086876;840506086883;840506087217;840506087224,Indoor Ceiling Fan,Standard Fan with Light Kit,64,257.0,4.6,28.0,1.5,,3.0,0,Bridgelux Inc.,1365.0,18.0,0.89,,92.0,56000.0,1,0,,2022-01-01,2021-09-23,United States,ES_1040003_MAD7912******_092320210031903_1009651,0
2384695,Fanimation Inc.,Fanimation,LEVON CUSTOM,MAD7912******,",,Each * to represent a letter or blank. Note: 52-inch",840506086852;840506086869;840506086876;840506086883;840506087217;840506087224,Indoor Ceiling Fan,Standard Fan with Light Kit,52,209.0,3.1,30.8,1.5,,3.0,0,Bridgelux Inc.,1365.0,18.0,0.89,,92.0,56000.0,1,0,,2022-01-01,2021-09-23,United States,ES_1040003_MAD7912******_092220212235576_7719551,0
2384813,Fanimation Inc.,Fanimation,LEVON CUSTOM,MAD7912******,",,Each * to represent a letter or blank. Note: 72-inch",840506086852;840506086869;840506086876;840506086883;840506087217;840506087224,Indoor Ceiling Fan,Standard Fan with Light Kit,72,273.0,5.8,33.3,1.5,,3.0,0,Bridgelux Inc.,1365.0,18.0,0.89,,92.0,56000.0,1,0,,2022-01-01,2021-09-23,United States,ES_1040003_MAD7912******_09232021003208_3122654,0
2368689,Fanimation Inc.,Fanimation,ODYN 84,FPD8159*,",,FPD8159* (* stands for 10 variables, each variable may be A through Z, 0 through 9 or blank, that could be numbers for color difference.)",,Outdoor Ceiling Fan,Standard Fan with Light Kit,84,399.0,4.4,35.2,1.7,,3.0,0,"Paragon Semiconductor Lighting Technology Co., Ltd.",1200.0,18.0,0.95,,94.0,36000.0,1,0,,2020-12-31,2020-10-18,United States,ES_1040003_FPD8159*_10262020030352_1432041,1
2323027,Fanimation Inc.,Fanimation,ODYN 84,"FPD8159*** (* = A ~ Z, 0 ~ 9 or blank)",,,Outdoor Ceiling Fan,Standard Fan with Light Kit,84,258.2,3.4,42.7,1.1,,3.0,0,"Semiconductor Lighting Technology Co., Ltd.",1200.0,18.0,0.98,,92.0,36000.0,1,0,,2018-06-15,2018-07-18,United States,"ES_1040003_FPD8159*** (* = A ~ Z, 0 ~ 9 or blank)_07192018020647_6007160",0
2368998,Fanimation Inc.,Fanimation,ODYN CUSTOM,MAD8152*,",,MAD8152* (* stands for 10 variables, each variable may be A through Z, 0 through 9 or blank, that could be numbers for color difference.)",,Outdoor Ceiling Fan,Standard Fan with Light Kit,72,347.0,3.4,29.7,1.5,,3.0,0,"Paragon Semiconductor Lighting Technology Co., Ltd.",1200.0,18.0,0.95,,94.0,36000.0,1,0,,2020-12-31,2020-10-29,United States,ES_1040003_MAD8152*_11022020055449_6489445,1
2369017,Fanimation Inc.,Fanimation,ODYN CUSTOM,MAD8152*,",,(* stands for 10 variables, each variable may be A through Z, 0 through 9 or blank, that could be numbers for color difference.)",,Outdoor Ceiling Fan,Standard Fan with Light Kit,56,251.0,2.7,30.6,1.5,,3.0,0,"Paragon Semiconductor Lighting Technology Co., Ltd.",1200.0,18.0,0.95,,94.0,36000.0,1,0,,2021-01-01,2020-11-03,United States,ES_1040003_MAD8152*_11032020030350_2630047,0
2369035,Fanimation Inc.,Fanimation,ODYN CUSTOM,MAD8152*,",,(* stands for 10 variables, each variable may be A through Z, 0 through 9 or blank, that could be numbers for color difference.)",,Outdoor Ceiling Fan,Standard Fan with Light Kit,64,298.0,2.9,30.1,1.5,,3.0,0,"Paragon Semiconductor Lighting Technology Co., Ltd.",1200.0,18.0,0.95,,94.0,36000.0,1,0,,2021-01-01,2020-11-04,United States,ES_1040003_MAD8152*_11042020023641_7401346,0
2333797,Fanimation Inc.,Fanimation,TRIAIRE CUSTOM,MAD8515*,,,Outdoor Ceiling Fan,Standard Fan with Light Kit,84,378.0,2.3,32.3,0.9,,3.0,0,"Paragon Semiconductor Lighting Technology Co., Ltd.",1210.0,18.0,0.95,,94.0,36000.0,1,0,,2019-02-14,2019-02-19,United States,ES_1040003_MAD8515*_02202019105919_0359736,0
2386824,Fanimation Inc.,Fanimation,WRAP CUSTOM,MAD8530******,",,Each * to represent a letter or blank. Note: 48-inch",840506082762;840506082779;840506082786;840506082793;840506082809,Indoor Ceiling Fan,Standard Fan with Light Kit,48,192.0,1.9,33.8,0.9,,3.0,0,Bridgelux Inc.,1481.0,18.0,0.89,,93.0,56000.0,1,0,,2022-01-01,2021-10-18,United States,ES_1040003_MAD8530******_101820210320747_2681404,0
2386825,Fanimation Inc.,Fanimation,WRAP CUSTOM,MAD8530******,",,Each * to represent a letter or blank. Note: 44-inch",840506082762;840506082779;840506082786;840506082793;840506082809,Indoor Ceiling Fan,Standard Fan with Light Kit,44,178.0,1.9,33.6,0.9,,3.0,0,Bridgelux Inc.,1481.0,18.0,0.89,,93.0,56000.0,1,0,,2022-01-01,2021-10-18,United States,ES_1040003_MAD8530******_101820210258478_1773809,0
2386826,Fanimation Inc.,Fanimation,WRAP CUSTOM,MAD8530******,",,Each * to represent a letter or blank. Note: 56-inch",840506082762;840506082779;840506082786;840506082793;840506082809,Indoor Ceiling Fan,Standard Fan with Light Kit,56,215.0,2.0,37.3,0.9,,3.0,0,Bridgelux Inc.,1481.0,18.0,0.89,,93.0,56000.0,1,0,,2022-01-01,2021-10-18,United States,ES_1040003_MAD8530******_101820210321478_3571231,0
2386827,Fanimation Inc.,Fanimation,WRAP CUSTOM,MAD8530******,",,Each * to represent a letter or blank. Note: 60-inch",840506082762;840506082779;840506082786;840506082793;840506082809,Indoor Ceiling Fan,Standard Fan with Light Kit,60,211.0,2.2,43.0,0.9,,3.0,0,Bridgelux Inc.,1481.0,18.0,0.89,,93.0,56000.0,1,0,,2022-01-01,2021-10-18,United States,ES_1040003_MAD8530******_101820210322248_9007065,0
2386828,Fanimation Inc.,Fanimation,WRAP CUSTOM,MAD8530******,",,Each * to represent a letter or blank. Note: 52-inch",840506082762;840506082779;840506082786;840506082793;840506082809,Indoor Ceiling Fan,Standard Fan with Light Kit,52,208.0,1.9,39.0,0.9,,3.0,0,Bridgelux Inc.,1481.0,18.0,0.89,,93.0,56000.0,1,0,,2022-01-01,2021-10-18,United States,ES_1040003_MAD8530******_10182021032104_6114748,0
2386831,Fanimation Inc.,Fanimation,WRAP CUSTOM,MAD8531******,",,Each * to represent a letter or blank. Note: 84-inch",840506082816;840506082823;840506082830;840506082847;840506082854,Indoor Ceiling Fan,Standard Fan with Light Kit,84,420.0,3.3,36.4,0.9,,3.0,0,Bridgelux Inc.,1481.0,18.0,0.89,,93.0,56000.0,1,0,,2022-01-01,2021-10-18,United States,ES_1040003_MAD8531******_101820210331685_3962587,1
2386832,Fanimation Inc.,Fanimation,WRAP CUSTOM,MAD8531******,",,Each * to represent a letter or blank. Note: 64-inch",840506082816;840506082823;840506082830;840506082847;840506082854,Indoor Ceiling Fan,Standard Fan with Light Kit,64,307.0,2.1,33.0,0.9,,3.0,0,Bridgelux Inc.,1481.0,18.0,0.89,,93.0,56000.0,1,0,,2022-01-01,2021-10-18,United States,ES_1040003_MAD8531******_101820210310983_3911475,0
2386833,Fanimation Inc.,Fanimation,WRAP CUSTOM,MAD8531******,",,Each * to represent a letter or blank. Note: 72-inch",840506082816;840506082823;840506082830;840506082847;840506082854,Indoor Ceiling Fan,Standard Fan with Light Kit,72,372.0,2.3,35.5,0.9,,3.0,0,Bridgelux Inc.,1481.0,18.0,0.89,,93.0,56000.0,1,0,,2022-01-01,2021-10-18,United States,ES_1040003_MAD8531******_101820210331465_9449623,1
2365490,Fanimation Inc.,Fanimation Studio Collection,AireFlex,LP7675*,",,2599793, (* stands for 10 variables, each variable may be A through Z, 0 through 9 or blank, that could be numbers for color difference.)",,Indoor Ceiling Fan,Standard Fan with Light Kit,52,296.0,1.9,21.3,1.2,,3.0,0,Bridgelux Inc.,1417.0,18.0,0.89,,92.0,56000.0,1,0,,2020-11-01,2020-09-04,United States,ES_1040003_LP7675*_09042020072522_4322663,1
3994435,Fanimation Inc.,Fanimation Studio Collection,Blitz,LP8377*,"Blitz,2483971,; Blitz,883778,* stands for 10 variables, each variable may be A through Z, 0 through 9 or blank, that could be numbers for color difference.",840506071544;840506072190;840506072206;840506072213,Indoor Ceiling Fan,Standard Fan with Light Kit,56,193.0,2.5,38.3,0.7,,3.0,0,,,,,,,,1,0,,2025-04-10,2025-02-13,United States,ES_1040003_LP8377*_021320250930586_2414698,0
2322221,Fanimation Inc.,Fanimation Studio Collection,BLITZ,LP8377*,"BLITZ,883778,",,Indoor Ceiling Fan,Standard Fan with Light Kit,56,183.7,2.1,40.6,1.4,,3.0,0,"Semiconductor Lighting Technology Co., Ltd.",1334.0,18.0,0.97,,93.0,36000.0,1,0,,2018-06-15,2018-07-04,United States,ES_1040003_LP8377**_12232017113230_8750531,0
2372151,Fanimation Inc.,Fanimation Studio Collection,BLITZ,LP8377*,",883778,* stands for 10 variables, each variable may be A through Z, 0 through 9 or blank, that could be numbers for color difference",,Indoor Ceiling Fan,Standard Fan with Light Kit,56,206.0,2.6,37.9,0.8,,3.0,0,Bridgelux Inc.,1427.0,18.0,0.89,,92.0,56000.0,1,0,,2021-01-15,2021-01-19,United States,ES_1040003_LP8377*_011020212319947_7114109,0
2372032,Fanimation Inc.,Fanimation Studio Collection,COVERT,LP8359*,"COVERT,588962,(* stands for 10 variables, each variable may be A through Z, 0 through 9 or blank, that could be numbers for color difference)",,Indoor Ceiling Fan,Standard Fan with Light Kit,64,297.0,2.3,25.6,0.8,,3.0,0,Bridgelux Inc.,1436.0,18.0,0.87,,92.0,56000.0,1,0,,2021-01-15,2021-01-15,United States,ES_1040003_LP8359*_01152021030497_9040167,0
2341588,Fanimation Inc.,Fanimation Studio Collection,KINDRED,LP8543*,",,2599788, (* stands for 10 variables, each variable may be A through Z, 0 through 9 or blank, that could be numbers for color difference.)",,Indoor Ceiling Fan,Standard Fan with Light Kit,60,219.0,2.3,34.8,1.0,,3.0,0,Bridgelux Inc.,1315.0,18.0,0.89,,93.0,56000.0,1,0,,2020-11-01,2019-07-25,United States,ES_1040003_LP8543*_07242019054452_7092473,0
2322285,Fanimation Inc.,Fanimation Studio Collection,PROP,LP8323*,"PROP,588961,",,Indoor Ceiling Fan,Standard Fan Only,60,220.9,2.2,25.1,0.8,,3.0,0,,,,,,,,1,0,,2018-06-15,2018-07-06,United States,ES_1040003_LP8323*_07062018055731_6651931,0
2351129,Fanimation Inc.,Fanimation Studio Collection,PROP,"LP8323* (*=variables, each variable may be A ~ Z, 0 ~ 9 or blank)","PROP,588961,",,Indoor Ceiling Fan,Standard Fan Only,60,249.0,3.5,31.5,1.0,,3.0,0,,,,,,,,1,0,,2020-02-01,2019-12-09,United States,ES_1040003_LP8323*_12122019015511_5711453,0
2384265,Fanimation Inc.,Fanimation Studio Collection,RADIUS,LP7614******,",1058948,Each * to represent a letter or blank.",840506105584;840506105720,Indoor Ceiling Fan,Standard Fan with Light Kit,60,242.0,2.3,28.4,1.1,,3.0,0,Bridgelux Inc.,1475.0,18.0,0.88,,93.0,56000.0,1,0,,2021-09-08,2021-09-09,United States,ES_1040003_LP7614******_090820212202510_1244899,0
2321592,Fanimation Inc.,Fanimation Studio Collection,Slinger II,581598,"SLINGER v2,LP8147*,",,Indoor Ceiling Fan,Standard Fan with Light Kit,72,267.1,2.3,34.9,0.9,,3.0,0,"Paragon Semiconductor Lighting Technology Co., Ltd.",1300.0,18.0,0.95,,92.0,36000.0,1,0,,2018-07-20,2018-06-26,United States,ES_1040003_581598_11212016080600_5560804,0
3994338,Fanimation Inc.,Fanimation Studio Collection,Slinger v2,2851336,,840506101944,Indoor Ceiling Fan,Standard Fan with Light Kit,72,294.0,6.3,28.7,0.7,,3.0,0,,,,,,,,1,0,,2025-04-30,2025-02-07,"United States, Canada",ES_1040003_2851336_020720250651808_6235858,0
3994339,Fanimation Inc.,Fanimation Studio Collection,Slinger v2,581598,,840506062030,Indoor Ceiling Fan,Standard Fan with Light Kit,72,294.0,6.3,28.7,0.7,,3.0,0,,,,,,,,1,0,,2025-04-30,2025-02-07,"United States, Canada",ES_1040003_581598_02072025064397_8256743,0
3994336,Fanimation Inc.,Fanimation Studio Collection,Slinger v2,LP8147*,",,(*) stands for 10 variables, each variable may be A through Z, 0 through 9 or blank, that could be numbers for color difference.",840506062030;840506065413;840506072152;840506101944,Indoor Ceiling Fan,Standard Fan with Light Kit,72,294.0,6.3,28.7,0.7,,3.0,0,,,,,,,,1,0,,2025-04-30,2025-02-07,"United States, Canada",ES_1040003_LP8147*_01172025033830_2516920,0
3995507,Fanimation Inc.,Fanimation Studio Collection,Slinger v2,LP8147*,",2851336,; ,581598,; ,795392,; ,LP8147S*,where * stands for 10 variables, each variable may be A through Z, 0 through 9 or blank, that could be numbers for color difference.",840506062030;840506065413;840506072152;840506101944,Indoor Ceiling Fan,Standard Fan with Light Kit,72,294.0,6.3,28.7,0.7,,3.0,0,,,,,,,,1,0,,2025-04-30,2018-06-26,United States,ES_1040003_LP8147*_021420250521564_1415387,0
3995516,Fanimation Inc.,Fanimation Studio Collection,Slinger v2,LP8147*,"Slinger v2,581598,where * stands for 10 variables, each variable may be A through Z, 0 through 9 or blank, that could be numbers for color difference; Slinger v2,795392,",,Indoor Ceiling Fan,Standard Fan with Light Kit,72,342.0,2.7,30.7,0.9,,3.0,0,Bridgelux Inc.,1380.0,18.0,0.89,,92.0,50000.0,1,0,,2021-01-15,2021-01-20,United States,ES_1040003_LP8147*_021420250518209_1907368,1
3994337,Fanimation Inc.,Fanimation Studio Collection,Slinger v2,LP8147S*,",,(*) stands for 10 variables, each variable may be A through Z, 0 through 9 or blank, that could be numbers for color difference.",840506062030;840506065413;840506072152;840506101944,Indoor Ceiling Fan,Standard Fan with Light Kit,72,294.0,6.3,28.7,0.7,,3.0,0,,,,,,,,1,0,,2025-04-30,2025-02-07,"United States, Canada",ES_1040003_LP8147S*_020720250319818_6724375,0
2324647,Fanimation Inc.,Rejuvenation,FALCON,MAD7990**,,,Indoor Ceiling Fan,Standard Fan with Light Kit,64,301.0,2.1,20.1,0.8,,3.0,0,"Paragon Semiconductor Lighting Technology Co., Ltd.",1198.0,18.0,0.95,,93.0,36000.0,1,0,,2015-09-01,2018-08-13,United States,ES_1040003_MAD7990**_08152018101024_7824648,0
2325106,Fanimation Inc.,Rejuvenation,Raven,MAD7994**,,,Indoor Ceiling Fan,Standard Fan with Light Kit,72,199.0,1.9,37.5,1.0,,3.0,0,"Paragon Semiconductor Lighting Technology Co., Ltd.",1374.0,18.0,0.94,,93.0,36000.0,1,0,,2016-06-01,2018-08-16,United States,ES_1040003_MAD7994**_12082016062530_8330508,0
2683998,Ferguson Enterprises,Ferguson,FF525BNSILES,FF525BNSILES,,,Indoor Ceiling Fan,Standard Fan Only,52,210.8,2.8,23.0,0.0,,3.0,0,,,,,,,,1,0,,2023-11-05,2023-10-20,United States,ES_1092191_FF525BNSILES_092720230940799_7353953,0
2684002,Ferguson Enterprises,Ferguson,FF525BNSILES,FF525BNSILES,,,Indoor Ceiling Fan,Hugger Fan Only,52,172.3,7.4,23.5,0.0,,3.0,0,,,,,,,,1,0,,2023-11-05,2023-10-20,United States,ES_1092191_FF525BNSILES_092720230940302_3041943,0
2683997,Ferguson Enterprises,Ferguson,FF525BNSILES,FF525**SILES,",,(** may be suffixed with any two alphanumeric characters, represents color or configuration difference)",,Indoor Ceiling Fan,Hugger Fan Only,52,172.3,7.4,23.5,0.0,,3.0,0,,,,,,,,1,0,,2023-11-05,2023-10-20,United States,ES_1092191_FF525**SILES_092720230935541_3890590,0
2683999,Ferguson Enterprises,Ferguson,FF525BNSILES,FF525**SILES,",,(** may be suffixed with any two alphanumeric characters, represents color or configuration difference)",,Indoor Ceiling Fan,Standard Fan Only,52,210.8,2.8,23.0,0.0,,3.0,0,,,,,,,,1,0,,2023-11-05,2023-10-20,United States,ES_1092191_FF525**SILES_09272023093983_7121571,0
2684000,Ferguson Enterprises,Ferguson,FF525BNSILES,TS-52-078,,,Indoor Ceiling Fan,Hugger Fan Only,52,172.3,7.4,23.5,0.0,,3.0,0,,,,,,,,1,0,,2023-11-05,2023-10-20,United States,ES_1092191_TS-52-078_092720230941196_4003559,0
2684001,Ferguson Enterprises,Ferguson,FF525BNSILES,TS-52-078,,,Indoor Ceiling Fan,Standard Fan Only,52,210.8,2.8,23.0,0.0,,3.0,0,,,,,,,,1,0,,2023-11-05,2023-10-20,United States,ES_1092191_TS-52-078_092720230941223_3280678,0
2684008,Ferguson Enterprises,Ferguson,FF525HBNCMES,FF525HBNCMES,,,Indoor Ceiling Fan,Hugger Fan Only,52,210.6,2.5,26.7,0.0,,3.0,0,,,,,,,,1,0,,2023-11-05,2023-10-20,United States,ES_1092191_FF525HBNCMES_102020230641909_1599640,1
2684009,Ferguson Enterprises,Ferguson,FF525HBNCMES,FF525HBNCMES,,,Indoor Ceiling Fan,Standard Fan Only,52,224.3,2.5,23.9,0.0,,3.0,0,,,,,,,,1,0,,2023-11-05,2023-10-20,United States,ES_1092191_FF525HBNCMES_102020230641283_9910572,0
2684004,Ferguson Enterprises,Ferguson,FF525HBNCMES,FF525H**CMES,",,(** may be suffixed with any two alphanumeric characters, represents color or configuration difference.)",,Indoor Ceiling Fan,Hugger Fan Only,52,210.6,2.5,26.7,0.0,,3.0,0,,,,,,,,1,0,,2023-11-05,2023-09-19,United States,ES_1092191_TS-52-019_091920230939928_1650874,1
2684005,Ferguson Enterprises,Ferguson,FF525HBNCMES,FF525H**CMES,",,(** may be suffixed with any two alphanumeric characters, represents color or configuration difference.)",,Indoor Ceiling Fan,Standard Fan Only,52,224.3,2.5,23.9,0.0,,3.0,0,,,,,,,,1,0,,2023-11-05,2023-10-20,United States,ES_1092191_FF525H**CMES_10202023063998_4672572,0
2684006,Ferguson Enterprises,Ferguson,FF525HBNCMES,TS-52-019,,,Indoor Ceiling Fan,Hugger Fan Only,52,210.6,2.5,26.7,0.0,,3.0,0,,,,,,,,1,0,,2023-11-05,2023-10-20,United States,ES_1092191_TS-52-019_102020230643755_6881325,1
2684007,Ferguson Enterprises,Ferguson,FF525HBNCMES,TS-52-019,,,Indoor Ceiling Fan,Standard Fan Only,52,224.3,2.5,23.9,0.0,,3.0,0,,,,,,,,1,0,,2023-11-05,2023-10-20,United States,ES_1092191_TS-52-019_102020230642743_5854237,0
3555320,Ferguson Enterprises,Miseno,FF525BNSILES,FF525BNSILES,",,(** may be suffixed with any two alphanumeric characters, represents color or configuration difference)",,Indoor Ceiling Fan,Standard Fan Only,52,210.8,2.8,23.0,0.0,,3.0,0,,,,,,,,1,0,,2023-11-05,2024-07-26,United States,ES_1092191_FF525BNSILES_072520241708385_6416815,0
3555324,Ferguson Enterprises,Miseno,FF525BNSILES,FF525**SILES,",,(** may be suffixed with any two alphanumeric characters, represents color or configuration difference)",,Indoor Ceiling Fan,Standard Fan Only,52,210.8,2.8,23.0,0.0,,3.0,0,,,,,,,,1,0,,2023-11-05,2024-07-26,United States,ES_1092191_FF525**SILES_072520241730549_4908241,0
3555322,Ferguson Enterprises,Miseno,FF525BNSILES,TS-52-078,,,Indoor Ceiling Fan,Hugger Fan Only,52,172.3,7.4,23.5,0.0,,3.0,0,,,,,,,,1,0,,2023-11-05,2024-07-26,United States,ES_1092191_TS-52-078_072520241759370_3892673,0
2635682,Hunter Fan Company,Hunter,"60""  Skysail",51876,,049694518767,Outdoor Ceiling Fan,Standard Fan Only,60,293.4,1.3,28.9,0.0,,3.0,0,,,,,,,,1,0,,2023-10-01,2023-08-14,"United States, Canada",ES_1020599_51876_081420230606431_2116696,0
2635681,Hunter Fan Company,Hunter,"60""  Skysail",52370,,049694523709,Outdoor Ceiling Fan,Standard Fan Only,60,293.4,1.3,28.9,0.0,,3.0,0,,,,,,,,1,0,,2023-10-01,2023-08-14,"United States, Canada",ES_1020599_52370_081420230608881_8731690,0
3845266,Hunter Fan Company,Hunter,"60"" WINDSAIL",53567,,049694535672,Indoor Ceiling Fan,Standard Fan Only,60,190.7,7.4,50.5,0.4,,3.0,0,,,,,,,,1,0,,2023-12-01,2024-12-11,"United States, Canada",ES_1020599_53567_121120240838261_1458005,0
2635694,Hunter Fan Company,Hunter,"60"" WINDSAIL a",52818,,049694528186,Indoor Ceiling Fan,Standard Fan Only,60,189.5,5.6,50.4,0.4,,3.0,0,,,,,,,,1,0,,2023-12-01,2023-08-14,"United States, Canada",ES_1020599_52818_080820230913497_7448967,0
3798893,Hunter Fan Company,Hunter,70in Loflin,53576,,49694535764,Indoor Ceiling Fan,Standard Fan Only,70,198.1,6.0,54.8,0.4,,3.0,0,,,,,,,,1,0,,2025-03-05,2024-11-20,"United States, Canada",ES_1020599_53576_112020240601675_8321756,0
3798894,Hunter Fan Company,Hunter,70in Loflin,53578,,49694535788,Indoor Ceiling Fan,Standard Fan Only,70,198.1,6.0,54.8,0.4,,3.0,0,,,,,,,,1,0,,2025-03-05,2024-11-20,"United States, Canada",ES_1020599_53578_11202024060221_1190887,0
3554653,Hunter Fan Company,Hunter,"72"" Lakeway",53479,,049694534798,"Outdoor Ceiling Fan,Indoor Ceiling Fan",Standard Fan Only,72,329.1,2.3,31.0,0.5,,3.0,0,,,,,,,,1,0,,2024-10-15,2024-07-18,"United States, Canada",ES_1020599_53479_071820240813414_5475589,0
3554654,Hunter Fan Company,Hunter,"72"" Lakeway",53480,,049694534804,"Outdoor Ceiling Fan,Indoor Ceiling Fan",Standard Fan Only,72,329.1,2.3,31.0,0.5,,3.0,0,,,,,,,,1,0,,2024-10-15,2024-07-18,"United States, Canada",ES_1020599_53480_071820240831315_2159146,0
4021625,Hunter Fan Company,Hunter,"72""SOLARIA",51477,,049694514776,Indoor Ceiling Fan,Standard Fan Only,72,290.6,2.1,35.4,0.4,,3.0,0,,,,,,,,1,0,,2025-04-30,2025-05-14,"United States, Canada",ES_1020599_51477_051420250656332_4316344,0
4021623,Hunter Fan Company,Hunter,"72""SOLARIA",59628,,049694596284,Indoor Ceiling Fan,Standard Fan Only,72,290.6,2.1,35.4,0.4,,3.0,0,,,,,,,,1,0,,2025-04-30,2025-05-14,"United States, Canada",ES_1020599_59628_051420250657849_5062637,0
4021624,Hunter Fan Company,Hunter,"72""SOLARIA",59629,,049694596291,Indoor Ceiling Fan,Standard Fan Only,72,290.6,2.1,35.4,0.4,,3.0,0,,,,,,,,1,0,,2025-04-30,2025-05-14,"United States, Canada",ES_1020599_59629_051420250658835_9654719,0
3798896,Hunter Fan Company,Hunter,"72"" SYNCHRON",52738,,49694527387,Indoor Ceiling Fan,Standard Fan Only,72,199.3,2.3,47.9,0.4,,3.0,0,,,,,,,,1,0,,2025-01-29,2024-11-12,"United States, Canada",ES_1020599_52738_111220240650844_2244805,0
2732012,Hunter Fan Company,Hunter,Advocate,59368,"Advocate,59369,; Advocate,59370,",0449694519504;049694518859;049694593689,Indoor Ceiling Fan,Standard Fan with Light Kit,60,150.9,2.3,40.8,1.8,,3.0,0,"ShenZhen JuFei Optoelectronics Co., Ltd.",1593.0,14.0,0.92,,94.0,50000.0,1,0,,2023-10-01,2023-11-01,"United States, Canada",ES_1020599_59368_09222023121059_6974756,0
2402408,Hunter Fan Company,Hunter,Arwen,52438,"Arwen,52439,",049694524386;049694524393,Indoor Ceiling Fan,Standard Fan with Light Kit,60,225.7,3.4,32.3,0.1,,3.0,0,FOXCONN TECHNOLOGY CO LTD,1387.0,19.5,0.98,,93.0,50000.0,1,0,,2023-01-01,2022-10-05,"United States, Canada",ES_1020599_52438_09302022100804_6868402,0
2545489,Hunter Fan Company,Hunter,Downtown 72in 51591,Downtown 72in 51591,",Downtown 60in 51589,; ,Downtown 60in 51590,; ,Downtown 60in 53436,; ,Downtown 60in 53439,; ,Downtown 72in 51592,",049694515926;049694534361;049694534392;049694545896;049694545902;049694545919,Indoor Ceiling Fan,Standard Fan Only,72,237.5,2.5,55.4,0.8,,3.0,0,,,,,,,,1,0,0,2023-06-27,2023-06-30,"United States, Canada",ES_1020599_Downtown 72in 51591_06272023062811_3160211,0
2684028,Hunter Fan Company,Hunter,Gravity,51883,"Gravity,51884,; Gravity,51885,; Gravity,51886,; Gravity,51950,; Gravity,51951,",049694518835;049694518842;049694518859;049694518866;049694519504;049694519511,Indoor Ceiling Fan,Standard Fan with Light Kit,60,311.7,1.7,20.0,0.8,,3.0,0,Foxcon,1593.0,14.0,0.92,,94.0,50000.0,1,1,,2023-10-01,2023-10-20,"United States, Canada",ES_1020599_51883_09262023063319_8346216,1
4511663,Hunter Fan Company,Hunter,Lakeway,52582,"Lakeway,52767,; Lakeway,53479,; Lakeway,53480,",,Indoor Ceiling Fan,Standard Fan Only,60,148.2,1.9,56.7,0.5,,3.0,0,,,,,,,,1,0,0,2025-09-25,2025-10-17,"United States, Canada",ES_1020599_52582_09262025113736_2556115,0
2515660,Hunter Fan Company,Hunter,Panama 59512,Panama 59512,",Panama 51751,; ,Panama 59510,; ,Panama 59511,",049694517517;04969459510;049694595119;0496945955126,Indoor Ceiling Fan,Standard Fan Only,54,220.8,3.0,31.7,0.9,,3.0,0,,,,,,,,1,0,0,2023-06-16,2023-06-21,"United States, Canada",ES_1020599_Panama 59512_06162023114600_7247278,0
2430192,Hunter Fan Company,Hunter,Parkview,50716,"Parkview,50725,",,Indoor Ceiling Fan,Standard Fan with Light Kit,52,270.2,1.5,14.9,0.6,,3.0,0,FOXCONN TECHNOLOGY CO LTD,1868.0,24.2,0.98,,94.0,50000.0,1,0,,2023-01-01,2023-03-17,"United States, Canada",ES_1020599_50716_03172023070937_2473260,0
2684027,Hunter Fan Company,Hunter,Phenomenon,51375,"Phenomenon,51376,; Phenomenon,51378,; Phenomenon,51379,",049694513755;049694513762;049694513786;049694513793,Indoor Ceiling Fan,Standard Fan with Light Kit,60,193.4,3.2,33.4,1.9,,3.0,0,"ShenZhen JuFei Optoelectronics Co., Ltd.",1593.0,14.0,0.92,,94.0,50000.0,1,1,,2023-10-01,2023-10-20,"United States, Canada",ES_1020599_51375_10202023133306_6034662,0
2430196,Hunter Fan Company,Hunter,Solaria,51476,"Solaria,59624,; Solaria,59625,",,Indoor Ceiling Fan,Standard Fan with Light Kit,60,238.3,1.9,31.7,0.9,,3.0,0,FOXCONN TECHNOLOGY CO LTD,1868.0,24.2,0.98,,94.0,50000.0,1,0,,2023-01-01,2023-03-17,"United States, Canada",ES_1020599_51476_03162023143206_7350122,0
2430197,Hunter Fan Company,Hunter,Solaria,51477,"Solaria,59628,; Solaria,59629,",,Indoor Ceiling Fan,Standard Fan with Light Kit,72,252.6,2.6,38.5,0.8,,3.0,0,FOXCONN TECHNOLOGY CO LTD,1868.0,24.2,0.98,,94.0,50000.0,1,0,,2023-01-01,2023-03-17,"United States, Canada",ES_1020599_51477_03162023145755_3521692,0
3994118,Hunter Fan Company,Hunter,Surea,52855,"Surea,52856,",049694528554;049694528568,Indoor Ceiling Fan,Standard Fan Only,56,252.6,2.2,29.6,0.4,,3.0,0,,,,,,,,1,0,0,2023-06-27,2025-02-03,"United States, Canada",ES_1020599_52855_01172025133952_8535730,0
4163400,LaSalle Bristol,E17,410TSC52600NLKESMB,410TSC52600NLKESMB,",410TSC52600NLKES**,; ,TS-52-600NLKES,",,Indoor Ceiling Fan,Hugger Fan Only,52,125.1,3.7,34.6,0.5,,3.0,0,,,,,,,,1,0,,2025-05-01,2025-05-22,United States,ES_1151577_410TSC52600NLKESMB_05192025133835_5102502,0
3942753,LaSalle Bristol,E17,ceiling fan,410TSC52800****,",,where **** may be suffixed with any four alphanumeric characters to denote different color",,Indoor Ceiling Fan,Standard Fan Only,52,203.5,2.8,23.3,0.6,,3.0,0,,,,,,,,1,0,,2025-01-10,2025-01-16,United States,ES_1151577_410TSC52800****_011620250150885_5137484,0
3942749,LaSalle Bristol,E17,ceiling fan,410TSC52800BN,,,Indoor Ceiling Fan,Standard Fan Only,52,203.5,2.8,23.3,0.6,,3.0,0,,,,,,,,1,0,,2025-01-10,2025-01-16,United States,ES_1151577_410TSC52800BN_011620250151461_1481133,0
3942752,LaSalle Bristol,E17,ceiling fan,410TSC52800MB,,,Indoor Ceiling Fan,Standard Fan Only,52,203.5,2.8,23.3,0.6,,3.0,0,,,,,,,,1,0,,2025-01-10,2025-01-16,United States,ES_1151577_410TSC52800MB_011620250152560_1330613,0
3942750,LaSalle Bristol,E17,ceiling fan,410TSC52800MBGD,,,Indoor Ceiling Fan,Standard Fan Only,52,203.5,2.8,23.3,0.6,,3.0,0,,,,,,,,1,0,,2025-01-10,2025-01-16,United States,ES_1151577_410TSC52800MBGD_011620250147916_8659944,0
3943167,LaSalle Bristol,E17,ceiling fan,410TSHES42123****,",,where **** may be suffixed with any four alphanumeric characters to denote different color",,Indoor Ceiling Fan,Hugger Fan Only,42,148.6,3.2,16.1,0.8,,3.0,0,,,,,,,,1,0,,2025-02-01,2025-01-22,United States,ES_1151577_410TSHES42123****_012120250859180_4362117,0
3943166,LaSalle Bristol,E17,ceiling fan,410TSHES42123BN,,,Indoor Ceiling Fan,Hugger Fan Only,42,148.6,3.2,16.1,0.8,,3.0,0,,,,,,,,1,0,,2025-02-01,2025-01-22,United States,ES_1151577_410TSHES42123BN_012120250856299_3830791,0
3943169,LaSalle Bristol,E17,ceiling fan,410TSHES42123MB,,,Indoor Ceiling Fan,Hugger Fan Only,42,148.6,3.2,16.1,0.8,,3.0,0,,,,,,,,1,0,,2025-02-01,2025-01-22,United States,ES_1151577_410TSHES42123MB_012120250857125_8979624,0
3943174,LaSalle Bristol,E17,ceiling fan,410TSHES42123MB,,,Indoor Ceiling Fan,Hugger Fan Only,42,148.6,3.2,16.1,0.8,,3.0,0,,,,,,,,1,0,,2025-02-01,2025-01-22,United States,ES_1151577_410TSHES42123MB_012220250819375_3378829,0
3943168,LaSalle Bristol,E17,ceiling fan,TS-42-155,,,Indoor Ceiling Fan,Hugger Fan Only,42,148.6,3.2,16.1,0.8,,3.0,0,,,,,,,,1,0,,2025-02-01,2025-01-22,United States,ES_1151577_TS-42-155_012120250858140_8145823,0
3942751,LaSalle Bristol,E17,ceiling fan,TS-52-084PC-ES,,,Indoor Ceiling Fan,Standard Fan Only,52,203.5,2.8,23.3,0.6,,3.0,0,,,,,,,,1,0,,2025-01-10,2025-01-16,United States,ES_1151577_TS-52-084PC-ES_011020250906359_3102580,0
4498475,LaSalle Bristol,E17,Ceiling Fan,410TSC52008****,",,where **** may be suffixed with any four alphanumeric characters to denote different color",,Indoor Ceiling Fan,Standard Fan Only,52,251.4,2.8,18.2,0.3,,3.0,0,,,,,,,,1,0,,2025-10-01,2025-09-10,United States,ES_1151577_410TSC52008****_090920251051264_6214743,0
4498477,LaSalle Bristol,E17,Ceiling Fan,410TSC52008****,",,where **** may be suffixed with any four alphanumeric characters to denote different color",,Indoor Ceiling Fan,Hugger Fan Only,52,231.2,2.8,18.1,0.3,,3.0,0,,,,,,,,1,0,,2025-10-01,2025-09-10,United States,ES_1151577_410TSC52008****_090920251050868_5796078,1
4498474,LaSalle Bristol,E17,Ceiling Fan,410TSC52008ESWH,,,Indoor Ceiling Fan,Hugger Fan Only,52,231.2,2.8,18.1,0.3,,3.0,0,,,,,,,,1,0,,2025-10-01,2025-09-10,United States,ES_1151577_410TSC52008ESWH_090520250622983_1947047,1
4498476,LaSalle Bristol,E17,Ceiling Fan,410TSC52008ESWH,,,Indoor Ceiling Fan,Standard Fan Only,52,251.4,2.8,18.2,0.3,,3.0,0,,,,,,,,1,0,,2025-10-01,2025-09-10,United States,ES_1151577_410TSC52008ESWH_090920251049195_9752932,0
3999004,LaSalle Bristol,E17,Ceiling Fans,410TSC521088****,",,(**** may be suffixed with any four alphanumeric characters, represents color difference	",,Indoor Ceiling Fan,Standard Fan Only,52,194.6,6.3,35.8,0.4,,3.0,0,,,,,,,,1,0,,2025-01-01,2025-02-17,United States,ES_1151577_410TSC521088****_02172025072055_1001506,0
3995508,LaSalle Bristol,E17,Ceiling Fans,410TSC521088MBDW,,,Indoor Ceiling Fan,Standard Fan Only,52,194.6,6.3,35.8,0.4,,3.0,0,,,,,,,,1,0,,2025-01-01,2025-02-17,United States,ES_1151577_410TSC521088MBDW_021720250719104_2096636,0
3999005,LaSalle Bristol,E17,Ceiling Fans,410TSC526020****,",,(**** may be suffixed with any four alphanumeric characters, represents color difference	",,Indoor Ceiling Fan,Standard Fan Only,52,183.5,3.8,26.3,0.4,,3.0,0,,,,,,,,1,0,,2025-01-01,2025-02-17,United States,ES_1151577_410TSC526020****_021720250735762_6571462,0
3995513,LaSalle Bristol,E17,Ceiling Fans,410TSC526020BNBK,,,Indoor Ceiling Fan,Standard Fan Only,52,183.5,3.8,26.3,0.4,,3.0,0,,,,,,,,1,0,,2025-01-01,2025-02-11,United States,ES_1151577_410TSC526020WHWH_021120250710307_1896190,0
3995511,LaSalle Bristol,E17,Ceiling Fans,410TSC526020BNWO,,,Indoor Ceiling Fan,Standard Fan Only,52,183.5,3.8,26.3,0.4,,3.0,0,,,,,,,,1,0,,2025-01-01,2025-02-17,United States,ES_1151577_410TSC526020BNWO_021720250736246_4823844,0
3995512,LaSalle Bristol,E17,Ceiling Fans,410TSC526020MBBK,,,Indoor Ceiling Fan,Standard Fan Only,52,183.5,3.8,26.3,0.4,,3.0,0,,,,,,,,1,0,,2025-01-01,2025-02-17,United States,ES_1151577_410TSC526020MBBK_021720250734186_7489217,0
3995510,LaSalle Bristol,E17,Ceiling Fans,410TSC526020WHWH,,,Indoor Ceiling Fan,Standard Fan Only,52,183.5,3.8,26.3,0.4,,3.0,0,,,,,,,,1,0,,2025-01-01,2025-02-11,United States,ES_1151577_410TSC526020WHWH_021720250736273_8920166,0
3998091,LaSalle Bristol,E17,Ceiling Fans,410TSCN1452LKBNES,,,Indoor Ceiling Fan,Standard Fan Only,52,204.8,2.1,22.6,0.4,,3.0,0,,,,,,,,1,0,,2025-01-01,2025-02-18,United States,ES_1151577_410TSCN1452LKBNES_021120250752546_4940794,0
3998092,LaSalle Bristol,E17,Ceiling Fans,410TSCN1452LK**ES,",,(** may be suffixed with any two alphanumeric characters, represents color or configuration difference.)",,Indoor Ceiling Fan,Standard Fan Only,52,204.8,2.1,22.6,0.4,,3.0,0,,,,,,,,1,0,,2025-01-01,2025-02-18,United States,ES_1151577_410TSCN1452LK**ES_021820250830962_1332500,0
3998093,LaSalle Bristol,E17,Ceiling Fans,TS-52-086,,,Indoor Ceiling Fan,Standard Fan Only,52,204.8,2.1,22.6,0.4,,3.0,0,,,,,,,,1,0,,2025-01-01,2025-02-18,United States,ES_1151577_TS-52-086_021820250828770_9712949,0
3995514,LaSalle Bristol,E17,Ceiling Fans,TS-52-428ES,,,Indoor Ceiling Fan,Standard Fan Only,52,183.5,3.8,26.3,0.4,,3.0,0,,,,,,,,1,0,,2025-01-01,2025-02-17,United States,ES_1151577_TS-52-428ES_021720250735666_9130854,0
3995509,LaSalle Bristol,E17,Ceiling Fans,TS-52-429ES,,,Indoor Ceiling Fan,Standard Fan Only,52,194.6,6.3,35.8,0.4,,3.0,0,,,,,,,,1,0,,2025-01-01,2025-02-17,United States,ES_1151577_TS-52-429ES_021720250719713_9011500,0
3701785,LINARI LLC,Linari,Aerocurve,ARC-52,,,Indoor Ceiling Fan,Standard Fan with Light Kit,52,191.0,3.3,39.0,1.4,,3.0,0,,,,,,,,1,0,,2024-11-15,2024-10-07,"United States, Canada",ES_1150475_ARC-52_100820240120780_9846195,0
3701782,LINARI LLC,Linari,Aerocurve,ARC-52-****,",,each (*) to represent a letter, a number or blank.",,Indoor Ceiling Fan,Standard Fan with Light Kit,52,191.0,3.3,39.0,1.4,,3.0,0,,,,,,,,1,0,,2024-11-15,2024-10-07,"United States, Canada",ES_1150475_ARC-52-****_100720240833301_1146297,0
3661604,LINARI LLC,Linari,Aerocurve,ARC-60,,,Indoor Ceiling Fan,Standard Fan with Light Kit,60,244.0,3.9,27.4,1.4,,3.0,0,,,,,,,,1,0,,2024-11-15,2024-10-04,"United States, Canada",ES_1150475_ARC-60_092620241549759_2239477,0
3701776,LINARI LLC,Linari,Aerocurve,ARC-60-****,",,each (*) to represent a letter, a number or blank.",,Indoor Ceiling Fan,Standard Fan with Light Kit,60,244.0,3.9,27.4,1.4,,3.0,0,,,,,,,,1,0,,2024-11-15,2024-10-04,"United States, Canada",ES_1150475_ARC-60-****_100720240225322_4838715,0
3629838,LINARI LLC,Linari,Aerocurve,ARC-70,,,Indoor Ceiling Fan,Standard Fan with Light Kit,70,356.0,3.5,26.2,1.4,,3.0,0,,,,,,,,1,0,,2024-11-15,2024-10-03,"United States, Canada",ES_1150475_ARC-70_092620241557699_2422286,1
3629839,LINARI LLC,Linari,Aerocurve,ARC-70-****,",,each (*) to represent a letter, a number or blank.",,Indoor Ceiling Fan,Standard Fan with Light Kit,70,356.0,3.5,26.2,1.4,,3.0,0,,,,,,,,1,0,,2024-11-15,2024-10-03,"United States, Canada",ES_1150475_ARC-70-****_100320240122751_4604018,1
3629803,LINARI LLC,Linari,Forester,FOR-52,,,Indoor Ceiling Fan,Standard Fan Only,52,179.0,3.0,35.9,1.4,,3.0,0,,,,,,,,1,0,,2024-11-15,2024-10-01,"United States, Canada",ES_1150475_FOR-52_092620241519931_7206928,0
3629802,LINARI LLC,Linari,Forester,FOR-52-****,",,each (*) to represent a letter, a number or blank.",,Indoor Ceiling Fan,Standard Fan Only,52,179.0,3.0,35.9,1.4,,3.0,0,,,,,,,,1,0,,2024-11-15,2024-10-01,"United States, Canada",ES_1150475_FOR-52-****_093020240250807_2574536,0
3701784,LINARI LLC,Linari,Forester,FOR-60,,,Indoor Ceiling Fan,Standard Fan Only,60,211.0,3.5,29.4,1.4,,3.0,0,,,,,,,,1,0,,2024-11-15,2024-10-02,"United States, Canada",ES_1150475_FOR-60_092620241530179_1575581,0
3701783,LINARI LLC,Linari,Forester,FOR-60-****,",,each (*) to represent a letter, a number or blank.",,Indoor Ceiling Fan,Standard Fan Only,60,211.0,3.5,29.4,1.4,,3.0,0,,,,,,,,1,0,,2024-11-15,2024-10-02,"United States, Canada",ES_1150475_FOR-60-****_100120240216733_6362492,0
2355142,"Litex Industries, Inc./ Ellington Fans",Craftmade,"52"" Optimum",OPT52***5,",,(* = A~Z, 0~9, or Blank); 52"" Optimum,YG851-CF,",,"Outdoor Ceiling Fan,Indoor Ceiling Fan",Standard Fan Only,52,207.0,3.8,31.3,0.8,,3.0,0,,,,,,,,1,0,,2020-02-01,2020-02-25,United States,ES_30133_OPT52***5_02252020054255_9375181,0
4509893,"Litex Industries, Inc./ Ellington Fans",Craftmade,EMCY52BNK4-PC,EMCY52BNK4-PC,",EMCY52FB4-PC,; ,EMCY52W4-PC,",647881270759;647881270780;647881273323,Indoor Ceiling Fan,Standard Fan with Light Kit,52,225.5,3.3,23.6,0.4,,,0,,,,,,,,1,0,,2025-09-30,2025-09-18,United States,ES_30133_EMCY52BNK4-PC_09162025152730_1407434,0
4027313,Lumivert Lighting,Lumivert,Ceiling Fan,F3H-7513-WC1,,,Indoor Ceiling Fan,Hugger Fan Only,52,79.5,14.4,54.8,0.0,,3.0,0,,,,,,,,1,0,,2025-05-25,2025-05-15,United States,ES_1152105_F3H-7513-WC1_051320250308705_1034215,0
4046682,Lumivert Lighting,Lumivert,Ceiling Fan,F3H-7513-WCX,",,( X DEFINES WALL CONTROL TYPE)",,Indoor Ceiling Fan,Hugger Fan Only,52,79.5,14.4,54.8,0.0,,3.0,0,,,,,,,,1,0,,2025-05-25,2025-05-15,United States,ES_1152105_F3H-7513-WCX_051520250740109_9277208,0
4046683,Lumivert Lighting,Lumivert,Ceiling Fan,F3H-7513-WCX ***/***,",,where * may be any character or blank to denote different color.",789089076327,Indoor Ceiling Fan,Hugger Fan Only,52,79.5,14.4,54.8,0.0,,3.0,0,,,,,,,,1,0,,2025-05-25,2025-05-15,United States,ES_1152105_F3H-7513-WCX ***/***_05152025071796_9361367,0
4480899,Lumivert Lighting,Lumivert,Ceiling Fan,FES-7504-PC ***/***,",,(where ""*"" may be any character or blank to denote different color.)",789089076280,Indoor Ceiling Fan,Standard Fan Only,52,126.7,13.1,41.0,0.0,,3.0,0,,,,,,,,1,0,,2025-07-28,2025-07-30,United States,ES_1152105_FES-7504-PC ***/***_073120250726674_1143330,0
4480898,Lumivert Lighting,Lumivert,Ceiling Fan,FES-7504-WC1 ***/***,",,(where ""*"" may be any character or blank to denote different color.)",789089076273,Indoor Ceiling Fan,Standard Fan Only,52,126.7,13.1,41.0,0.0,,3.0,0,,,,,,,,1,0,,2025-07-28,2025-07-30,United States,ES_1152105_FES-7504-PC ***/***_073020250721854_5625128,0
4480897,Lumivert Lighting,Lumivert,Ceiling Fan,FES-7504-WCX ***/***,",,(where ""*"" may be any character or blank to denote different color.)",89089076266,Indoor Ceiling Fan,Standard Fan Only,52,126.7,13.1,41.0,0.0,,3.0,0,,,,,,,,1,0,,2025-07-28,2025-07-30,United States,ES_1152105_FES-7504-WCX ***/***_073120250725324_7433150,0
4481135,Lumivert Lighting,Lumivert,Ceiling Fan,FES-7520 ***/***,",,(where""*""may be any character or blank to denote different color.)",789089076259,Indoor Ceiling Fan,Standard Fan Only,52,120.7,15.0,41.1,0.0,,3.0,0,,,,,,,,1,0,,2025-08-10,2025-08-08,United States,ES_1152105_FES-7520 ***/***_073020250930238_1931134,0
4480896,Lumivert Lighting,Lumivert,Ceiling Fan,FES-7564-PC ***/***,",,(where ""*"" may be any character or blank to denote different color.)",789089076297,Indoor Ceiling Fan,Standard Fan Only,52,132.8,13.1,40.4,0.0,,3.0,0,,,,,,,,1,0,,2025-07-28,2025-07-31,United States,ES_1152105_FES-7564-PC ***/***_073120250759486_3512959,0
4480895,Lumivert Lighting,Lumivert,Ceiling Fan,FES-7564-WC1 ***/***,",,(where ""*"" may be any character or blank to denote different color.)",789089076303,Indoor Ceiling Fan,Standard Fan Only,52,132.8,13.1,40.4,0.0,,3.0,0,,,,,,,,1,0,,2025-07-28,2025-07-31,United States,ES_1152105_FES-7564-WC1 ***/***_073120250355161_6948741,0
4480894,Lumivert Lighting,Lumivert,Ceiling Fan,FES-7564-WCX ***/***,",,(where ""*"" may be any character or blank to denote different color.)",789089076310,Indoor Ceiling Fan,Standard Fan Only,52,132.8,13.1,40.4,0.0,,3.0,0,,,,,,,,1,0,,2025-07-28,2025-07-31,United States,ES_1152105_FES-7564-WCX ***/***_073120250801143_6986161,0
4437435,Maxim Lighting International,Maxim,88717,88717,",MAR52,",,Indoor Ceiling Fan,Standard Fan with Light Kit,52,160.6,4.9,31.3,2.1,,5.0,0,,,,,,,,1,0,,2025-06-01,2025-06-13,United States,ES_1036671_88717_06102025133811_4932977,0
4437453,Maxim Lighting International,Maxim,88753,88753,,,Indoor Ceiling Fan,Standard Fan with Light Kit,56,160.7,4.8,41.2,0.4,,5.0,0,,,,,,,,1,0,,2025-06-01,2025-06-13,United States,ES_1036671_88753_06102025143451_8484155,0
4437436,Maxim Lighting International,Maxim,88766,88766,",COS65,",,Indoor Ceiling Fan,Standard Fan Only,64,194.0,6.2,48.5,1.5,,5.0,0,,,,,,,,1,0,,2025-06-01,2025-06-13,United States,ES_1036671_88766_06102025151035_1966516,0
4437454,Maxim Lighting International,Maxim,88768,88768,,,Indoor Ceiling Fan,Standard Fan Only,84,293.1,9.0,47.6,0.3,,5.0,0,,,,,,,,1,0,,2025-06-01,2025-06-13,United States,ES_1036671_88768_06102025153019_8321039,0
4429166,Maxim Lighting International,Maxim,88811,88811,,,Indoor Ceiling Fan,Standard Fan with Light Kit,52,263.8,3.6,19.8,0.7,,5.0,0,,,,,,,,1,0,,2025-05-01,2025-05-27,United States,ES_1036671_88811_05222025183349_6241266,0
3892268,Maxim Lighting International,Maxim,88833,88833,",88833,Brand Name: ET2; Studio M",,Indoor Ceiling Fan,Standard Fan with Light Kit,72,239.7,,35.6,0.7,,5.0,0,,,,,,,,1,0,,2024-12-01,2025-01-03,United States,ES_1036671_88833_12302024113909_1405450,0
3557066,Maxim Lighting International,Maxim,88836,88836,",88846,",,Indoor Ceiling Fan,Standard Fan Only,52,219.3,2.6,22.5,0.7,,,0,,,,,,,,1,0,,2024-04-07,2024-08-02,United States,ES_1036671_88836_07292024113530_5134698,0
3557065,Maxim Lighting International,Maxim,88837,88837,",88847,",,Indoor Ceiling Fan,Standard Fan with Light Kit,52,219.3,2.6,22.5,0.7,,,0,,,,,,,,1,0,,2024-07-01,2024-08-02,United States,ES_1036671_88837_07292024113226_258447,0
4016244,Maxim Lighting International,Maxim,88839,88839,,,Indoor Ceiling Fan,Standard Fan with Light Kit,60,248.7,5.8,24.1,0.7,,5.0,0,,,,,,,,1,0,,2025-04-01,2025-04-24,United States,ES_1036671_88839_04082025132740_4127313,0
3557067,Maxim Lighting International,Maxim,88841SN,88841SN,",88841*****,",,Indoor Ceiling Fan,Standard Fan with Light Kit,52,165.9,5.5,37.2,0.7,,,0,,,,,,,,1,0,,2024-07-01,2024-08-02,United States,ES_1036671_88841SN_07292024113917_2663690,0
4016242,Maxim Lighting International,Maxim,88849,88849,,,Outdoor Ceiling Fan,Standard Fan with Light Kit,60,248.7,5.8,24.1,0.7,,5.0,0,,,,,,,,1,0,,2025-04-01,2025-04-24,United States,ES_1036671_88849_04082025143159_1654474,0
4429165,Maxim Lighting International,Maxim,88878,88878,,,Indoor Ceiling Fan,Standard Fan with Light Kit,72,254.8,8.0,39.0,0.7,,5.0,0,,,,,,,,1,0,,2025-05-01,2025-05-27,United States,ES_1036671_88878_05222025184420_5409662,0
3354515,Maxim Lighting International,Maxim,89909,89909,,,Indoor Ceiling Fan,Standard Fan with Light Kit,52,112.7,17.6,52.9,0.0,,5.0,0,,,,,,,,1,0,,2024-01-01,2023-12-29,United States,ES_1036671_89909_12222023095753_8093072,0
3354516,Maxim Lighting International,Maxim,994403FTBK,994403FTBK,",88803,; ,88808,; ,994392WT,; ,994649WT,; ,994661WT,; ,994672WT,; ,994785BK,",,Indoor Ceiling Fan,Standard Fan with Light Kit,42,242.3,3.7,11.8,0.7,,5.0,0,,,,,,,,1,0,,2023-12-25,2023-12-29,United States,ES_1036671_994403FTBK_12262023101146_1109735,0
4437452,Maxim Lighting International,Maxim,SER52,SER52,,,Indoor Ceiling Fan,Standard Fan with Light Kit,52,190.8,8.2,33.2,1.5,,5.0,0,,,,,,,,1,0,,2025-06-01,2025-06-13,United States,ES_1036671_SER52_06102025142552_3050958,0
3354562,Maxim Lighting International,Maxim Lighting,Ceiling Fans,88816,,,Outdoor Ceiling Fan,Standard Fan Only,52,300.9,2.1,13.8,0.4,,3.0,0,,,,,,,,1,0,,2023-09-30,2024-01-02,United States,ES_1036671_88816_010220240644250_5327079,1
3354568,Maxim Lighting International,Maxim Lighting,Ceiling Fans,88816,,,Outdoor Ceiling Fan,Standard Fan Only,52,265.4,2.3,15.0,0.4,,3.0,0,,,,,,,,1,0,,2023-09-30,2024-01-02,United States,ES_1036671_88816_010220240643292_9805823,0
3354564,Maxim Lighting International,Maxim Lighting,Ceiling Fans,88816BK,,783209262904,Outdoor Ceiling Fan,Standard Fan Only,52,300.9,2.1,13.8,0.4,,3.0,0,,,,,,,,1,0,,2023-09-30,2024-01-02,United States,ES_1036671_88816BK_010220240643838_9214587,1
3354567,Maxim Lighting International,Maxim Lighting,Ceiling Fans,88816BK,,783209262904,Outdoor Ceiling Fan,Standard Fan Only,52,265.4,2.3,15.0,0.4,,3.0,0,,,,,,,,1,0,,2023-09-30,2024-01-02,United States,ES_1036671_88816BK_01022024064348_7390285,0
3354570,Maxim Lighting International,Maxim Lighting,Ceiling Fans,88816MW,,,Outdoor Ceiling Fan,Standard Fan Only,52,265.4,2.3,15.0,0.4,,3.0,0,,,,,,,,1,0,,2023-09-30,2024-01-02,United States,ES_1036671_88816MW_010220240642536_9639607,0
3354571,Maxim Lighting International,Maxim Lighting,Ceiling Fans,88816MW,,,Outdoor Ceiling Fan,Standard Fan Only,52,300.9,2.1,13.8,0.4,,3.0,0,,,,,,,,1,0,,2023-09-30,2024-01-02,United States,ES_1036671_88816MW_01022024064329_8579211,1
3354565,Maxim Lighting International,Maxim Lighting,Ceiling Fans,88816OI,,,Outdoor Ceiling Fan,Standard Fan Only,52,300.9,2.1,13.8,0.4,,3.0,0,,,,,,,,1,0,,2023-09-30,2024-01-02,United States,ES_1036671_88816OI_010220240642540_2010172,1
3354569,Maxim Lighting International,Maxim Lighting,Ceiling Fans,88816OI,,,Outdoor Ceiling Fan,Standard Fan Only,52,265.4,2.3,15.0,0.4,,3.0,0,,,,,,,,1,0,,2023-09-30,2024-01-02,United States,ES_1036671_88816OI_010220240641279_7596394,0
3354563,Maxim Lighting International,Maxim Lighting,Ceiling Fans,88816SN,,783209262911,Outdoor Ceiling Fan,Standard Fan Only,52,300.9,2.1,13.8,0.4,,3.0,0,,,,,,,,1,0,,2023-09-30,2024-01-02,United States,ES_1036671_88816SN_010220240641393_5988896,1
3354566,Maxim Lighting International,Maxim Lighting,Ceiling Fans,88816SN,,783209262911,Outdoor Ceiling Fan,Standard Fan Only,52,265.4,2.3,15.0,0.4,,3.0,0,,,,,,,,1,0,,2023-09-30,2024-01-02,United States,ES_1036671_88816SN_010220240640367_5946321,0
3354573,Maxim Lighting International,Maxim Lighting,Ceiling Fans,993985,,,Outdoor Ceiling Fan,Standard Fan Only,52,300.9,2.1,13.8,0.4,,3.0,0,,,,,,,,1,0,,2023-09-30,2024-01-02,United States,ES_1036671_993985_010220240639112_9050129,1
3354574,Maxim Lighting International,Maxim Lighting,Ceiling Fans,993985,,,Outdoor Ceiling Fan,Standard Fan Only,52,265.4,2.3,15.0,0.4,,3.0,0,,,,,,,,1,0,,2023-09-30,2024-01-02,United States,ES_1036671_993985_010220240640435_5851705,0
2357729,Hunter Fan Company,Hunter,Trak 76009,Trak 76009,",Trak 76010,; ,Trak 76011,",,Indoor Ceiling Fan,Standard Fan Only,60,170.0,4.3,82.0,1.0,,,0,,,,,,,,1,0,,2020-03-01,2020-04-07,"United States, Canada",ES_1020599_Trak 76009_04072020133347_8570215,0
2357730,Hunter Fan Company,Hunter,Trak 76021,Trak 76021,",Trak 76022,; ,Trak 76023,",,Indoor Ceiling Fan,Standard Fan Only,84,112.0,5.8,62.3,0.9,,,0,,,,,,,,1,0,Wired Ethernet,2020-03-01,2020-04-07,"United States, Canada",ES_1020599_Trak 76021_04072020133240_3968316,0
2365167,Hunter Fan Company,Hunter,Trak 76033,Trak 76033,",Trak76034,; ,Trak76035,",,Indoor Ceiling Fan,Standard Fan with Light Kit,72,201.0,6.1,92.2,1.2,,,0,Fujian Joinluck,2357.0,28.5,0.95,,83.0,36000.0,1,0,,2020-09-01,2020-08-28,"United States, Canada",ES_1020599_Trak 76033_08272020104959_8823663,0
2365163,Hunter Fan Company,Hunter,Trak 76036,Trak 76036,",Trak 76037,; ,Trak 76038,",,Indoor Ceiling Fan,Standard Fan with Light Kit,84,226.0,6.4,99.8,1.2,,,0,Fujian Joinluck,2357.0,28.5,0.95,,83.0,36000.0,1,0,,2020-09-01,2020-08-28,"United States, Canada",ES_1020599_Trak 76036_08272020104551_4473382,0
2365172,Hunter Fan Company,Hunter,Trak 76042,Trak 76042,",Trak 76043,; ,Trak 76044,",,Indoor Ceiling Fan,Standard Fan Only,60,180.0,5.4,67.1,1.2,,,0,,,,,,,,1,0,,2020-09-01,2020-08-28,"United States, Canada",ES_1020599_Trak 76042_08272020104013_5113336,0
2365166,Hunter Fan Company,Hunter,Trak 76045,Trak 76045,",Trak 76046,; ,Trak 76047,",,Indoor Ceiling Fan,Standard Fan Only,72,185.0,7.3,99.8,1.3,,,0,,,,,,,,1,0,,2020-09-01,2020-08-28,"United States, Canada",ES_1020599_Trak 76045_08272020104803_5603753,0
2365160,Hunter Fan Company,Hunter,Trak 76048,Trak 76048,",Trak 76049,; ,Trak 76050,",,Indoor Ceiling Fan,Standard Fan Only,84,230.0,5.6,92.5,1.4,,,0,,,,,,,,1,0,,2020-09-01,2020-08-28,"United States, Canada",ES_1020599_Trak 76048_08272020104215_913049,0
3994119,Hunter Fan Company,Hunter,Vespucci,52846,"Vespucci,52847,",049694528469;049694528476,Indoor Ceiling Fan,Standard Fan Only,52,366.7,1.8,13.9,0.8,,3.0,0,,,,,,,,1,0,0,2023-06-27,2025-02-03,"United States, Canada",ES_1020599_52846_01172025133247_723382,1
2470892,Hunter Fan Company,Hunter,Warrant 59462,Warrant 59462,",Warrant 51474,; ,Warrant 59461,",049694514745,Indoor Ceiling Fan,Standard Fan with Light Kit,60,194.0,2.0,34.6,0.9,,3.0,0,"ShenZhen JuFei Optoelectronics Co., Ltd.",1593.0,16.0,0.92,,94.0,50000.0,1,0,,2023-04-19,2023-04-27,"United States, Canada",ES_1020599_Warrant 59462_04192023101010_7138025,0
3995395,IKEA of Sweden AB,Ikea,AKTERSKARP,T2416,,20595453216339,Indoor Ceiling Fan,Standard Fan Only,56,244.0,3.6,23.2,0.4,,3.0,0,,,,,,,,1,0,,2025-02-14,2025-02-14,United States,ES_1092750_T2416_02142025000000_2432341,0
3995396,IKEA of Sweden AB,Ikea,AKTERTOFTER,T2417,,80595450216339,Indoor Ceiling Fan,Standard Fan Only,56,264.0,3.7,23.3,0.4,,3.0,0,,,,,,,,1,0,,2025-02-14,2025-02-14,United States,ES_1092750_T2417_02142025000000_7943302,0
3417661,Integris Solutions LLC,Integris Solutions,JXL-52-048,JXL-52-048,"JXL-52-536, JXL-52-330, JXL-52-309, JXL-52-048-2, JXL-52-536-2, JXL-52-330-2, JXL-52-309-2,JXL-52-536, JXL-52-330, JXL-52-309, JXL-52-048-2, JXL-52-536-2, JXL-52-330-2, JXL-52-309-2,",,Indoor Ceiling Fan,Standard Fan with Light Kit,52,173.1,4.7,28.2,1.1,,3.0,0,,,,,,,,1,0,,2024-01-08,2024-01-11,"United States, Canada",ES_1141290_JXL-52-048_01112024090000_0000001,0
4499037,"Jiangmen Fudong Electric Appliances Co.,Ltd.",Fudong,Ceiling Fan,FD0049,,,Indoor Ceiling Fan,Standard Fan Only,52,230.0,3.1,28.4,0.0,,3.0,0,,,,,,,,1,0,,2025-09-16,2025-09-16,United States,ES_1148089_FD0049_09162025000000_7449992,0
4020750,Kaiping Handing Household Electrical Appliances Company LTD,Riveria Breeze,TTA65,DC,,,Indoor Ceiling Fan,Standard Fan with Light Kit,60,250.1,5.8,42.3,0.4,,,0,,,,,,,,1,0,,2025-05-15,2025-05-07,United States,ES_1152133_DC_04302025091746_857812,0
3798729,Kichler Lighting,Kichler,FIT,310254,,783927044196,Indoor Ceiling Fan,Standard Fan Only,54,189.0,,30.8,0.6,,,0,,,,,,,,1,0,,2024-01-01,2024-11-15,United States,ES_20516_310254_11092024115559_4790460,0
2375976,Kichler Lighting,Kichler Lighting,52 Inch Renew ES Fan,EF200K-52(F),"52 Inch Renew ES Fan,330164,",,Indoor Ceiling Fan,Standard Fan Only,52,194.0,3.3,30.4,0.6,,3.0,0,,,,,,,,1,0,,2021-03-28,2021-03-29,"United States, Canada",ES_20516_EF200K-52(F)_03292021045976_2239105,0
2375977,Kichler Lighting,Kichler Lighting,52 Inch Renew ES Fan,EF200K-52(F),"52 Inch Renew ES Fan,330164,",,Indoor Ceiling Fan,Hugger Fan Only,52,163.0,3.0,31.0,0.6,,3.0,0,,,,,,,,1,0,,2021-03-28,2021-03-29,"United States, Canada",ES_20516_EF200K-52(F)_032920210459761_9255578,0
2323489,Kichler Lighting,Kichler Lighting,Ferron,300160BB,,,Indoor Ceiling Fan,Standard Fan Only,60,167.3,,31.3,0.9,,,0,,,,,,,,1,0,,2018-07-20,2018-07-31,"United States, Canada",ES_20516_300160BB_07272018115329_3795892,0
2323476,Kichler Lighting,Kichler Lighting,Lehr II,Lehr II,,783927416061;783927433648,Indoor Ceiling Fan,Standard Fan Only,54,165.2,,31.1,0.9,,,0,,,,,,,,1,0,,2018-07-20,2018-07-31,"United States, Canada",ES_20516_Lehr II_07272018123011_3518030,0
2323480,Kichler Lighting,Kichler Lighting,Link,300168NI,,783927414999,Indoor Ceiling Fan,Standard Fan Only,54,184.0,,31.4,0.9,,,0,,,,,,,,1,0,,2018-07-20,2018-07-31,"United States, Canada",ES_20516_300168NI_07272018112349_1978265,0
2328610,Kichler Lighting,Kichler Lighting,Sola,330150***,,783927520522;783927601443,Indoor Ceiling Fan,Standard Fan with Light Kit,34,47.4,,63.4,0.3,,,0,Seoul Semiconductor,1362.0,15.7,0.99,,87.0,54000.0,1,1,,2018-07-20,2018-10-30,"United States, Canada",ES_20516_330150OZ_10172018111505_3871118,0
4160397,LaSalle Bristol,E17,410TSC52600ESMB,410TSC52600ESMB,",410TSC52600ES**,; ,TS-52-600ES,",,Indoor Ceiling Fan,Standard Fan with Light Kit,52,162.5,4.3,34.5,0.5,,3.0,0,,,,,,,,1,0,,2025-05-01,2025-05-22,United States,ES_1151577_410TSC52600ESMB_05192025133415_6671869,0
4161398,LaSalle Bristol,E17,410TSC52600ESMB,410TSC52600ESMB,",410TSC52600ES**,; ,TS-52-600ES,",,Indoor Ceiling Fan,Hugger Fan with Light Kit,52,125.1,3.7,34.6,0.5,,3.0,0,,,,,,,,1,0,,2025-05-01,2025-05-22,United States,ES_1151577_410TSC52600ESMB_05152025112754_2043573,0
4162399,LaSalle Bristol,E17,410TSC52600NLKESMB,410TSC52600NLKESMB,",410TSC52600NLKES**,; ,TS-52-600NLKES,",,Indoor Ceiling Fan,Standard Fan Only,52,162.5,4.3,34.5,0.5,,3.0,0,,,,,,,,1,0,,2025-05-01,2025-05-22,United States,ES_1151577_410TSC52600NLKESMB_05192025133719_3877679,0
2765418,Hunter Fan Company,Hunter,"44"" Swanson",52779,,049694527790,Indoor Ceiling Fan,Hugger Fan Only,44,258.6,1.6,16.4,0.3,,3.0,0,,,,,,,,1,0,,2025-03-25,2023-11-27,"United States, Canada",ES_1020599_52779_112720230603825_4952941,1
2765423,Hunter Fan Company,Hunter,"44"" Swanson",52780,,049694527806,Indoor Ceiling Fan,Hugger Fan Only,44,257.2,1.7,17.8,0.3,,3.0,0,,,,,,,,1,0,,2025-03-25,2023-11-27,"United States, Canada",ES_1020599_52780_112720230627205_5793649,1
2765417,Hunter Fan Company,Hunter,"44"" Swanson",52781,,049694527813,Indoor Ceiling Fan,Hugger Fan Only,44,258.6,1.6,16.4,0.3,,3.0,0,,,,,,,,1,0,,2025-03-25,2023-11-27,"United States, Canada",ES_1020599_52781_11202023060292_8088111,1
2765420,Hunter Fan Company,Hunter,"44"" Swanson",52782,,049694527820,Indoor Ceiling Fan,Hugger Fan Only,44,257.2,1.7,17.8,0.3,,3.0,0,,,,,,,,1,0,,2025-03-25,2023-11-27,"United States, Canada",ES_1020599_52782_112020230623432_9090159,1
2765416,Hunter Fan Company,Hunter,"44"" Swanson",52789,,049694527899,Indoor Ceiling Fan,Hugger Fan Only,44,258.6,1.6,16.4,0.3,,3.0,0,,,,,,,,1,0,,2025-03-25,2023-11-27,"United States, Canada",ES_1020599_52789_112720230603505_7226669,1
2765422,Hunter Fan Company,Hunter,"44"" Swanson",52790,,049694527905,Indoor Ceiling Fan,Hugger Fan Only,44,257.2,1.7,17.8,0.3,,3.0,0,,,,,,,,1,0,,2025-03-25,2023-11-27,"United States, Canada",ES_1020599_52790_112720230627493_2297323,1
4510603,Hunter Fan Company,Hunter,"50"" CUL AEROSYNC",50401,,049694504012,Indoor Ceiling Fan,Standard Fan Only,50,199.9,2.6,27.9,0.5,,3.0,0,,,,,,,,1,0,,2025-10-20,2025-10-02,"United States, Canada",ES_1020599_50401_10022025072058_8898221,0
4510602,Hunter Fan Company,Hunter,50in AeroSync,50389,,049694503893,Indoor Ceiling Fan,Standard Fan Only,50,199.9,2.6,27.9,0.5,,3.0,0,,,,,,,,1,0,,2025-10-20,2025-10-02,"United States, Canada",ES_1020599_50389_092620250556317_4253867,0
3798898,Hunter Fan Company,Hunter,"52"" ANZA",53056,,49694530561,Indoor Ceiling Fan,Standard Fan Only,52,198.4,2.8,35.0,0.4,,3.0,0,,,,,,,,1,0,,2024-11-17,2024-11-20,"United States, Canada",ES_1020599_53056_112020240708377_9933311,0
3798899,Hunter Fan Company,Hunter,"52"" ANZA",53283,,49694532831,Indoor Ceiling Fan,Standard Fan Only,52,198.4,2.8,35.0,0.4,,3.0,0,,,,,,,,1,0,,2024-11-17,2024-11-20,"United States, Canada",ES_1020599_53283_112020240723364_5247762,0
3798897,Hunter Fan Company,Hunter,"52"" ANZA",53284,,49694532848,Indoor Ceiling Fan,Standard Fan Only,52,198.4,2.8,35.0,0.4,,3.0,0,,,,,,,,1,0,,2024-11-17,2024-11-20,"United States, Canada",ES_1020599_53284_112020240707423_3045987,0
2635684,Hunter Fan Company,Hunter,"52"" BUILDER",52729,,049694527295,Indoor Ceiling Fan,Standard Fan Only,52,282.1,1.3,22.2,0.3,,3.0,0,,,,,,,,1,0,,2025-04-30,2023-08-14,"United States, Canada",ES_1020599_52729_080820230817778_4743833,1
2635686,Hunter Fan Company,Hunter,"52"" BUILDER",52730,,049694527301,Indoor Ceiling Fan,Standard Fan Only,52,282.1,1.3,22.2,0.3,,3.0,0,,,,,,,,1,0,,2025-04-30,2023-08-14,"United States, Canada",ES_1020599_52730_081420230644364_6106800,1
2635687,Hunter Fan Company,Hunter,"52"" BUILDER",52731,,049694527318,Indoor Ceiling Fan,Standard Fan Only,52,282.1,1.3,22.2,0.3,,3.0,0,,,,,,,,1,0,,2025-04-30,2023-08-14,"United States, Canada",ES_1020599_52731_081420230647721_6304710,1
2635685,Hunter Fan Company,Hunter,"52"" BUILDER",52732,,049694527325,Indoor Ceiling Fan,Standard Fan Only,52,282.1,1.3,22.2,0.3,,3.0,0,,,,,,,,1,0,,2025-04-30,2023-08-14,"United States, Canada",ES_1020599_52732_081420230648915_5725028,1
3530989,Hunter Fan Company,Hunter,"52"" Erling DC",52849,,049694528490,Indoor Ceiling Fan,Standard Fan Only,52,264.4,1.7,23.6,0.4,,3.0,0,,,,,,,,1,0,,2024-06-30,2024-05-22,"United States, Canada",ES_1020599_52849_052220240734609_3012975,0
3530991,Hunter Fan Company,Hunter,"52"" Erling DC",52850,,049694528506,Indoor Ceiling Fan,Standard Fan Only,52,264.4,1.7,23.6,0.4,,3.0,0,,,,,,,,1,0,,2024-06-30,2024-05-22,"United States, Canada",ES_1020599_52850_052220240734737_4274324,0
3530990,Hunter Fan Company,Hunter,"52"" Erling DC",52851,,049694528513,Indoor Ceiling Fan,Standard Fan Only,52,264.4,1.7,23.6,0.4,,3.0,0,,,,,,,,1,0,,2024-06-30,2024-05-22,"United States, Canada",ES_1020599_52849_051020240615830_8356942,0
3531062,Hunter Fan Company,Hunter,"52"" GEORGETOWN",52783,,049694527837,"Outdoor Ceiling Fan,Indoor Ceiling Fan",Standard Fan Only,52,326.3,1.5,20.6,0.4,,3.0,0,,,,,,,,1,0,,2025-03-25,2024-05-24,"United States, Canada",ES_1020599_52783_052420240818137_4050131,1
3531064,Hunter Fan Company,Hunter,"52"" GEORGETOWN",52784,,049694527844,"Outdoor Ceiling Fan,Indoor Ceiling Fan",Standard Fan Only,52,326.3,1.5,20.6,0.4,,3.0,0,,,,,,,,1,0,,2025-03-25,2024-05-24,"United States, Canada",ES_1020599_52784_052420240817526_1205675,1
3531063,Hunter Fan Company,Hunter,"52"" GEORGETOWN",52785,,049694527851,"Outdoor Ceiling Fan,Indoor Ceiling Fan",Standard Fan Only,52,326.3,1.5,20.6,0.4,,3.0,0,,,,,,,,1,0,,2025-03-25,2024-05-24,"United States, Canada",ES_1020599_52783_051020240718744_8727930,1
3531059,Hunter Fan Company,Hunter,52in Aeronaut Smart,52927,,049694529275,"Outdoor Ceiling Fan,Indoor Ceiling Fan",Standard Fan Only,52,273.8,2.4,22.0,0.5,,3.0,0,,,,,,,,1,0,,2024-07-28,2024-05-24,"United States, Canada",ES_1020599_52927_051020240710473_5269140,0
3531060,Hunter Fan Company,Hunter,52in Aeronaut Smart,52928,,049694529282,"Outdoor Ceiling Fan,Indoor Ceiling Fan",Standard Fan Only,52,273.8,2.4,22.0,0.5,,3.0,0,,,,,,,,1,0,,2024-07-28,2024-05-24,"United States, Canada",ES_1020599_52928_052420240803785_2013767,0
2765424,Hunter Fan Company,Hunter,52in Anisten E-Star,52773,,049694527738,Indoor Ceiling Fan,Hugger Fan Only,52,219.8,2.6,22.9,0.3,,3.0,0,,,,,,,,1,0,,2023-12-20,2023-11-27,"United States, Canada",ES_1020599_52773_112020230639125_7234463,1
2765425,Hunter Fan Company,Hunter,52in Anisten E-Star,52776,,049694527769,Indoor Ceiling Fan,Hugger Fan Only,52,219.8,2.6,22.9,0.3,,3.0,0,,,,,,,,1,0,,2023-12-20,2023-11-27,"United States, Canada",ES_1020599_52776_112720230702165_9869001,1
2784857,Hunter Fan Company,Hunter,52in Brazos,51535,,049694515353,Indoor Ceiling Fan,Standard Fan Only,52,343.6,2.1,18.0,0.4,,3.0,0,,,,,,,,1,0,,2025-05-11,2023-11-27,"United States, Canada",ES_1020599_51535_112020230531493_9987104,1
2765415,Hunter Fan Company,Hunter,52in Brazos,52375,,049694523754,Indoor Ceiling Fan,Standard Fan Only,52,343.6,2.1,18.0,0.4,,3.0,0,,,,,,,,1,0,,2025-05-11,2023-11-27,"United States, Canada",ES_1020599_52375_112720230549528_2203297,1
2765414,Hunter Fan Company,Hunter,52in Brazos,52376,,049694523761,Indoor Ceiling Fan,Standard Fan Only,52,343.6,2.1,18.0,0.4,,3.0,0,,,,,,,,1,0,,2025-05-11,2023-11-27,"United States, Canada",ES_1020599_52376_112720230550737_4323544,1
3531058,Hunter Fan Company,Hunter,52in Fonthill,52901,,049694529015,Indoor Ceiling Fan,Standard Fan Only,52,353.4,2.5,17.7,0.4,,3.0,0,,,,,,,,1,0,,2025-03-29,2025-03-24,"United States, Canada",ES_1020599_52901_052420240747548_4631236,1
3531056,Hunter Fan Company,Hunter,52in Fonthill,52903,,049694529039,Indoor Ceiling Fan,Standard Fan Only,52,353.4,2.5,17.7,0.4,,3.0,0,,,,,,,,1,0,,2025-03-29,2025-03-24,"United States, Canada",ES_1020599_52903_052420240744225_5431262,1
3531057,Hunter Fan Company,Hunter,52in Fonthill,52904,,049694529046,Indoor Ceiling Fan,Standard Fan Only,52,353.4,2.5,17.7,0.4,,3.0,0,,,,,,,,1,0,,2025-03-29,2025-03-24,"United States, Canada",ES_1020599_52903_051020240657487_4771571,1
4012660,Hunter Fan Company,Hunter,52in Infinity,53518,,049694535184,Indoor Ceiling Fan,Standard Fan Only,52,233.4,2.5,22.6,0.5,,3.0,0,,,,,,,,1,0,,2025-04-08,2025-04-10,"United States, Canada",ES_1020599_53518_040120250552286_2705303,0
4012659,Hunter Fan Company,Hunter,52in Infinity,53519,,049694535191,Indoor Ceiling Fan,Standard Fan Only,52,233.4,2.5,22.6,0.5,,3.0,0,,,,,,,,1,0,,2025-04-08,2025-04-10,"United States, Canada",ES_1020599_53519_041020250242224_3729680,0
4012661,Hunter Fan Company,Hunter,52in Infinity,53654,,049694536549,Indoor Ceiling Fan,Standard Fan Only,52,233.4,2.5,22.6,0.5,,3.0,0,,,,,,,,1,0,,2025-04-08,2025-04-10,"United States, Canada",ES_1020599_53654_041020250243708_4839056,0
3531007,Hunter Fan Company,Hunter,52in Mazzini,52830,,049694528308,Indoor Ceiling Fan,Standard Fan Only,52,293.7,1.3,18.1,0.5,,3.0,0,,,,,,,,1,0,,2025-03-25,2025-03-24,"United States, Canada",ES_1020599_52830_05232024061823_4651121,1
4008515,Hunter Fan Company,Hunter,52in Mazzini,52831,,049694528315,Indoor Ceiling Fan,Standard Fan Only,52,293.7,1.3,18.1,0.5,,3.0,0,,,,,,,,1,0,,2025-03-25,2025-03-24,"United States, Canada",ES_1020599_52831_040220250505879_7673451,1
4000301,Hunter Fan Company,Hunter,52in Trior DC,53661,,049694536617,Indoor Ceiling Fan,Standard Fan Only,52,270.8,1.4,19.1,0.5,,3.0,0,,,,,,,,1,0,,2025-05-17,2025-03-19,"United States, Canada",ES_1020599_53661_03192025070039_4262554,0
4000300,Hunter Fan Company,Hunter,52in Trior DC,53662,,049694536624,Indoor Ceiling Fan,Standard Fan Only,52,270.8,1.4,19.1,0.5,,3.0,0,,,,,,,,1,0,,2025-05-17,2025-03-19,"United States, Canada",ES_1020599_53661_031720250232384_5031915,0
4470627,Hunter Fan Company,Hunter,52in ZenTech 5-Blade,53635,,049694536358,Indoor Ceiling Fan,Standard Fan Only,52,238.4,3.1,25.7,0.6,,3.0,0,,,,,,,,1,0,,2025-07-21,2025-07-09,"United States, Canada",ES_1020599_53635_070920250340549_8143207,0
4470628,Hunter Fan Company,Hunter,52in ZenTech 5-Blade,53638,,049694536389,Indoor Ceiling Fan,Standard Fan Only,52,238.4,3.1,25.7,0.6,,3.0,0,,,,,,,,1,0,,2025-07-21,2025-07-09,"United States, Canada",ES_1020599_53638_070420250245926_1949896,0
4470625,Hunter Fan Company,Hunter,52in ZenTech 5-Blade,53640,,049694536402,Indoor Ceiling Fan,Standard Fan Only,52,238.4,3.1,25.7,0.6,,3.0,0,,,,,,,,1,0,,2025-07-21,2025-07-09,"United States, Canada",ES_1020599_53640_070920250341927_9887280,0
2635690,Hunter Fan Company,Hunter,"52"" Pro's Best DC",52725,,049694527257,Indoor Ceiling Fan,Standard Fan Only,52,184.2,2.3,29.1,0.3,,3.0,0,,,,,,,,1,0,,2023-09-01,2023-08-14,"United States, Canada",ES_1020599_52725_080820230803366_4949707,0
2635688,Hunter Fan Company,Hunter,"52"" Pro's Best DC",52726,,049694527264,Indoor Ceiling Fan,Standard Fan Only,52,184.2,2.3,29.1,0.3,,3.0,0,,,,,,,,1,0,,2023-09-01,2023-08-14,"United States, Canada",ES_1020599_52726_081420230622102_6140858,0
2635689,Hunter Fan Company,Hunter,"52"" Pro's Best DC",52727,,049694527271,Indoor Ceiling Fan,Standard Fan Only,52,184.2,2.3,29.1,0.3,,3.0,0,,,,,,,,1,0,,2023-09-01,2023-08-14,"United States, Canada",ES_1020599_52727_081420230626581_5778719,0
2473583,Hunter Fan Company,Hunter,"52"" SKYWAY,DAMP",51672,,049694516725,Indoor Ceiling Fan,Standard Fan with Light Kit,52,363.8,2.1,16.3,0.4,,3.0,0,Hunter Fan Company,1721.0,18.0,0.98,,83.0,50000.0,1,0,,2023-06-01,2023-05-05,"United States, Canada",ES_1020599_51672_050520230858122_5985512,1
2650000,Hunter Fan Company,Hunter,"52"" SKYWAY,DAMP",51888,,049694518880,Indoor Ceiling Fan,Standard Fan with Light Kit,52,363.8,2.1,16.3,0.4,,3.0,0,Hunter Fan Company,1721.0,18.0,0.98,,83.0,50000.0,1,0,,2023-06-01,2023-05-05,"United States, Canada",ES_1020599_51888_090520231721988_2039744,1
2650001,Hunter Fan Company,Hunter,"52"" SKYWAY,DAMP",52598,,049694525987,Indoor Ceiling Fan,Standard Fan with Light Kit,52,363.8,2.1,16.3,0.4,,3.0,0,Hunter Fan Company,1721.0,18.0,0.98,,83.0,50000.0,1,0,,2023-06-01,2023-05-05,"United States, Canada",ES_1020599_52598_090520231722221_2673622,1
2650004,Hunter Fan Company,Hunter,"52"" SKYWAY,DAMP",52598,,049694525987,Indoor Ceiling Fan,Standard Fan with Light Kit,52,363.8,2.1,16.3,0.4,,3.0,0,Hunter Fan Company,1721.0,18.0,0.98,,83.0,50000.0,1,0,,2023-06-01,2023-05-05,"United States, Canada",ES_1020599_52598_090620230121997_6879308,1
2668209,Hunter Fan Company,Hunter,"52""TRIFLOW",52749,,049694527493,Indoor Ceiling Fan,Standard Fan Only,52,311.0,1.3,17.1,0.4,,3.0,0,,,,,,,,1,0,,2023-12-01,2023-09-21,"United States, Canada",ES_1020599_52749_091820230618911_7854447,1
3845264,Hunter Fan Company,Hunter,"52""TRIFLOW",53569,,049694535696,Indoor Ceiling Fan,Standard Fan Only,52,311.0,1.3,17.1,0.4,,3.0,0,,,,,,,,1,0,,2023-12-01,2023-09-21,"United States, Canada",ES_1020599_53569_121120240707749_9195016,1
4005927,Hunter Fan Company,Hunter,"54"" PROMENADE",59545,,049694595454,Indoor Ceiling Fan,Standard Fan Only,54,219.7,1.0,29.5,0.3,,3.0,0,,,,,,,,1,0,,2025-03-25,2025-03-27,"United States, Canada",ES_1020599_59545_032420250226645_2606729,0
4005928,Hunter Fan Company,Hunter,"54"" PROMENADE",59546,,049694595461,Indoor Ceiling Fan,Standard Fan Only,54,219.7,1.0,29.5,0.3,,3.0,0,,,,,,,,1,0,,2025-03-25,2025-03-27,"United States, Canada",ES_1020599_59546_032720251016755_8901245,0
3721992,Hunter Fan Company,Hunter,"60"" Arwen",53509,,49694535092,Indoor Ceiling Fan,Standard Fan Only,60,250.0,4.9,32.6,0.4,,3.0,0,,,,,,,,1,0,,2025-01-20,2024-10-29,"United States, Canada",ES_1020599_53509_102520240646603_9112358,0
3721993,Hunter Fan Company,Hunter,"60"" Arwen",53512,,49694535122,Indoor Ceiling Fan,Standard Fan Only,60,250.0,4.9,32.6,0.4,,3.0,0,,,,,,,,1,0,,2025-01-20,2024-10-29,"United States, Canada",ES_1020599_53512_102520240646420_4521296,0
3530993,Hunter Fan Company,Hunter,60in Aerodyne,52832,,049694528322,Indoor Ceiling Fan,Standard Fan Only,60,302.8,1.3,32.6,0.4,,3.0,0,,,,,,,,1,0,,2024-07-14,2024-05-22,"United States, Canada",ES_1020599_52832_052220240754517_8730756,1
3530992,Hunter Fan Company,Hunter,60in Aerodyne,52833,,049694528339,Indoor Ceiling Fan,Standard Fan Only,60,302.8,1.3,32.6,0.4,,3.0,0,,,,,,,,1,0,,2024-07-14,2024-05-22,"United States, Canada",ES_1020599_52832_051020240635120_9820300,1
3531005,Hunter Fan Company,Hunter,60in Aerodyne,52834,,049694528346,Indoor Ceiling Fan,Standard Fan Only,60,302.8,1.3,32.6,0.4,,3.0,0,,,,,,,,1,0,,2024-07-14,2024-05-22,"United States, Canada",ES_1020599_52834_052320240616361_8996819,1
3629210,Hunter Fan Company,Hunter,60in Cassius,52979,,049694529794,Indoor Ceiling Fan,Standard Fan Only,60,243.1,2.1,27.5,0.5,,3.0,0,,,,,,,,1,0,,2025-04-30,2024-09-11,"United States, Canada",ES_1020599_52979_091020240601814_4881518,0
3629211,Hunter Fan Company,Hunter,60in Cassius,52980,,049694529800,Indoor Ceiling Fan,Standard Fan Only,60,243.1,2.1,27.5,0.5,,3.0,0,,,,,,,,1,0,,2025-04-30,2024-09-11,"United States, Canada",ES_1020599_52980_091020240603245_5658416,0
3629208,Hunter Fan Company,Hunter,60in Cassius,52981,,049694529817,Indoor Ceiling Fan,Standard Fan Only,60,243.1,2.1,27.5,0.5,,3.0,0,,,,,,,,1,0,,2025-04-30,2024-09-11,"United States, Canada",ES_1020599_52981_091020240604455_6717707,0
3629209,Hunter Fan Company,Hunter,60in Cassius,52982,,049694529824,Indoor Ceiling Fan,Standard Fan Only,60,243.1,2.1,27.5,0.5,,3.0,0,,,,,,,,1,0,,2025-04-30,2024-09-11,"United States, Canada",ES_1020599_52979_09092024060000_4223134,0
4510606,Hunter Fan Company,Hunter,60in Kennicott,51830,,049694518309,Indoor Ceiling Fan,Standard Fan Only,60,291.5,1.4,29.9,0.4,,3.0,0,,,,,,,,1,0,,2025-10-07,2025-10-02,"United States, Canada",ES_1020599_51830_10022025075225_5653205,0
4510607,Hunter Fan Company,Hunter,60in Kennicott,51831,,049694518316,Indoor Ceiling Fan,Standard Fan Only,60,291.5,1.4,29.9,0.4,,3.0,0,,,,,,,,1,0,,2025-10-07,2025-10-02,"United States, Canada",ES_1020599_51831_10022025075370_6158327,0
4510605,Hunter Fan Company,Hunter,60in Kennicott,51832,,049694518323,Indoor Ceiling Fan,Standard Fan Only,60,291.5,1.4,29.9,0.4,,3.0,0,,,,,,,,1,0,,2025-10-07,2025-10-02,"United States, Canada",ES_1020599_51832_100220250756362_4335508,0
4510604,Hunter Fan Company,Hunter,60in Kennicott,51833,,049694518330,Indoor Ceiling Fan,Standard Fan Only,60,291.5,1.4,29.9,0.4,,3.0,0,,,,,,,,1,0,,2025-10-07,2025-10-02,"United States, Canada",ES_1020599_51833_10022025075121_7187151,0
3798901,Hunter Fan Company,Hunter,60in Loflin,53138,,49694531384,Indoor Ceiling Fan,Standard Fan Only,60,169.8,1.3,52.1,0.3,,3.0,0,,,,,,,,1,0,,2025-04-30,2024-11-20,"United States, Canada",ES_1020599_53138_111220240846841_5958466,0
3798900,Hunter Fan Company,Hunter,60in Loflin,53574,,49694535740,Indoor Ceiling Fan,Standard Fan Only,60,169.8,1.3,52.1,0.3,,3.0,0,,,,,,,,1,0,,2025-04-30,2024-11-20,"United States, Canada",ES_1020599_53574_112020240730529_9589652,0
3994420,Hunter Fan Company,Hunter,60in Mosely,52997,,049694529978,Indoor Ceiling Fan,Standard Fan Only,60,264.4,2.1,28.8,0.4,,3.0,0,,,,,,,,1,0,,2025-04-27,2025-02-13,"United States, Canada",ES_1020599_52997_020620250821617_1860883,0
3994422,Hunter Fan Company,Hunter,60in Mosely,52998,,049694529985,Indoor Ceiling Fan,Standard Fan Only,60,264.4,2.1,28.8,0.4,,3.0,0,,,,,,,,1,0,,2025-04-27,2025-02-13,"United States, Canada",ES_1020599_52998_021320250122427_1549233,0
3994421,Hunter Fan Company,Hunter,60in Mosely,53649,,049694536495,Indoor Ceiling Fan,Standard Fan Only,60,264.4,2.1,28.8,0.4,,3.0,0,,,,,,,,1,0,,2025-04-27,2025-02-13,"United States, Canada",ES_1020599_53649_021220250619782_7749898,0
4016366,Hunter Fan Company,Hunter,60in Warrant,51474,,049694514745,Indoor Ceiling Fan,Standard Fan Only,60,238.3,1.3,30.4,0.3,,3.0,0,,,,,,,,1,0,,2025-04-27,2025-04-29,"United States, Canada",ES_1020599_51474_042920250317506_9424739,0
4016367,Hunter Fan Company,Hunter,60in Warrant,59461,,049694594617,Indoor Ceiling Fan,Standard Fan Only,60,238.3,1.3,30.4,0.3,,3.0,0,,,,,,,,1,0,,2025-04-27,2025-04-29,"United States, Canada",ES_1020599_59461_042020250808415_3249912,0
4016368,Hunter Fan Company,Hunter,60in Warrant,59462,,049694594624,Indoor Ceiling Fan,Standard Fan Only,60,238.3,1.3,30.4,0.3,,3.0,0,,,,,,,,1,0,,2025-04-27,2025-04-29,"United States, Canada",ES_1020599_59462_042920250504542_6813620,0
2635691,Hunter Fan Company,Hunter,"60"" Kamshaw",51821,,049694518217,Outdoor Ceiling Fan,Standard Fan Only,60,160.3,1.4,55.8,0.3,,3.0,0,,,,,,,,1,0,,2023-09-01,2023-08-14,"United States, Canada",ES_1020599_51821_080820230859819_5383874,0
2636107,Hunter Fan Company,Hunter,"60"" LAKEWAY",52582,,049694525826,Indoor Ceiling Fan,Standard Fan Only,60,189.6,,48.8,0.4,,3.0,0,,,,,,,,1,0,,2023-09-01,2023-08-17,"United States, Canada",ES_1020599_52582_080920230141953_6206613,0
2636106,Hunter Fan Company,Hunter,"60"" LAKEWAY",52767,,049694527677,Indoor Ceiling Fan,Standard Fan Only,60,189.6,,48.8,0.4,,3.0,0,,,,,,,,1,0,,2023-09-01,2023-08-09,"United States, Canada",ES_1020599_52767_080920230145922_2598198,0
3798892,Hunter Fan Company,Hunter,"60"" MARSAC",53454,,49694534545,Indoor Ceiling Fan,Standard Fan Only,60,241.8,1.2,32.3,0.4,,3.0,0,,,,,,,,1,0,,2025-03-25,2024-11-20,"United States, Canada",ES_1020599_53454_112020240533603_5015786,0
4005961,Hunter Fan Company,Hunter,"60"" MARSAC",53455,,049694534552,Indoor Ceiling Fan,Standard Fan Only,60,241.8,1.2,32.3,0.4,,3.0,0,,,,,,,,1,0,,2025-03-28,2025-03-28,"United States, Canada",ES_1020599_53455_03282025065885_8192247,0
4005963,Hunter Fan Company,Hunter,"60"" OVERTON",50719,,049694507198,Indoor Ceiling Fan,Standard Fan Only,60,236.9,1.5,37.7,0.4,,3.0,0,,,,,,,,1,0,,2025-03-28,2025-03-28,"United States, Canada",ES_1020599_50719_032820250716952_6497620,0
4005964,Hunter Fan Company,Hunter,"60"" OVERTON",50720,,049694507204,Indoor Ceiling Fan,Standard Fan Only,60,236.9,1.5,37.7,0.4,,3.0,0,,,,,,,,1,0,,2025-03-28,2025-03-28,"United States, Canada",ES_1020599_50720_032820250712673_1472978,0
4005962,Hunter Fan Company,Hunter,"60"" OVERTON",52615,,049694526151,Indoor Ceiling Fan,Standard Fan Only,60,236.9,1.5,37.7,0.4,,3.0,0,,,,,,,,1,0,,2025-03-28,2025-03-28,"United States, Canada",ES_1020599_52615_032820250716564_5558572,0
2635683,Hunter Fan Company,Hunter,"60""  Skysail",51875,,049694518750,Outdoor Ceiling Fan,Standard Fan Only,60,293.4,1.3,28.9,0.0,,3.0,0,,,,,,,,1,0,,2023-10-01,2023-08-14,"United States, Canada",ES_1020599_51875_08072023015867_5309726,0
2347745,Royal Pacific Ltd.,Rp Lighting & Fans,Arctic II,1080W,,,Outdoor Ceiling Fan,Standard Fan Only,80,295.0,9.9,46.9,0.5,,3.0,0,,,,,,,,1,0,,2019-09-30,2019-09-20,United States,ES_1023643_1080W_09232019063814_0694451,0
2364411,Royal Pacific Ltd.,Rp Lighting & Fans,Ceiling Fan,1043LED,"Ceiling Fan,1043LED*,1043LED* (""*"" can be any length of characters or blank)",,Indoor Ceiling Fan,Standard Fan with Light Kit,52,135.0,10.1,49.0,0.0,,3.0,0,Bridgelux Inc.,1100.0,16.0,0.99,,95.0,36000.0,1,0,,2020-08-19,2020-08-24,"United States, Canada",ES_1023643_1043LED_08112020071224_9944844,0
2364413,Royal Pacific Ltd.,Rp Lighting & Fans,Ceiling Fan,1045LED,"Ceiling Fan,1045LED*,1045LED* (""*"" can be any length of characters or blank)",,Indoor Ceiling Fan,Standard Fan with Light Kit,52,126.0,10.6,50.2,0.0,,3.0,0,Bridgelux Inc.,1100.0,16.0,0.99,,95.0,36000.0,1,0,,2020-08-19,2020-08-24,"United States, Canada",ES_1023643_1045LED_08112020073431_1271853,0
2668031,Royal Pacific Ltd.,Rp Lighting & Fans,Contempo IV,1043LED-1**********,",,""*""      can be any of characters or blank",,Indoor Ceiling Fan,Standard Fan Only,52,134.0,10.6,43.1,0.0,,3.0,0,,,,,,,,1,0,,2023-09-18,2023-09-18,United States,ES_1023643_1043LED-1**********_09182023000000_6661816,0
2669154,Royal Pacific Ltd.,Rp Lighting & Fans,Contempo IV,1043LED-1**********NP**********,",,""*""      can be any of characters or blank",,Indoor Ceiling Fan,Standard Fan Only,52,124.0,6.9,42.7,0.0,,3.0,0,,,,,,,,1,0,,2023-09-27,2023-09-27,United States,ES_1023643_1043LED-1**********NP**********     _09272023000000_7574531,0
3387683,Royal Pacific Ltd.,Rp Lighting & Fans,Contempo IV,1047LED-1WW-WW-NP,,723554207151,Indoor Ceiling Fan,Standard Fan Only,52,127.0,4.9,44.4,0.0,,3.0,0,,,,,,,,1,0,,2024-01-17,2024-01-17,United States,ES_1023643_1047LED-1WW-WW-NP_01172024000000_0898384,0
2668042,Royal Pacific Ltd.,Rp Lighting & Fans,Desert Moon,1032-1**********,",,""*""      can be any of characters or blank",,Indoor Ceiling Fan,Standard Fan Only,52,125.0,10.5,44.3,0.0,,3.0,0,,,,,,,,1,0,,2023-09-18,2023-09-18,United States,ES_1023643_1032-1**********_09182023000000_8665162,0
2345986,Royal Pacific Ltd.,Rp Lighting & Fans,Desert Sun,1055,,,Indoor Ceiling Fan,Standard Fan Only,52,344.9,3.0,18.8,0.0,,3.0,0,,,,,,,,1,0,,2019-09-05,2019-09-04,United States,ES_1023643_1055_09052019025653_2213884,1
2399207,Royal Pacific Ltd.,Rp Lighting & Fans,Europa IV,1044LED,"Europa IV,1044LED-***-***-NP-#K,Model with suffix (*) or (#), each (*) to represent a letter or blank, and each (#) to represent a number.",723554204037;723554204440;723554204457;723554204464;723554204471;723554204488;723554204495;723554204501;723554204518;723554204525,Indoor Ceiling Fan,Standard Fan with Light Kit,52,113.0,7.5,47.9,0.0,,3.0,0,Bridgelux Inc.,1100.0,16.0,0.99,,95.0,36000.0,1,0,,2022-09-01,2022-07-26,United States,ES_1023643_1044LED_072220220324579_8047595,0
2668063,Royal Pacific Ltd.,Rp Lighting & Fans,Europa IV,1044LED-1**********,",,""*""      can be any of characters or blank",,Indoor Ceiling Fan,Standard Fan Only,52,130.0,10.4,43.8,0.0,,3.0,0,,,,,,,,1,0,,2023-09-18,2023-09-18,United States,ES_1023643_1044LED-1**********_09182023000000_0133152,0
3387679,Royal Pacific Ltd.,Rp Lighting & Fans,Europa IV,1044LED-1BN-BN-NP,,723554206802,Indoor Ceiling Fan,Standard Fan Only,52,119.0,4.9,43.8,0.0,,3.0,0,,,,,,,,1,0,,2024-01-17,2024-01-17,United States,ES_1023643_1044LED-1BN-BN-NP_01172024000000_8391626,0
3387680,Royal Pacific Ltd.,Rp Lighting & Fans,Europa IV,1044LED-1WW-WW-NP,,723554206857,Indoor Ceiling Fan,Standard Fan Only,52,119.0,4.9,43.8,0.0,,3.0,0,,,,,,,,1,0,,2024-01-17,2024-01-17,United States,ES_1023643_1044LED-1WW-WW-NP_01172024000000_5150455,0
2668064,Royal Pacific Ltd.,Rp Lighting & Fans,Mirage IV,1045LED-1**********,",,""*""      can be any of characters or blank",,Indoor Ceiling Fan,Standard Fan Only,52,124.0,10.2,44.4,0.0,,3.0,0,,,,,,,,1,0,,2023-09-18,2023-09-18,United States,ES_1023643_1045LED-1**********_09182023000000_3839017,0
3387681,Royal Pacific Ltd.,Rp Lighting & Fans,Mirage IV,1045LED-1BN-BN-NP,,723554206888,Indoor Ceiling Fan,Standard Fan Only,52,119.0,4.9,43.8,0.0,,3.0,0,,,,,,,,1,0,,2024-01-17,2024-01-17,United States,ES_1023643_1045LED-1BN-BN-NP_01172024000000_6657213,0
2403928,Royal Pacific Ltd.,Rp Lighting &Fans,"42"" Metalis",1023BN-BN-ES,,723554204983,Indoor Ceiling Fan,Hugger Fan with Light Kit,42,77.8,7.9,43.8,0.0,,3.0,0,ZHONGSHAN CO-TECH INDUSTRIES LTD,1300.0,15.0,0.91,,95.0,30000.0,1,0,,2022-11-10,2022-10-26,United States,ES_1023643_1023BN-BN-ES_102620220710126_3179328,0
2403929,Royal Pacific Ltd.,Rp Lighting &Fans,"42"" Metalis",1023BN-WT-ES,,723554204990,Indoor Ceiling Fan,Hugger Fan with Light Kit,42,77.8,7.9,43.8,0.0,,3.0,0,ZHONGSHAN CO-TECH INDUSTRIES LTD,1300.0,15.0,0.91,,95.0,30000.0,1,0,,2022-11-10,2022-10-26,United States,ES_1023643_1023BN-WT-ES_110220220233123_2303372,0
2403925,Royal Pacific Ltd.,Rp Lighting &Fans,"42"" Metalis",1023OB-WT-ES,,723554205003,Indoor Ceiling Fan,Hugger Fan with Light Kit,42,77.8,7.9,43.8,0.0,,3.0,0,ZHONGSHAN CO-TECH INDUSTRIES LTD,1300.0,15.0,0.91,,95.0,30000.0,1,0,,2022-11-10,2022-10-26,United States,ES_1023643_1023OB-WT-ES_110220220235454_7692679,0
2403927,Royal Pacific Ltd.,Rp Lighting &Fans,"42"" Metalis",1023WW-WW-ES,,723554205010,Indoor Ceiling Fan,Hugger Fan with Light Kit,42,77.8,7.9,43.8,0.0,,3.0,0,ZHONGSHAN CO-TECH INDUSTRIES LTD,1300.0,15.0,0.91,,95.0,30000.0,1,0,,2022-11-10,2022-10-26,United States,ES_1023643_1023WW-WW-ES_110220220235120_5999408,0
2404192,Royal Pacific Ltd.,Rp Lighting &Fans,"42"" Sabio",1021BN-BN-ES,,723554204907,Indoor Ceiling Fan,Hugger Fan with Light Kit,42,85.3,7.9,43.6,0.0,,3.0,0,ZHONGSHAN CO-TECH INDUSTRIES LTD,1300.0,15.0,0.91,,95.0,30000.0,1,0,,2022-11-10,2022-10-25,United States,ES_1023643_1021BN-BN-ES_102620220631832_5659676,0
2404190,Royal Pacific Ltd.,Rp Lighting &Fans,"42"" Sabio",1021BN-WT-ES,,723554204914,Indoor Ceiling Fan,Hugger Fan with Light Kit,42,85.3,7.9,43.6,0.0,,3.0,0,ZHONGSHAN CO-TECH INDUSTRIES LTD,1300.0,15.0,0.91,,95.0,30000.0,1,0,,2022-11-10,2022-10-25,United States,ES_1023643_1021BN-WT-ES_10312022024935_9305375,0
2404188,Royal Pacific Ltd.,Rp Lighting &Fans,"42"" Sabio",1021OB-WT-ES,,723554204921,Indoor Ceiling Fan,Hugger Fan with Light Kit,42,85.3,7.9,43.6,0.0,,3.0,0,ZHONGSHAN CO-TECH INDUSTRIES LTD,1300.0,15.0,0.91,,95.0,30000.0,1,0,,2022-11-10,2022-10-25,United States,ES_1023643_1021OB-WT-ES_103120220250163_9037092,0
2404191,Royal Pacific Ltd.,Rp Lighting &Fans,"42"" Sabio",1021WW-WW-ES,,723554204938,Indoor Ceiling Fan,Hugger Fan with Light Kit,42,85.3,7.9,43.6,0.0,,3.0,0,ZHONGSHAN CO-TECH INDUSTRIES LTD,1300.0,15.0,0.91,,95.0,30000.0,1,0,,2022-11-10,2022-10-25,United States,ES_1023643_1021WW-WW-ES_103120220250526_6182329,0
2403930,Royal Pacific Ltd.,Rp Lighting &Fans,"52"" Metalis",1024BN-BN-ES,,723554205027,Indoor Ceiling Fan,Hugger Fan with Light Kit,52,91.2,13.3,56.8,0.0,,3.0,0,ZHONGSHAN CO-TECH INDUSTRIES LTD,1300.0,15.0,0.91,,95.0,30000.0,1,0,,2022-11-10,2022-10-26,United States,ES_1023643_1024BN-BN-ES_102620220733285_2475817,0
2403932,Royal Pacific Ltd.,Rp Lighting &Fans,"52"" Metalis",1024BN-WT-ES,,723554205034,Indoor Ceiling Fan,Hugger Fan with Light Kit,52,91.2,13.3,56.8,0.0,,3.0,0,ZHONGSHAN CO-TECH INDUSTRIES LTD,1300.0,15.0,0.91,,95.0,30000.0,1,0,,2022-11-10,2022-10-26,United States,ES_1023643_1024BN-WT-ES_110220220246176_5440452,0
2403933,Royal Pacific Ltd.,Rp Lighting &Fans,"52"" Metalis",1024OB-WT-ES,,723554205041,Indoor Ceiling Fan,Hugger Fan with Light Kit,52,91.2,13.3,56.8,0.0,,3.0,0,ZHONGSHAN CO-TECH INDUSTRIES LTD,1300.0,15.0,0.91,,95.0,30000.0,1,0,,2022-11-10,2022-10-26,United States,ES_1023643_1024OB-WT-ES_11022022024670_2469084,0
2403931,Royal Pacific Ltd.,Rp Lighting &Fans,"52"" Metalis",1024WW-WW-ES,,723554205058,Indoor Ceiling Fan,Hugger Fan with Light Kit,52,91.2,13.3,56.8,0.0,,3.0,0,ZHONGSHAN CO-TECH INDUSTRIES LTD,1300.0,15.0,0.91,,95.0,30000.0,1,0,,2022-11-10,2022-10-26,United States,ES_1023643_1024WW-WW-ES_11022022024611_1694846,0
2403923,Royal Pacific Ltd.,Rp Lighting &Fans,"52"" Sabio",1022BN-BN-ES,,723554204945,Indoor Ceiling Fan,Hugger Fan with Light Kit,52,91.1,13.4,55.9,0.0,,3.0,0,ZHONGSHAN CO-TECH INDUSTRIES LTD,1300.0,15.0,0.91,,95.0,30000.0,1,0,,2022-11-10,2022-10-26,United States,ES_1023643_1022BN-BN-ES_102620220651826_8963056,0
2403920,Royal Pacific Ltd.,Rp Lighting &Fans,"52"" Sabio",1022BN-WT-ES,,723554204952,Indoor Ceiling Fan,Hugger Fan with Light Kit,52,91.1,13.4,55.9,0.0,,3.0,0,ZHONGSHAN CO-TECH INDUSTRIES LTD,1300.0,15.0,0.91,,95.0,30000.0,1,0,,2022-11-10,2022-10-26,United States,ES_1023643_1022BN-WT-ES_110220220213490_4661447,0
2403921,Royal Pacific Ltd.,Rp Lighting &Fans,"52"" Sabio",1022OB-WT-ES,,723554204969,Indoor Ceiling Fan,Hugger Fan with Light Kit,52,91.1,13.4,55.9,0.0,,3.0,0,ZHONGSHAN CO-TECH INDUSTRIES LTD,1300.0,15.0,0.91,,95.0,30000.0,1,0,,2022-11-10,2022-10-26,United States,ES_1023643_1022OB-WT-ES_110220220214602_1517041,0
2403922,Royal Pacific Ltd.,Rp Lighting &Fans,"52"" Sabio",1022WW-WW-ES,,723554204976,Indoor Ceiling Fan,Hugger Fan with Light Kit,52,91.1,13.4,55.9,0.0,,3.0,0,ZHONGSHAN CO-TECH INDUSTRIES LTD,1300.0,15.0,0.91,,95.0,30000.0,1,0,,2022-11-10,2022-10-26,United States,ES_1023643_1022WW-WW-ES_110220220214291_1410737,0
3478053,Royal Pacific Ltd.,Rp Lighting + Fans,"52"" Sabio",1022-ES,,,Indoor Ceiling Fan,Hugger Fan Only,52,79.5,14.4,54.8,0.0,,3.0,0,,,,,,,,1,0,,2024-05-01,2024-05-15,United States,ES_1023643_1022-ES_05152024055322_2865340,0
3478054,Royal Pacific Ltd.,Rp Lighting + Fans,"52"" Sabio",1022-ES-NP,,723554208059,Indoor Ceiling Fan,Hugger Fan Only,52,79.5,14.4,54.8,0.0,,3.0,0,,,,,,,,1,0,,2024-05-01,2024-05-15,United States,ES_1023643_1022-ES-NP_051520240551403_3951835,0
3478056,Royal Pacific Ltd.,Rp Lighting + Fans,"52"" Sabio",1022***-***-ES-NP,",,where""*""may be any character or blank to denote different color",,Indoor Ceiling Fan,Hugger Fan Only,52,79.5,14.4,54.8,0.0,,3.0,0,,,,,,,,1,0,,2024-05-01,2024-05-15,United States,ES_1023643_1022-ES-NP_050720240557417_7933926,0
3478055,Royal Pacific Ltd.,Rp Lighting + Fans,"52""Sabio",1022***-***-ES,",,where""*""may be any character or blank to denote different color",,Indoor Ceiling Fan,Hugger Fan Only,52,79.5,14.4,54.8,0.0,,3.0,0,,,,,,,,1,0,,2024-05-01,2024-05-15,United States,ES_1023643_1022***-***-ES_051520240551269_3538394,0
4016326,Royal Pacific Ltd.,Rp Lighting + Fans,Star Light,1057-1-L,,723554206321;723554206338;723554206345;723554206352;723554206369;723554206376;723554206383;723554206390;723554206406;723554206413;723554206420;723554206437,Indoor Ceiling Fan,Standard Fan Only,52,110.4,14.0,42.3,0.0,,3.0,0,,,,,,,,1,0,,2023-08-31,2025-04-25,United States,ES_1023643_1057-1-L_042520250100873_7622972,0
4016325,Royal Pacific Ltd.,Rp Lighting + Fans,Star Light,1057-1***-***-L,",,(*** stands for different colors, where each * can be a letter or a number, or blank)",723554206321;723554206338;723554206345;723554206352;723554206369;723554206376;723554206383;723554206390;723554206406;723554206413;723554206420;723554206437,Indoor Ceiling Fan,Standard Fan Only,52,110.4,14.0,42.3,0.0,,3.0,0,,,,,,,,1,0,,2023-08-31,2025-04-25,United States,ES_1023643_1057-1-L_041420250213946_7514304,0
4016324,Royal Pacific Ltd.,Rp Lighting + Fans,Star Light,1057-1***-***-L-NP,",,(*** stands for different colors, where each * can be a letter or a number, or blank)",723554206321;723554206338;723554206345;723554206352;723554206369;723554206376;723554206383;723554206390;723554206406;723554206413;723554206420;723554206437,Indoor Ceiling Fan,Standard Fan Only,52,110.4,14.0,42.3,0.0,,3.0,0,,,,,,,,1,0,,2023-08-31,2025-04-25,United States,ES_1023643_1057-1***-***-L-NP_042520250059813_8874736,0
3553959,SAGE Brands,Sage Brands,Robin 3-Blade Energy Star Ceiling Fan E26 LED,ROBIN-3-*****,",,(Model with suffix ""*"", where ""*"" may be blank or alphanumeric character)",,Indoor Ceiling Fan,Standard Fan Only,52,113.3,12.4,51.3,0.0,,3.0,0,,,,,,,,1,0,,2024-06-15,2024-07-05,United States,ES_1149977_ROBIN-3-*****_070520240739690_2352419,0
3553958,SAGE Brands,Sage Brands,Robin 3-Blade Energy Star Ceiling Fan E26 LED,ROBIN-3-BN-CH,,198168893067,Indoor Ceiling Fan,Standard Fan Only,52,113.3,12.4,51.3,0.0,,3.0,0,,,,,,,,1,0,,2024-06-15,2024-07-05,United States,ES_1149977_ROBIN-3-BN-CH_052920240637355_6302798,0
3553961,SAGE Brands,Sage Brands,Robin 4-Blade Energy Star Ceiling Fan E26 LED,ROBIN-4-*****,",,(Model with suffix ""*"", where ""*"" may be blank or alphanumeric character)",,Indoor Ceiling Fan,Standard Fan Only,52,113.5,12.4,50.2,0.0,,3.0,0,,,,,,,,1,0,,2024-06-15,2024-07-05,United States,ES_1149977_ROBIN-4-*****_070520240810684_6285933,0
3553960,SAGE Brands,Sage Brands,Robin 4-Blade Energy Star Ceiling Fan E26 LED,ROBIN-4-BN-CH,,198168190333,Indoor Ceiling Fan,Standard Fan Only,52,113.5,12.4,50.2,0.0,,3.0,0,,,,,,,,1,0,,2024-06-15,2024-07-05,United States,ES_1149977_ROBIN-4-BN-CH_052920240654464_8895662,0
3553962,SAGE Brands,Sage Brands,Robin 5-Blade Energy Star Ceiling Fan E26 LED,ROBIN-5-*****,,,Indoor Ceiling Fan,Standard Fan Only,52,111.3,12.5,50.8,0.0,,3.0,0,,,,,,,,1,0,,2024-06-15,2024-07-05,United States,ES_1149977_ROBIN-5-BN-CH_052920240714356_3249310,0
3553963,SAGE Brands,Sage Brands,Robin 5-Blade Energy Star Ceiling Fan E26 LED,ROBIN-5-BN-CH,,198168667361,Indoor Ceiling Fan,Standard Fan Only,52,111.3,12.5,50.8,0.0,,3.0,0,,,,,,,,1,0,,2024-06-15,2024-07-05,United States,ES_1149977_ROBIN-5-BN-CH_070520240839925_2502031,0
2668583,"Sunway Fan Company, Inc.",Homenhancements,B552ES-1,B552ES-1**********,",,""*""      can be any of characters or blank",,Indoor Ceiling Fan,Standard Fan Only,52,125.0,10.5,44.3,0.0,,3.0,0,,,,,,,,1,0,,2023-09-26,2023-09-26,United States,ES_1059364_B552ES-1**********_09262023000000_2910430,0
2352587,"Sunway Fan Company, Inc.",Homenhancements,Ceiling Fan,SUN505ESLED,"Ceiling Fan,SUN505ESLED*,",,Indoor Ceiling Fan,Standard Fan with Light Kit,52,118.0,10.4,50.3,0.0,,3.0,0,"XuYu Optoelectronics (Shenzhen) Co., Ltd.",1227.0,15.0,0.82,,92.0,54000.0,0,0,,2020-03-31,2020-01-02,"United States, Canada",ES_1059364_SUN505ESLED_01062020025318_9198387,0
2668241,"Sunway Fan Company, Inc.",Homenhancements,SUN505ESLED-1,SUN505ESLED-1**********,",,""*""      can be any of characters or blank",,Indoor Ceiling Fan,Standard Fan Only,52,126.0,10.1,44.7,0.0,,3.0,0,,,,,,,,1,0,,2023-09-26,2023-09-26,United States,ES_1059364_SUN505ESLED-1**********_09262023000000_8271773,0
3892982,"Sunway Fan Company, Inc.",Homenhancements; Sunway; Vivió,Ceiling Fan,PC552 ES*,",,""*"" denotes the colors of appearance, can be any of characters or blank",78692921780,Indoor Ceiling Fan,Standard Fan Only,52,125.0,10.2,45.5,0.0,,3.0,0,,,,,,,,1,0,,2024-12-19,2024-12-19,United States,ES_1059364_PC552 ES*_12192024000000_5351242,0
2668584,"Sunway Fan Company, Inc.",Sunway,B552ES-1,B552ES-1**********,",,""*""      can be any of characters or blank",,Indoor Ceiling Fan,Standard Fan Only,52,125.0,10.5,44.3,0.0,,3.0,0,,,,,,,,1,0,,2023-09-26,2023-09-26,United States,ES_1059364_B552ES-1**********_09262023000000_3510991,0
2352588,"Sunway Fan Company, Inc.",Sunway,Ceiling Fan,SUN505ESLED,"Ceiling Fan,SUN505ESLED*,",,Indoor Ceiling Fan,Standard Fan with Light Kit,52,118.0,10.4,50.3,0.0,,3.0,0,"XuYu Optoelectronics (Shenzhen) Co., Ltd.",1227.0,15.0,0.82,,92.0,54000.0,0,0,,2020-03-31,2020-01-02,"United States, Canada",ES_1059364_SUN505ESLED_01062020025759_9479929,0
2668242,"Sunway Fan Company, Inc.",Sunway,SUN505ESLED-1,SUN505ESLED-1**********,",,""*""      can be any of characters or blank",,Indoor Ceiling Fan,Standard Fan Only,52,126.0,10.1,44.7,0.0,,3.0,0,,,,,,,,1,0,,2023-09-26,2023-09-26,United States,ES_1059364_SUN505ESLED-1**********_09262023000000_8884285,0
2352589,"Sunway Fan Company, Inc.",Vivio,Ceiling Fan,SUN505ESLED,"Ceiling Fan,SUN505ESLED*,",,Indoor Ceiling Fan,Standard Fan with Light Kit,52,118.0,10.4,50.3,0.0,,3.0,0,"XuYu Optoelectronics (Shenzhen) Co., Ltd.",1227.0,15.0,0.82,,92.0,54000.0,0,0,,2020-03-31,2020-01-02,"United States, Canada",ES_1059364_SUN505ESLED_01062020030031_9631398,0
2668585,"Sunway Fan Company, Inc.",Vivió,B552ES-1,B552ES-1**********,",,""*""      can be any of characters or blank",,Indoor Ceiling Fan,Standard Fan Only,52,125.0,10.5,44.3,0.0,,3.0,0,,,,,,,,1,0,,2023-09-26,2023-09-26,United States,ES_1059364_B552ES-1**********_09262023000000_4158954,0
2668243,"Sunway Fan Company, Inc.",Vivió,SUN505ESLED-1,SUN505ESLED-1**********,",,""*""      can be any of characters or blank",,Indoor Ceiling Fan,Standard Fan Only,52,126.0,10.1,44.7,0.0,,3.0,0,,,,,,,,1,0,,2023-09-26,2023-09-26,United States,ES_1059364_SUN505ESLED-1**********_09262023000000_8569874,0
4016360,"TAISHAN SIGMA ELECTRIC PRODUCTS CO.,LTD",Craftmade,EPHA52BNK3-BNGW-HWI,EPHA52BNK3-BNGW-HWI,",EPHA52FB3-BNGW-HWI,; ,EPHA52W3-BNGW-HWI,",647881262983,Indoor Ceiling Fan,Standard Fan with Light Kit,52,246.0,3.7,20.1,0.0,,,0,,,,,,,,1,0,,2025-05-01,2025-04-28,United States,ES_1126233_EPHA52-3F_04082025152540_6932489,0
3705426,"TAISHAN SIGMA ELECTRIC PRODUCTS CO.,LTD",Craftmade,EPHA52BNK5-HWI,EPHA52BNK5-HWI,,647881263027,Indoor Ceiling Fan,Standard Fan with Light Kit,52,200.5,3.9,28.5,0.0,,,0,,,,,,,,1,0,,2024-12-01,2024-10-16,United States,ES_1126233_EPHA52BNK5-HWI_09262024113057_7204095,0
4509892,"TAISHAN SIGMA ELECTRIC PRODUCTS CO.,LTD","Taishan Sigma Electric Products Co.,Ltd",EMCY52BNK4-PC,EMCY52BNK4-PC,",EMCY52FB4-PC,; ,EMCY52W4-PC,",647881270759;647881270780;647881273323,Indoor Ceiling Fan,Standard Fan with Light Kit,52,225.5,3.3,23.6,0.4,,,0,,,,,,,,1,0,,2025-09-30,2025-09-18,United States,ES_1126233_EMCY52BNK4-PC_09162025152729_7328760,0
3942857,The Home Depot,Hampton Bay,52in Morland,52-MORL,,,Indoor Ceiling Fan,Standard Fan Only,52,171.4,2.2,28.6,0.7,,3.0,0,,,,,,,,1,0,,2025-06-30,2025-01-20,United States,ES_31912_52-MORL_012020250602522_5434430,0
3942856,The Home Depot,Hampton Bay,52in Morland,59080,,82392590802,Indoor Ceiling Fan,Standard Fan Only,52,171.4,2.2,28.6,0.7,,3.0,0,,,,,,,,1,0,,2025-06-30,2025-01-20,United States,ES_31912_59080_012020250604911_3564501,0
3942855,The Home Depot,Hampton Bay,52in Morland,59083,,82392590833,Indoor Ceiling Fan,Standard Fan Only,52,171.4,2.2,28.6,0.7,,3.0,0,,,,,,,,1,0,,2025-06-30,2025-01-20,United States,ES_31912_59083_012020250603977_5824103,0
3942858,The Home Depot,Hampton Bay,52in Morland,59084,,82392590840,Indoor Ceiling Fan,Standard Fan Only,52,171.4,2.2,28.6,0.7,,3.0,0,,,,,,,,1,0,,2025-06-30,2025-01-20,United States,ES_31912_59084_012020250603551_6397569,0
2375470,The Home Depot,Home Decorators Collection,"54"" Ester",52154,,82392521547,Indoor Ceiling Fan,Standard Fan with Light Kit,54,121.0,16.1,61.1,0.2,,3.0,0,"FUJIAN LIGHTNING OPTOELECTRONIC CO., LTD",1596.0,21.0,0.92,,82.0,54000.0,1,0,,2021-07-01,2021-03-12,"United States, Canada",ES_31912_54-ESTR_03102021210373_6645829,0
2369036,The Home Depot,Home Decorators Collection,"60"" Kayden",60-KEST,,,Indoor Ceiling Fan,Standard Fan with Light Kit,60,274.0,2.0,28.4,0.4,,3.0,0,"FUJIAN LIGHTNING OPTOELECTRONIC CO., LTD",1690.0,21.0,0.91,,81.0,54000.0,1,0,,2020-12-01,2020-10-23,"United States, Canada",ES_31912_60-KEST_11042020062338_1018674,0
2362191,The Home Depot,Home Decorators Collection,"64"" Ceiling fan",YG493D,"64"" Ceiling fan,YG493D-*** (""*"" can be any length of characters or blank),""*"" can be any length of characters or blank",,Indoor Ceiling Fan,Standard Fan with Light Kit,64,265.0,6.2,34.9,0.7,,3.0,0,"Fujian Lightning Optoelectronic Co., Ltd.",1600.0,21.0,0.96,,92.0,54000.0,1,0,,2020-06-29,2020-06-28,"United States, Canada",ES_31912_YG493D_06292020063417_2457020,0
3354572,Maxim Lighting International,Maxim Lighting,Ceiling Fans,993985FTSN,,783209257627,Outdoor Ceiling Fan,Standard Fan Only,52,265.4,2.3,15.0,0.4,,3.0,0,,,,,,,,1,0,,2023-09-30,2024-01-02,United States,ES_1036671_993985FTSN_01022024024570_1649684,0
3354575,Maxim Lighting International,Maxim Lighting,Ceiling Fans,993985FTSN,,783209257627,Outdoor Ceiling Fan,Standard Fan Only,52,300.9,2.1,13.8,0.4,,3.0,0,,,,,,,,1,0,,2023-09-30,2024-01-02,United States,ES_1036671_993985FTSN_010220240638694_8016036,1
2452877,Minka Group,Minka Aire,Ceiling Fan,F625L,"Ceiling Fan,MF44,",706411069420;706411069437;706411069444,Indoor Ceiling Fan,Standard Fan with Light Kit,44,151.0,3.5,33.9,0.8,,3.0,0,Cree Inc.,1600.0,20.0,0.95,,91.0,72000.0,1,0,,2023-03-15,2023-03-30,United States,ES_30086_F625L_021520231035731_4925731,0
2377746,Minka Group,Minka Aire,Ceiling Fan,F626L,,706411066658;706411066665;706411066689;706411066917,Indoor Ceiling Fan,Standard Fan with Light Kit,56,236.0,4.5,37.4,0.8,,3.0,0,Cree Inc.,1600.0,20.0,0.95,,91.0,72000.0,1,0,,2021-04-01,2021-05-11,United States,ES_30086_F626L_042920210451466_3239185,0
2364661,Minka Group,Minka Aire,Ceiling Fan,F786,,706111060731;706411058684;706411058691;706411058707;706411058714;706411065699,Indoor Ceiling Fan,Standard Fan Only,44,122.0,4.5,48.1,0.9,,3.0,0,,,,,,,,1,0,,2020-05-31,2020-08-17,United States,ES_30086_F786_08172020082202_2522981,0
2364707,Minka Group,Minka Aire,Ceiling Fan,F787,,706411054402;706411054419;706411054426;706411059315;706411060724;706411062933,Indoor Ceiling Fan,Standard Fan Only,52,267.0,5.0,21.7,0.8,,3.0,0,,,,,,,,1,0,,2020-06-01,2020-08-18,United States,ES_30086_F787_08182020092542_2742426,0
4510439,Minka Group,Minka Aire,Ceiling Fan,F787L,,706411054402;706411054419;706411054426;706411059315;706411060724;706411062933,Indoor Ceiling Fan,Standard Fan Only,52,267.0,5.0,21.7,0.8,,3.0,0,,,,,,,,1,0,,2025-09-01,2025-09-30,United States,ES_30086_F787L_091020250133955_7249642,0
2472610,Minka Group,Minka Aire,Ceiling Fan,F789,",F789-65,",706411069451;706411069468;706411069475;706411069482;706411069499,"Outdoor Ceiling Fan,Indoor Ceiling Fan",Standard Fan Only,65,196.0,5.1,37.7,0.8,,3.0,0,,,,,,,,1,0,,2023-05-01,2023-05-02,United States,ES_30086_F789_04272023031848_4547259,0
2361261,Minka Group,Minka Aire,Ceiling Fan,F870L,,706411061684;706411061691;706411061707;706411066559,Indoor Ceiling Fan,Standard Fan with Light Kit,65,244.0,6.9,40.6,1.3,,3.0,0,"Cree, Inc.",2800.0,40.0,0.94,,92.0,72000.0,1,0,,2020-06-01,2020-06-04,United States,ES_30086_F870L_06042020054400_9440141,0
3354789,Minka Group,Minka Aire,Ceiling Fan,F873,"Ceiling Fan,YS0428-52,",706411070167;706411070174;706411070389,"Outdoor Ceiling Fan,Indoor Ceiling Fan",Standard Fan Only,52,188.0,3.4,26.3,0.8,,3.0,0,,,,,,,,1,0,,2024-01-15,2024-01-04,United States,ES_30086_F873_122820230635972_4872306,0
3354731,Minka Group,Minka Aire,Ceiling Fan,F874,"Ceiling Fan,YS0428-60,",706411070198;706411070204;706411070396,"Outdoor Ceiling Fan,Indoor Ceiling Fan",Standard Fan Only,60,214.0,3.5,25.5,0.8,,3.0,0,,,,,,,,1,0,,2024-01-15,2024-01-03,United States,ES_30086_F874_010320240923302_4573036,0
2470962,Minka Group,Minka Aire,Ceiling Fan,F896-52,,706411069505;706411069512;706411069529;706411069536;706411069543,"Outdoor Ceiling Fan,Indoor Ceiling Fan",Standard Fan Only,52,176.0,5.0,43.7,0.8,,3.0,0,,,,,,,,1,0,,2023-05-01,2023-05-02,United States,ES_30086_F896-52_042720230312863_3622788,0
2398082,Minka Group,Minka Aire,Ceiling Fan,F896-65,,706411058547;706411058554;706411058561;706411060755;706411063657,"Outdoor Ceiling Fan,Indoor Ceiling Fan",Standard Fan Only,65,205.0,6.5,57.4,1.0,,3.0,0,,,,,,,,1,0,,2020-06-01,2022-06-29,United States,ES_30086_F896-65_063020220808268_3248275,0
2398034,Minka Group,Minka Aire,Ceiling Fan,F896-84,,706411058417;706411058424;706411058530;706411063633;706411063640,"Outdoor Ceiling Fan,Indoor Ceiling Fan",Standard Fan Only,84,255.0,5.7,55.4,1.0,,3.0,0,,,,,,,,1,0,,2020-06-01,2022-06-29,United States,ES_30086_F896-65_061320220715492_8050369,0
3891952,Minka Group,Minka Aire,Ceiling Fans,CF360KR-F636L,,,Indoor Ceiling Fan,Standard Fan Only,60,219.0,3.5,32.4,1.0,,3.0,0,,,,,,,,1,0,,2025-03-15,2024-12-30,United States,ES_30086_CF360KR-F636L_123020240221956_6617067,0
3891957,Minka Group,Minka Aire,Ceiling Fans,CF360KR-F636L,,,Indoor Ceiling Fan,Hugger Fan Only,60,184.1,3.5,32.8,1.0,,3.0,0,,,,,,,,1,0,,2025-03-15,2024-12-30,United States,ES_30086_CF360KR-F636L_123020240222222_6953639,0
3892425,Minka Group,Minka Aire,Ceiling Fans,CF360KR-F636L,,,Indoor Ceiling Fan,Hugger Fan Only,60,184.1,3.5,32.8,1.0,,3.0,0,,,,,,,,1,0,,2025-03-15,2024-12-30,United States,ES_30086_CF360KR-F636L_010720250619536_5268869,0
3892426,Minka Group,Minka Aire,Ceiling Fans,CF360KR-F636L,,,Indoor Ceiling Fan,Standard Fan Only,60,219.0,3.5,32.4,1.0,,3.0,0,,,,,,,,1,0,,2025-03-15,2024-12-30,United States,ES_30086_CF360KR-F636L_010720250618445_1713166,0
3892287,Minka Group,Minka Aire,Ceiling Fans,F636L-BN/SL,,706411071379,Indoor Ceiling Fan,Standard Fan Only,60,219.0,3.5,32.4,1.0,,3.0,0,,,,,,,,1,0,,2025-03-15,2024-12-30,United States,ES_30086_F636L-BN/SL_123020240222388_7045015,0
3892288,Minka Group,Minka Aire,Ceiling Fans,F636L-BN/SL,,706411071393,Indoor Ceiling Fan,Hugger Fan Only,60,184.1,3.5,32.8,1.0,,3.0,0,,,,,,,,1,0,,2025-03-15,2024-12-30,United States,ES_30086_F636L-BN/SL_123020240222121_7632384,0
3892291,Minka Group,Minka Aire,Ceiling Fans,F636L-CL,,706411071386,Indoor Ceiling Fan,Hugger Fan Only,60,184.1,3.5,32.8,1.0,,3.0,0,,,,,,,,1,0,,2025-03-15,2024-12-30,United States,ES_30086_F636L-CL_12302024022304_1640187,0
3892292,Minka Group,Minka Aire,Ceiling Fans,F636L-CL,,706411071386,Indoor Ceiling Fan,Standard Fan Only,60,219.0,3.5,32.4,1.0,,3.0,0,,,,,,,,1,0,,2025-03-15,2024-12-30,United States,ES_30086_F636L-CL_123020240223875_6243471,0
3892289,Minka Group,Minka Aire,Ceiling Fans,F636L-WHF,,706411071393,Indoor Ceiling Fan,Standard Fan Only,60,219.0,3.5,32.4,1.0,,3.0,0,,,,,,,,1,0,,2025-03-15,2024-12-30,United States,ES_30086_F636L-WHF_123020240223406_9151914,0
3892290,Minka Group,Minka Aire,Ceiling Fans,F636L-WHF,,706411071393,Indoor Ceiling Fan,Hugger Fan Only,60,184.1,3.5,32.8,1.0,,3.0,0,,,,,,,,1,0,,2025-03-15,2024-12-30,United States,ES_30086_F636L-WHF_123020240221431_9384570,0
3845102,Minka Group,Minka Aire,CF552BR-F745,CF552BR-F745,,,Indoor Ceiling Fan,Standard Fan with Light Kit,52,148.4,2.6,36.4,0.9,,,0,,,,,,,,1,0,,2020-06-18,2024-12-06,United States,ES_30086_CF552BR-F745_11042024135851_8388788,0
3845016,Minka Group,Minka Aire,F1001,F1001,,,Indoor Ceiling Fan,Standard Fan with Light Kit,60,183.5,3.2,34.1,0.9,,,0,,,,,,,,1,0,,2020-02-28,2024-12-04,United States,ES_30086_F1001_11042024134529_4976312,0
3845017,Minka Group,Minka Aire,F1001-BN,F1001-BN,",F1001-BN/SL,; ,F1001-BNK,; ,F1001-CL,; ,F1001-CL/CL,; ,F1001-HBZ,; ,F1001-ORB,; ,F1001-WH,",706411062001;706411062018;706411062025;706411062032;706411062049;706411062124;706411066771;706411067716,Indoor Ceiling Fan,Standard Fan with Light Kit,60,183.5,3.2,34.1,0.9,,,0,,,,,,,,1,0,,2020-03-14,2024-12-04,United States,ES_30086_F1001-BN_11042024134530_272028,0
3845103,Minka Group,Minka Aire,F553L,F553L,,,Indoor Ceiling Fan,Standard Fan with Light Kit,52,167.1,2.5,37.1,0.0,,,0,,,,,,,,1,0,,2020-08-11,2024-12-06,United States,ES_30086_F553L_11042024140338_4759942,0
3942577,Minka Group,Minka Aire,F638L-CL,F638L-CL,",F638L-BN/SL,; ,F638L-WHF,",706411071409;706411071416;706411071423,Indoor Ceiling Fan,Hugger Fan with Light Kit,60,173.8,4.3,36.9,1.0,,,0,,,,,,,,1,0,,2025-03-15,2025-01-14,United States,ES_30086_CF560KR-F638L_01022025193224_1716272,0
3942578,Minka Group,Minka Aire,F638L-CL,F638L-CL,",F638L-BN/SL,; ,F638L-WHF,",706411071409;706411071416;706411071423,Indoor Ceiling Fan,Standard Fan with Light Kit,60,210.0,4.4,37.7,1.0,,,0,,,,,,,,1,0,,2025-03-15,2025-01-15,United States,ES_30086_CF560KR-F638L_01022025192508_3070032,0
3531255,Minka Group,Minka Aire,F728-CL,F728-CL,",F728-ORB,; ,F728-WHF,",706411070662;706411070679;706411070686,Outdoor Ceiling Fan,Standard Fan Only,60,160.9,2.9,41.5,1.2,,3.0,0,,,,,,,,1,0,,2024-03-27,2024-04-15,United States,ES_30086_F728-CL_04122024144728_4410974,0
3845106,Minka Group,Minka Aire,F747L,F747L,,,Indoor Ceiling Fan,Standard Fan with Light Kit,68,240.3,4.8,39.6,1.0,,,0,,,,,,,,1,0,,2020-08-11,2024-12-06,United States,ES_30086_F747L_11042024141407_6700250,0
3893944,Minka Group,Minka Aire,F774L-BN/SL,F774L-BN/SL,",F774L-CL,; ,F774L-LBR/CL,; ,F774L-WHF,",706411071430;706411071447;706411071461;706411071799,Indoor Ceiling Fan,Standard Fan with Light Kit,56,143.4,3.5,43.3,1.2,,,0,,,,,,,,1,0,,2025-03-15,2025-01-14,United States,ES_30086_F774L-BN/SL_01032025113949_9580804,0
3845104,Minka Group,Minka Aire,F847L,F847L,,,Indoor Ceiling Fan,Standard Fan with Light Kit,84,271.0,4.9,35.9,1.2,,,0,,,,,,,,1,0,,2020-08-15,2024-12-06,United States,ES_30086_F847L_11042024141156_1348688,0
3555542,Minka Group,Minka Aire,F862L-CL,F862L-CL,",F862L-WHF,",706411070297;706411070303,Indoor Ceiling Fan,Standard Fan with Light Kit,60,177.0,3.6,39.8,1.3,,,0,,,,,,,,1,0,,2024-03-15,2024-07-30,United States,ES_30086_F862L-CL_01242024111016_1627771,0
3845100,Minka Group,Minka Aire,F868L,F868L,,,Indoor Ceiling Fan,Standard Fan with Light Kit,60,216.1,2.6,31.4,1.0,,,0,,,,,,,,1,0,,2020-03-14,2024-12-06,United States,ES_30086_F868L_11042024135309_7645379,0
3845101,Minka Group,Minka Aire,F868L-BN,F868L-BN,",F868L-CL/CL,; ,F868L-CL/DK,; ,F868L-CL/DRF,; ,F868L-GM/SG,; ,F868L-ORB,; ,F868L-WHF,; ,F868LSBR/WHF,; ,F868LWHF/WHF,",706411061844;706411061851;706411061875;706411063503;706411063510;706411064715;706411066047;706411066900;706411067426,Indoor Ceiling Fan,Standard Fan with Light Kit,60,216.1,2.6,31.4,1.0,,,0,,,,,,,,1,0,,2020-03-14,2024-12-06,United States,ES_30086_F868L-BN_11042024135310_7006342,0
2359464,Minka Group,Minka Aire,Watt,F551,"Watt,F551-***,(""*"" can be any length of characters or blank)",706411064456;706411064463;706411064470;706411064487;706411064494;706411064500,Indoor Ceiling Fan,Standard Fan Only,60,251.0,4.3,31.3,0.5,,3.0,0,,,,,,,,1,0,,2020-05-31,2020-05-06,"United States, Canada",ES_30086_F551_05072020031401_1241473,0
3423349,MJK Lighting LLC,Mjk Lighting,Ceiling Fan,F-1024BN,"Ceiling Fan,MJK-CFL60-3B-40W-30-12-DM-BK,MJK-CFL-52-5-12W-30-17-BN,",,Indoor Ceiling Fan,Standard Fan Only,52,109.9,,57.0,0.0,,3.0,0,,,,,,,,1,0,,2024-03-18,2024-03-18,"United States, Canada",ES_1150376_F-1024BN_03182024000000_6463465,0
3555490,Old Jacksonville Ceiling Fan Company,Old Jacksonville,60in MAX Ceiling Fan,15MAXBK-DC,,860012550128,Indoor Ceiling Fan,Standard Fan Only,60,187.0,2.8,32.6,0.9,,3.0,0,,,,,,,,1,0,,2024-08-05,2024-07-29,United States,ES_1122041_15MAXBK-DC_072920240156691_6982461,0
3555491,Old Jacksonville Ceiling Fan Company,Old Jacksonville,60in MAX Ceiling Fan,15MAXBS-DC,,860012550111,Indoor Ceiling Fan,Standard Fan Only,60,187.0,2.8,32.6,0.9,,3.0,0,,,,,,,,1,0,,2024-08-05,2024-07-29,United States,ES_1122041_15MAX***-DC_071920240243834_8504833,0
3555492,Old Jacksonville Ceiling Fan Company,Old Jacksonville,60in MAX Ceiling Fan,15MAX***-DC,",,*** is optional to represent any letter or digits for different color and marketing purpose",860012550104;860012550111;860012550128,Indoor Ceiling Fan,Standard Fan Only,60,187.0,2.8,32.6,0.9,,3.0,0,,,,,,,,1,0,,2024-08-05,2024-07-29,United States,ES_1122041_15MAX***-DC_072920240156117_7105064,0
3555489,Old Jacksonville Ceiling Fan Company,Old Jacksonville,60in MAX Ceiling Fan,15MAXORB-DC,,860012550104,Indoor Ceiling Fan,Standard Fan Only,60,187.0,2.8,32.6,0.9,,3.0,0,,,,,,,,1,0,,2024-08-05,2024-07-29,United States,ES_1122041_15MAXORB-DC_072920240157162_9654112,0
2684095,"Posey Supply Co., Inc.",Stonecrest,"52""CEILING FAN",SC-211-72,,,Indoor Ceiling Fan,Standard Fan Only,52,174.9,4.7,28.0,1.1,,3.0,0,,,,,,,,1,0,,2023-11-09,2023-10-18,United States,ES_1149718_SC-211-72_102420230919115_2277486,0
2684094,"Posey Supply Co., Inc.",Stonecrest,"52""CEILING FAN",SC-211-99,,,Indoor Ceiling Fan,Standard Fan Only,52,174.9,4.7,28.0,1.1,,3.0,0,,,,,,,,1,0,,2023-11-09,2023-10-18,United States,ES_1149718_SC-211-99_102420230919380_2835606,0
2333277,Progress Lighting,Progress Lighting,"52"" Ceiling Fan",P250016-***,"52"" Ceiling Fan,P250016-009,; 52"" Ceiling Fan,P250016-030,; 52"" Ceiling Fan,P250016-129,; 52"" Ceiling Fan,YG809-PLO,",,"Indoor Ceiling Fan,Outdoor Ceiling Fan",Standard Fan Only,52,212.0,4.3,34.7,0.0,,3.0,0,,,,,,,,1,0,,2019-01-31,2019-01-09,"United States, Canada",ES_41249_P250016-***_01252019094712_9632370,0
2668039,Royal Pacific Ltd.,Rp Lighting & Fans,Aldea III,1046-1**********,",,""*""      can be any of characters or blank",,Indoor Ceiling Fan,Standard Fan Only,52,134.0,12.5,42.1,0.0,,3.0,0,,,,,,,,1,0,,2023-09-18,2023-09-18,United States,ES_1023643_1046-1**********_09182023000000_5424294,0
2371638,Royal Pacific Ltd.,Rp Lighting & Fans,Aldea III,1046LED,",,1046LED may be followed by one to twenty-six",,Indoor Ceiling Fan,Standard Fan with Light Kit,52,131.0,10.7,50.2,0.0,,3.0,0,"Cree, Inc.",1300.0,16.0,0.99,,94.0,54000.0,1,0,,2020-12-01,2020-12-22,United States,ES_1023643_1046LED_122120200204862_7602130,0
2452878,Royal Pacific Ltd.,Rp Lighting & Fans,Aldea III,1046LED,"Aldea III,1046LED-***-***-NP-#K,Model with suffix (*) or (#), each (*) to represent a letter or blank, and each (#) to represent a number.",723554204679;723554205201;723554205300;723554205317;723554205324;723554205331;723554205348;723554205355;723554205362;723554205379,Indoor Ceiling Fan,Standard Fan with Light Kit,52,131.0,10.7,50.2,0.0,,3.0,0,"Cree, Inc.",1300.0,16.0,0.99,,94.0,54000.0,1,0,,2023-02-15,2023-03-30,United States,ES_1023643_1046LED_021520230707149_4559860,0
2668065,Royal Pacific Ltd.,Rp Lighting & Fans,Aldea III,1046LED-1**********,",,""*""      can be any of characters or blank",,Indoor Ceiling Fan,Standard Fan Only,52,134.0,12.5,42.2,0.0,,3.0,0,,,,,,,,1,0,,2023-09-18,2023-09-18,United States,ES_1023643_1046LED-1**********_09182023000000_4951528,0
3387682,Royal Pacific Ltd.,Rp Lighting & Fans,Aldea III,1046LED-1MBK-MBK-NP,,723554207069,Indoor Ceiling Fan,Standard Fan Only,52,135.0,4.9,43.4,0.0,,3.0,0,,,,,,,,1,0,,2024-01-17,2024-01-17,United States,ES_1023643_1046LED-1MBK-MBK-NP_01172024000000_8036620,0
2668040,Royal Pacific Ltd.,Rp Lighting & Fans,Aldea IV,1047-1**********,",,""*""      can be any of characters or blank",,Indoor Ceiling Fan,Standard Fan Only,52,129.0,10.3,44.2,0.0,,3.0,0,,,,,,,,1,0,,2023-09-18,2023-09-18,United States,ES_1023643_1047-1**********_09182023000000_2084458,0
2371639,Royal Pacific Ltd.,Rp Lighting & Fans,Aldea IV,1047LED,",,1047LED may be followed by one to twenty-six",,Indoor Ceiling Fan,Standard Fan with Light Kit,52,131.0,10.7,50.2,0.0,,3.0,0,"Cree, Inc.",1300.0,16.0,0.99,,94.0,54000.0,1,0,,2020-12-01,2020-12-22,United States,ES_1023643_1047LED_122120200204496_9600126,0
2398057,Royal Pacific Ltd.,Rp Lighting & Fans,Aldea IV,1047LED,"Aldea IV,1047LED-***-***-NP-#K,Model with suffix (*) or (#), each (*) to represent a letter or blank, and each (#) to represent a number.",723554203634;723554204402;723554204419;723554204426;723554204433,Indoor Ceiling Fan,Standard Fan with Light Kit,52,110.0,9.3,49.8,0.0,,3.0,0,"Cree, Inc.",1300.0,16.0,0.99,,94.0,54000.0,1,0,,2022-07-15,2022-06-21,United States,ES_1023643_1047LED(%)_062020221044639_1055694,0
2668066,Royal Pacific Ltd.,Rp Lighting & Fans,Aldea IV,1047LED-1**********,",,""*""      can be any of characters or blank",,Indoor Ceiling Fan,Standard Fan Only,52,130.0,10.4,4425.0,0.0,,3.0,0,,,,,,,,1,0,,2023-09-18,2023-09-18,United States,ES_1023643_1047LED-1**********_09182023000000_0080987,0
2371584,Royal Pacific Ltd.,Rp Lighting & Fans,Aldea IX,1069,",,1069 may be followed by one to twenty-six",,Outdoor Ceiling Fan,Standard Fan Only,52,121.0,10.5,50.3,0.0,,3.0,0,,,,,,,,1,0,,2020-12-01,2020-12-24,United States,ES_1023643_1069_12232020203838_5035274,0
3361153,Royal Pacific Ltd.,Rp Lighting & Fans,Aldea IX,1069BP-BP,,723554200381,Indoor Ceiling Fan,Standard Fan Only,52,111.0,10.1,44.7,0.0,,3.0,0,,,,,,,,1,0,,2024-01-17,2024-01-17,United States,ES_1023643_1069BP-BP_01172024000000_1419832,0
3361168,Royal Pacific Ltd.,Rp Lighting & Fans,Aldea IX,1069BP-BP,,723554200381,"Outdoor Ceiling Fan,Indoor Ceiling Fan",Standard Fan Only,52,111.0,10.1,44.7,0.0,,3.0,0,,,,,,,,1,0,,2024-01-17,2024-01-17,United States,ES_1023643_1069BP-BP_01172024000000_8244534,0
3361154,Royal Pacific Ltd.,Rp Lighting & Fans,Aldea IX,1069MBK-MBK,,723554200411,Indoor Ceiling Fan,Standard Fan Only,52,111.0,10.1,44.7,0.0,,3.0,0,,,,,,,,1,0,,2024-01-17,2024-01-17,United States,ES_1023643_1069MBK-MBK_01172024000000_4209553,0
3361169,Royal Pacific Ltd.,Rp Lighting & Fans,Aldea IX,1069MBK-MBK,,723554200411,"Outdoor Ceiling Fan,Indoor Ceiling Fan",Standard Fan Only,52,111.0,10.1,44.7,0.0,,3.0,0,,,,,,,,1,0,,2024-01-17,2024-01-17,United States,ES_1023643_1069MBK-MBK_01172024000000_8181178,0
3361155,Royal Pacific Ltd.,Rp Lighting & Fans,Aldea IX,1069OB-OB,,723554200404,Indoor Ceiling Fan,Standard Fan Only,52,111.0,10.1,44.7,0.0,,3.0,0,,,,,,,,1,0,,2024-01-17,2024-01-17,United States,ES_1023643_1069OB-OB_01172024000000_6036837,0
3361170,Royal Pacific Ltd.,Rp Lighting & Fans,Aldea IX,1069OB-OB,,723554200404,"Outdoor Ceiling Fan,Indoor Ceiling Fan",Standard Fan Only,52,111.0,10.1,44.7,0.0,,3.0,0,,,,,,,,1,0,,2024-01-17,2024-01-17,United States,ES_1023643_1069OB-OB_01172024000000_6048092,0
3361156,Royal Pacific Ltd.,Rp Lighting & Fans,Aldea IX,1069WW-WW,,723554200398,Indoor Ceiling Fan,Standard Fan Only,52,111.0,10.1,44.7,0.0,,3.0,0,,,,,,,,1,0,,2024-01-17,2024-01-17,United States,ES_1023643_1069WW-WW_01172024000000_8475169,0
3361171,Royal Pacific Ltd.,Rp Lighting & Fans,Aldea IX,1069WW-WW,,723554200398,"Outdoor Ceiling Fan,Indoor Ceiling Fan",Standard Fan Only,52,111.0,10.1,44.7,0.0,,3.0,0,,,,,,,,1,0,,2024-01-17,2024-01-17,United States,ES_1023643_1069WW-WW_01172024000000_8772507,0
2668041,Royal Pacific Ltd.,Rp Lighting & Fans,Aldea VI,1048-1**********,",,""*""      can be any of characters or blank",,Indoor Ceiling Fan,Standard Fan Only,52,124.0,10.5,44.5,0.0,,3.0,0,,,,,,,,1,0,,2023-09-18,2023-09-18,United States,ES_1023643_1048-1**********_09182023000000_0193955,0
2668067,Royal Pacific Ltd.,Rp Lighting & Fans,Aldea VI,1048LED-1**********,",,""*""      can be any of characters or blank",,Indoor Ceiling Fan,Standard Fan Only,52,125.0,10.5,44.5,0.0,,3.0,0,,,,,,,,1,0,,2023-09-18,2023-09-18,United States,ES_1023643_1048LED-1**********_09182023000000_6218160,0
2376724,Royal Pacific Ltd.,Rp Lighting & Fans,Aldea VII,1067,",,1067 may be followed by one to twenty-six",,Outdoor Ceiling Fan,Standard Fan Only,52,125.0,10.4,45.4,0.0,,3.0,0,,,,,,,,1,0,,2021-04-01,2021-04-21,United States,ES_1023643_1067_042020212138134_5467584,0
3361142,Royal Pacific Ltd.,Rp Lighting & Fans,Aldea VII,1067BP-BP,,723554200909,Indoor Ceiling Fan,Standard Fan Only,52,119.0,10.6,44.0,0.0,,3.0,0,,,,,,,,1,0,,2024-01-17,2024-01-17,United States,ES_1023643_1067BP-BP_01172024000000_4478557,0
3361176,Royal Pacific Ltd.,Rp Lighting & Fans,Aldea VII,1067BP-BP,,723554200909,"Outdoor Ceiling Fan,Indoor Ceiling Fan",Standard Fan Only,52,119.0,10.6,44.0,0.0,,3.0,0,,,,,,,,1,0,,2024-01-17,2024-01-17,United States,ES_1023643_1067BP-BP_01172024000000_8792994,0
3361143,Royal Pacific Ltd.,Rp Lighting & Fans,Aldea VII,1067MBK-MBK,,723554200916,Indoor Ceiling Fan,Standard Fan Only,52,119.0,10.6,44.0,0.0,,3.0,0,,,,,,,,1,0,,2024-01-17,2024-01-17,United States,ES_1023643_1067MBK-MBK_01172024000000_9947872,0
3361177,Royal Pacific Ltd.,Rp Lighting & Fans,Aldea VII,1067MBK-MBK,,723554200916,"Outdoor Ceiling Fan,Indoor Ceiling Fan",Standard Fan Only,52,119.0,10.6,44.0,0.0,,3.0,0,,,,,,,,1,0,,2024-01-17,2024-01-17,United States,ES_1023643_1067MBK-MBK_01172024000000_4270692,0
3361144,Royal Pacific Ltd.,Rp Lighting & Fans,Aldea VII,1067OB-OB,,723554200923,Indoor Ceiling Fan,Standard Fan Only,52,119.0,10.6,44.0,0.0,,3.0,0,,,,,,,,1,0,,2024-01-17,2024-01-17,United States,ES_1023643_1067OB-OB_01172024000000_4153795,0
3361178,Royal Pacific Ltd.,Rp Lighting & Fans,Aldea VII,1067OB-OB,,723554200923,"Outdoor Ceiling Fan,Indoor Ceiling Fan",Standard Fan Only,52,119.0,10.6,44.0,0.0,,3.0,0,,,,,,,,1,0,,2024-01-17,2024-01-17,United States,ES_1023643_1067OB-OB_01172024000000_6877125,0
3361145,Royal Pacific Ltd.,Rp Lighting & Fans,Aldea VII,1067WW-WW,,723554200930,Indoor Ceiling Fan,Standard Fan Only,52,119.0,10.6,44.0,0.0,,3.0,0,,,,,,,,1,0,,2024-01-17,2024-01-17,United States,ES_1023643_1067WW-WW_01172024000000_6533252,0
3361179,Royal Pacific Ltd.,Rp Lighting & Fans,Aldea VII,1067WW-WW,,723554200930,"Outdoor Ceiling Fan,Indoor Ceiling Fan",Standard Fan Only,52,119.0,10.6,44.0,0.0,,3.0,0,,,,,,,,1,0,,2024-01-17,2024-01-17,United States,ES_1023643_1067WW-WW_01172024000000_7328219,0
2376722,Royal Pacific Ltd.,Rp Lighting & Fans,Aldea VIII,1068,",,1068 may be followed by one to twenty-six",,Outdoor Ceiling Fan,Standard Fan Only,52,119.0,10.3,45.3,0.0,,3.0,0,,,,,,,,1,0,,2021-04-01,2021-04-21,United States,ES_1023643_1068_042020212124348_1392483,0
3361149,Royal Pacific Ltd.,Rp Lighting & Fans,Aldea VIII,1068BP-BP,,723554201296,Indoor Ceiling Fan,Standard Fan Only,52,114.0,10.5,44.6,0.0,,3.0,0,,,,,,,,1,0,,2024-01-17,2024-01-17,United States,ES_1023643_1068BP-BP_01172024000000_0917922,0
3361172,Royal Pacific Ltd.,Rp Lighting & Fans,Aldea VIII,1068BP-BP,,723554201296,"Outdoor Ceiling Fan,Indoor Ceiling Fan",Standard Fan Only,52,114.0,10.5,44.6,0.0,,3.0,0,,,,,,,,1,0,,2024-01-17,2024-01-17,United States,ES_1023643_1068BP-BP_01172024000000_9185745,0
3361150,Royal Pacific Ltd.,Rp Lighting & Fans,Aldea VIII,1068MBK-MBK,,723554201302,Indoor Ceiling Fan,Standard Fan Only,52,114.0,10.5,44.6,0.0,,3.0,0,,,,,,,,1,0,,2024-01-17,2024-01-17,United States,ES_1023643_1068MBK-MBK_01172024000000_8662502,0
3361173,Royal Pacific Ltd.,Rp Lighting & Fans,Aldea VIII,1068MBK-MBK,,723554201302,"Outdoor Ceiling Fan,Indoor Ceiling Fan",Standard Fan Only,52,114.0,10.5,44.6,0.0,,3.0,0,,,,,,,,1,0,,2024-01-17,2024-01-17,United States,ES_1023643_1068MBK-MBK_01172024000000_0226188,0
3361151,Royal Pacific Ltd.,Rp Lighting & Fans,Aldea VIII,1068OB-OB,,723554201319,Indoor Ceiling Fan,Standard Fan Only,52,114.0,10.5,44.6,0.0,,3.0,0,,,,,,,,1,0,,2024-01-17,2024-01-17,United States,ES_1023643_1068OB-OB_01172024000000_0135297,0
3361174,Royal Pacific Ltd.,Rp Lighting & Fans,Aldea VIII,1068OB-OB,,723554201319,"Outdoor Ceiling Fan,Indoor Ceiling Fan",Standard Fan Only,52,114.0,10.5,44.6,0.0,,3.0,0,,,,,,,,1,0,,2024-01-17,2024-01-17,United States,ES_1023643_1068OB-OB_01172024000000_3927194,0
3361152,Royal Pacific Ltd.,Rp Lighting & Fans,Aldea VIII,1068WW-WW,,723554201326,Indoor Ceiling Fan,Standard Fan Only,52,114.0,10.5,44.6,0.0,,3.0,0,,,,,,,,1,0,,2024-01-17,2024-01-17,United States,ES_1023643_1068WW-WW_01172024000000_3344874,0
3361175,Royal Pacific Ltd.,Rp Lighting & Fans,Aldea VIII,1068WW-WW,,723554201326,"Outdoor Ceiling Fan,Indoor Ceiling Fan",Standard Fan Only,52,114.0,10.5,44.6,0.0,,3.0,0,,,,,,,,1,0,,2024-01-17,2024-01-17,United States,ES_1023643_1068WW-WW_01172024000000_0602447,0
2401838,Royal Pacific Ltd.,Rp Lighting & Fans,Aldea XI,1037,"Aldea XI,1037***-***,Model with suffix (*), each (*) to represent a letter or blank.",723554204334;723554204341;723554204389;723554204396,Outdoor Ceiling Fan,Standard Fan Only,44,134.0,10.4,33.6,0.0,,3.0,0,,,,,,,,1,0,,2022-11-15,2022-09-12,United States,ES_1023643_1037_091220220949840_5794887,0
3361157,Royal Pacific Ltd.,Rp Lighting & Fans,Aldea XI,1037BP-BP,,723554204389,Indoor Ceiling Fan,Standard Fan Only,44,121.0,10.6,35.3,0.0,,3.0,0,,,,,,,,1,0,,2024-01-17,2024-01-17,United States,ES_1023643_1037BP-BP_01172024000000_0115106,0
3361164,Royal Pacific Ltd.,Rp Lighting & Fans,Aldea XI,1037BP-BP,,723554204389,"Outdoor Ceiling Fan,Indoor Ceiling Fan",Standard Fan Only,44,121.0,10.6,35.3,0.0,,3.0,0,,,,,,,,1,0,,2024-01-17,2024-01-17,United States,ES_1023643_1037BP-BP_01172024000000_8786090,0
3361158,Royal Pacific Ltd.,Rp Lighting & Fans,Aldea XI,1037MBK-MBK,,723554204334,Indoor Ceiling Fan,Standard Fan Only,44,121.0,10.6,35.3,0.0,,3.0,0,,,,,,,,1,0,,2024-01-17,2024-01-17,United States,ES_1023643_1037MBK-MBK_01172024000000_1892437,0
3361165,Royal Pacific Ltd.,Rp Lighting & Fans,Aldea XI,1037MBK-MBK,,723554204334,"Outdoor Ceiling Fan,Indoor Ceiling Fan",Standard Fan Only,44,121.0,10.6,35.3,0.0,,3.0,0,,,,,,,,1,0,,2024-01-17,2024-01-17,United States,ES_1023643_1037MBK-MBK_01172024000000_4961112,0
3361159,Royal Pacific Ltd.,Rp Lighting & Fans,Aldea XI,1037OB-OB,,723554204396,Indoor Ceiling Fan,Standard Fan Only,44,121.0,10.6,35.3,0.0,,3.0,0,,,,,,,,1,0,,2024-01-17,2024-01-17,United States,ES_1023643_1037OB-OB_01172024000000_1238527,0
3361166,Royal Pacific Ltd.,Rp Lighting & Fans,Aldea XI,1037OB-OB,,723554204396,"Outdoor Ceiling Fan,Indoor Ceiling Fan",Standard Fan Only,44,121.0,10.6,35.3,0.0,,3.0,0,,,,,,,,1,0,,2024-01-17,2024-01-17,United States,ES_1023643_1037OB-OB_01172024000000_4797130,0
3361160,Royal Pacific Ltd.,Rp Lighting & Fans,Aldea XI,1037WW-WW,,723554204341,Indoor Ceiling Fan,Standard Fan Only,44,121.0,10.6,35.3,0.0,,3.0,0,,,,,,,,1,0,,2024-01-17,2024-01-17,United States,ES_1023643_1037WW-WW_01172024000000_7308635,0
3361167,Royal Pacific Ltd.,Rp Lighting & Fans,Aldea XI,1037WW-WW,,723554204341,"Outdoor Ceiling Fan,Indoor Ceiling Fan",Standard Fan Only,44,121.0,10.6,35.3,0.0,,3.0,0,,,,,,,,1,0,,2024-01-17,2024-01-17,United States,ES_1023643_1037WW-WW_01172024000000_7271113,0
2347744,Royal Pacific Ltd.,Rp Lighting & Fans,Arctic II,1070W,,,Outdoor Ceiling Fan,Standard Fan Only,70,299.3,6.5,39.9,0.5,,3.0,0,,,,,,,,1,0,,2019-09-30,2019-09-20,United States,ES_1023643_1070W_09232019061157_9117249,0
2379569,Visual Comfort & Co.,Monte Carlo,"72"" Loft",6LFR72RZWD,,014817611724;14817611724,Indoor Ceiling Fan,Standard Fan with Light Kit,72,288.0,3.6,33.2,0.9,,3.0,0,"FUJIAN LIGHTNING OPTOELECTRONIC CO., LTD",1770.0,20.0,0.95,,93.0,54000.0,1,0,,2021-07-24,2021-06-08,"United States, Canada",ES_1113136_6LFR72RZWD_060820210442755_7342176,0
2404959,Visual Comfort & Co.,Monte Carlo,Adler 52,3ADR52******,",,(each * to represent a letter, a number or blank)",014817628524;014817628531;014817628548;014817628555;014817628562;14817628524;14817628531;14817628548;14817628555;14817628562,Indoor Ceiling Fan,Standard Fan Only,52,156.0,2.2,28.6,1.1,,3.0,0,,,,,,,,1,0,,2023-06-01,2022-11-22,"United States, Canada",ES_1113136_3ADR52_112220220825104_5501250,0
4016001,Visual Comfort & Co.,Monte Carlo,Adler 60,3ADR60******,",,(each * to represent a letter, a number or blank)",,Indoor Ceiling Fan,Standard Fan Only,60,200.0,3.1,29.5,1.1,,3.0,0,,,,,,,,1,0,,2025-01-31,2025-04-22,"United States, Canada",ES_1113136_3ADR60******_042220250945839_3735212,0
4015897,Visual Comfort & Co.,Monte Carlo,ALMA SMART 52,3ALMSM52***,",,(each * to represent a letter, a number or blank)",014817627985;014817627992;014817628005;014817628012;014817672978,Indoor Ceiling Fan,Standard Fan Only,52,232.0,3.0,24.4,1.6,,3.0,0,,,,,,,,1,0,,2025-01-01,2025-04-18,"United States, Canada",ES_1113136_3ALMSM52**_032020250208974_2433655,0
2382277,Visual Comfort & Co.,Monte Carlo,ASPEN,5ASPR56*D,"ASPEN,56SG7-L-D,(Additional Identifying Model Information - ""*"" can be any length of characters or blank)",014817606515;014817606522;014817606539;014817611786;014817611793;014817611809;14817606515;14817606522;14817606539;14817611786;14817611793;14817611809,Indoor Ceiling Fan,Standard Fan with Light Kit,56,215.0,5.2,41.4,1.7,,3.0,0,"FUJIAN LIGHTNING OPTOELECTRONIC CO., LTD",1010.0,15.0,0.95,,90.0,54000.0,1,0,,2021-06-30,2021-07-20,"United States, Canada",ES_1113136_5ASPR56*D_071420210444906_8115134,0
4015801,Visual Comfort & Co.,Monte Carlo,Aspen 56,5ASPR56***,",,(each * to represent a letter, a number or blank)",014817606515;014817606522;014817606539;014817611786;014817611793;014817611809,Indoor Ceiling Fan,Standard Fan Only,56,215.0,5.2,41.4,1.7,,3.0,0,,,,,,,,1,0,,2025-01-01,2025-04-16,"United States, Canada",ES_1113136_5ASPR56***_041620250808952_2946767,0
4015653,Visual Comfort & Co.,Monte Carlo,Aspen 70,5ASPR70***,",,(each * to represent a letter, a number or blank)",014817611816;014817611823;014817611830;014817611847;014817611854,Indoor Ceiling Fan,Standard Fan Only,70,211.0,3.3,37.4,0.9,,3.0,0,,,,,,,,1,0,,2025-01-01,2025-04-15,"United States, Canada",ES_1113136_5ASPR70***_041520250715119_2388307,0
4016405,Visual Comfort & Co.,Monte Carlo,ASPEN 84,5ASPR84,,,Indoor Ceiling Fan,Standard Fan Only,84,358.0,8.5,25.3,1.6,,3.0,0,,,,,,,,1,0,,2025-01-01,2025-04-09,"United States, Canada",ES_1113136_5ASPR84_03202025012388_1239763,0
4016404,Visual Comfort & Co.,Monte Carlo,ASPEN 84,5ASPR84*,",,""*"" is optional and stands for different colors, where each * can be a letter or a number, or blank",,Indoor Ceiling Fan,Standard Fan Only,84,358.0,8.5,25.3,1.6,,3.0,0,,,,,,,,1,0,,2025-01-01,2025-04-09,"United States, Canada",ES_1113136_5ASPR84*_040920250859570_3533478,0
4015597,Visual Comfort & Co.,Monte Carlo,ASPEN 84,5ASPR84*D,",,""*"" is optional and stands for different colors, where each * can be a letter or a number, or blank",,Indoor Ceiling Fan,Standard Fan with Light Kit,84,358.0,8.5,25.3,1.6,,3.0,0,,,,,,,,1,0,,2025-01-01,2025-04-08,"United States, Canada",ES_1113136_5ASPR84*D_032020250253554_6604831,0
4015596,Visual Comfort & Co.,Monte Carlo,ASPEN 84,5ASPR84D,,,Indoor Ceiling Fan,Standard Fan with Light Kit,84,358.0,8.5,25.3,1.6,,3.0,0,,,,,,,,1,0,,2025-01-01,2025-04-08,"United States, Canada",ES_1113136_5ASPR84D_040820250710558_4245046,0
4497676,Visual Comfort & Co.,Monte Carlo,ASPEN COASTAL 56,5ASPCR56*,",,""*"" is optional and stands for different colors, where each * can be a letter or a number, or blank",014817658446;014817658453,Indoor Ceiling Fan,Standard Fan Only,56,215.0,2.5,29.0,0.7,,3.0,0,,,,,,,,1,0,,2025-03-01,2025-09-03,"United States, Canada",ES_1113136_5ASPCR56*_082720250010857_7952773,0
4498409,Visual Comfort & Co.,Monte Carlo,ASPEN COASTAL 70,5ASPCR70*,",,""*"" is optional and stands for different colors, where each * can be a letter or a number, or blank",014817658460;014817658477,Indoor Ceiling Fan,Standard Fan Only,70,266.0,2.7,30.8,0.7,,3.0,0,,,,,,,,1,0,,2025-03-01,2025-09-05,"United States, Canada",ES_1113136_5ASPCR70*_082720250024788_6365229,0
2358005,Visual Comfort & Co.,Monte Carlo,Cirque,3CQR56*,",,""*"" can be any length of characters or blank",14817606683;14817606690,Indoor Ceiling Fan,Standard Fan with Light Kit,60,233.0,5.7,33.0,2.0,,3.0,0,"Shenzhen MTC Lighting Co., Ltd.",1200.0,15.0,0.95,,92.0,25000.0,1,0,,2020-06-15,2020-04-14,"United States, Canada",ES_1113136_3CQR56*_04142020071449_8489055,0
2379608,Visual Comfort & Co.,Monte Carlo,Cirque,3CQR56MBKD,,014817606690;14817606690,Indoor Ceiling Fan,Standard Fan with Light Kit,60,233.0,5.7,33.0,2.0,,3.0,0,"Shenzhen MTC Lighting Co., Ltd.",1200.0,15.0,0.95,,92.0,25000.0,1,0,,2020-06-15,2020-04-14,"United States, Canada",ES_1113136_3CQR56MBKD_06152021204159_2403090,0
2379606,Visual Comfort & Co.,Monte Carlo,Cirque,3CQR56RZWD,,014817606683;14817606683,Indoor Ceiling Fan,Standard Fan with Light Kit,60,233.0,5.7,33.0,2.0,,3.0,0,"Shenzhen MTC Lighting Co., Ltd.",1200.0,15.0,0.95,,92.0,25000.0,1,0,,2020-06-15,2020-04-14,"United States, Canada",ES_1113136_3CQR56RZWD_061520212041523_6037431,0
4015781,Visual Comfort & Co.,Monte Carlo,Cirque 56 LED,3CQR56***,",,(each * to represent a letter, a number or blank)",014817606683;014817606690,Indoor Ceiling Fan,Standard Fan with Light Kit,56,275.0,2.7,28.1,0.8,,3.0,0,,,,,,,,1,0,,2025-01-01,2025-04-16,"United States, Canada",ES_1113136_3CQR56***_032020250311547_6867203,0
2403149,Visual Comfort & Co.,Monte Carlo,Collins Coastal Smart 52,3CLNCSM52***,",,*** is optional to represent any letter or digits for different color and marketing purpose",014817628500;014817628517;14817628500;14817628517,Indoor Ceiling Fan,Standard Fan Only,52,214.0,5.9,26.0,1.7,,3.0,0,,,,,,,,1,0,,2023-03-10,2022-10-17,"United States, Canada",ES_1113136_3CLNCSM52***_101720220050272_9343811,0
2403172,Visual Comfort & Co.,Monte Carlo,Collins Smart 52,3CLNSM52***,",,*** is optional to represent any letter or digits for different color and marketing purpose",014817628470;014817628487;014817628494;14817628470;14817628487;14817628494;14817642452;14817642469,Indoor Ceiling Fan,Standard Fan Only,52,215.0,4.6,24.2,1.7,,3.0,0,,,,,,,,1,0,,2023-03-10,2022-10-17,"United States, Canada",ES_1113136_3CLNSM52***_101820220049264_8229441,0
4499021,Visual Comfort & Co.,Monte Carlo,LINDEN DC 52 LED,5LDDC52***D,",,*** stand for different colors, where each * can be a letter or a number, or blank",014817624694;014817624700;014817624717;014817624724,Indoor Ceiling Fan,Hugger Fan with Light Kit,52,172.0,3.1,31.0,0.6,,3.0,0,,,,,,,,1,0,,2025-04-01,2025-09-15,"United States, Canada",ES_1113136_5LDDC52***D_090220251406611_1772580,0
4499049,Visual Comfort & Co.,Monte Carlo,LINDEN DC 52 LED,5LDDC52***D,",,*** stand for different colors, where each * can be a letter or a number, or blank",014817624694;014817624700;014817624717;014817624724,Indoor Ceiling Fan,Standard Fan with Light Kit,52,206.0,3.0,29.5,0.6,,3.0,0,,,,,,,,1,0,,2025-04-01,2025-09-15,"United States, Canada",ES_1113136_5LDDC52***D_091520250858230_8090940,0
4499023,Visual Comfort & Co.,Monte Carlo,LINDEN DC 52 LED,5LDDC52XXXD,,,Indoor Ceiling Fan,Standard Fan with Light Kit,52,206.0,3.0,29.5,0.6,,3.0,0,,,,,,,,1,0,,2025-04-01,2025-09-15,"United States, Canada",ES_1113136_5LDDC52XXXD_091520250857278_7541036,0
4499024,Visual Comfort & Co.,Monte Carlo,LINDEN DC 52 LED,5LDDC52XXXD,,,Indoor Ceiling Fan,Hugger Fan with Light Kit,52,172.0,3.1,31.0,0.6,,3.0,0,,,,,,,,1,0,,2025-04-01,2025-09-15,"United States, Canada",ES_1113136_5LDDC52XXXD_091520250901951_8258082,0
4016313,Visual Comfort & Co.,Monte Carlo,Loft 62 LED,6LFR62***,",,(each * to represent a letter, a number or blank)",014817611755;014817611762;014817611779,Indoor Ceiling Fan,Standard Fan with Light Kit,62,327.0,3.6,22.4,0.9,,3.0,0,,,,,,,,1,0,,2025-01-01,2025-04-25,"United States, Canada",ES_1113136_6LFR62***_042520250711278_8212617,1
4016341,Visual Comfort & Co.,Monte Carlo,Loft 72 LED,6LFR72***,",,(each * to represent a letter, a number or blank)",014817611717;014817611724;014817611731,Indoor Ceiling Fan,Standard Fan with Light Kit,72,288.0,3.6,33.2,0.9,,3.0,0,,,,,,,,1,0,,2025-01-01,2025-04-28,"United States, Canada",ES_1113136_6LFR72***_032020250256874_3936604,0
2330379,Visual Comfort & Co.,Monte Carlo,Maverick,3MAVR60XX,,14817567519;14817567526;14817573626;14817573633;14817576863;14817586244;14817607031;14817640441,Indoor Ceiling Fan,Standard Fan Only,60,229.0,2.8,26.7,1.0,,3.0,0,,,,,,,,1,0,,2018-12-31,2018-11-29,"United States, Canada",ES_1113136_3MAVR60XX_05192016083914_7154913,0
4016195,Visual Comfort & Co.,Monte Carlo,Maverick 52,3MAVR52******,",,(each * to represent a letter, a number or blank)",,Indoor Ceiling Fan,Standard Fan Only,52,208.0,2.2,27.1,1.1,,3.0,0,,,,,,,,1,0,,2025-01-31,2025-04-23,"United States, Canada",ES_1113136_3MAVR52******_042320250736107_7535179,0
4009446,Visual Comfort & Co.,Monte Carlo,Maverick 52 LED,3MAVR52******D,",,(each * to represent a letter, a number or blank)",,Indoor Ceiling Fan,Standard Fan with Light Kit,52,229.0,2.4,30.1,1.2,,3.0,0,,,,,,,,1,0,,2025-01-31,2025-04-09,"United States, Canada",ES_1113136_3MAVR52******D_04092025033130_5161360,0
4016369,Visual Comfort & Co.,Monte Carlo,Maverick 60,3MAVR60******,",,(each * to represent a letter, a number or blank)",,Indoor Ceiling Fan,Standard Fan Only,60,229.0,2.8,26.8,1.0,,3.0,0,,,,,,,,1,0,,2025-01-31,2025-04-29,"United States, Canada",ES_1113136_3MAVR60******_042920250607506_2333584,0
4009448,Visual Comfort & Co.,Monte Carlo,Maverick 60 LED,3MAVR60******D,",,(each * to represent a letter, a number or blank)",,Indoor Ceiling Fan,Standard Fan with Light Kit,60,269.0,4.4,33.7,1.3,,3.0,0,,,,,,,,1,0,,2025-01-31,2025-04-09,"United States, Canada",ES_1113136_3MAVR60******D_040920250530970_6636451,0
4016316,Visual Comfort & Co.,Monte Carlo,Maverick 70,3MAVR70******,",,(each * to represent a letter, a number or blank)",,Indoor Ceiling Fan,Standard Fan Only,70,250.0,4.8,29.8,1.0,,3.0,0,,,,,,,,1,0,,2025-01-31,2025-04-25,"United States, Canada",ES_1113136_3MAVR70******_031820250837977_3729357,0
4009452,Visual Comfort & Co.,Monte Carlo,Maverick 70 LED,3MAVR70******D,",,(each * to represent a letter, a number or blank)",,Indoor Ceiling Fan,Standard Fan with Light Kit,70,337.0,5.1,22.1,1.3,,3.0,0,,,,,,,,1,0,,2025-01-31,2025-04-09,"United States, Canada",ES_1113136_3MAVR70******D_040920250606152_6765247,1
2404957,Visual Comfort & Co.,Monte Carlo,Maverick Coastal 52,3MGMR52******,",,(each * to represent a letter, a number or blank)",014817628579;014817628586;14817628579;14817628586,Outdoor Ceiling Fan,Standard Fan Only,52,238.0,2.8,24.6,1.1,,3.0,0,,,,,,,,1,0,,2023-06-01,2022-11-25,"United States, Canada",ES_1113136_3MGMR52_112220220826142_2548270,0
4016383,Visual Comfort & Co.,Monte Carlo,Maverick Coastal 60,3MGMR60******,",,(each * to represent a letter, a number or blank)",,Indoor Ceiling Fan,Standard Fan Only,52,341.0,2.8,26.7,1.0,,3.0,0,,,,,,,,1,0,,2025-01-31,2025-04-29,"United States, Canada",ES_1113136_3MGMR60******_03182025082438_7710714,1
3531169,Visual Comfort & Co.,Monte Carlo,Maverick Coastal 60,3MGMR60***-V2,",,(each * to represent a letter, a number or blank)",014817648577;014817648584,Indoor Ceiling Fan,Standard Fan Only,60,341.0,2.8,26.7,1.0,,3.0,0,,,,,,,,1,0,,2024-06-15,2024-05-29,"United States, Canada",ES_1113136_3MGMR60***-V2 _052320240609202_5993844,1
2330381,Visual Comfort & Co.,Monte Carlo,Maverick II,3MAVR52*****,,14817586282;14817586299;14817586305;14817586312;14817586329;14817586336;14817607024,Indoor Ceiling Fan,Standard Fan Only,52,208.1,2.2,27.1,1.1,,3.0,0,,,,,,,,1,0,,2018-12-31,2018-11-29,"United States, Canada",ES_1113136_3MAVR52*****_11292018095553_5353206,0
2332414,Visual Comfort & Co.,Monte Carlo,Maverick LED,3MAVR52**D,,14817590081;14817590098;14817590104;14817590111;14817590128;14817590135,Indoor Ceiling Fan,Standard Fan with Light Kit,52,229.0,2.4,30.1,1.2,,3.0,0,Osram Opto Semiconductors,1310.0,18.0,0.98,,93.0,60000.0,1,0,,2019-01-14,2019-01-17,"United States, Canada",ES_1113136_3MAVR52**D_01302019072234_2954961,0
2332409,Visual Comfort & Co.,Monte Carlo,Maverick LED,3MAVR60**D,,14817590142;14817590159;14817590166;14817590173;14817590180;14817590197,Indoor Ceiling Fan,Standard Fan with Light Kit,60,269.0,4.4,33.7,1.2,,3.0,0,Osram Opto Semiconductors,1310.0,18.0,0.98,,93.0,60000.0,1,0,,2019-01-14,2019-01-17,"United States, Canada",ES_1113136_3MAVR60**D_01222019022012_3612682,0
2332410,Visual Comfort & Co.,Monte Carlo,Maverick LED,3MAVR70**D,,14817590203;14817590210;14817590227;14817590234;14817590241;14817590258,Indoor Ceiling Fan,Standard Fan with Light Kit,70,337.0,5.1,22.1,1.3,,3.0,0,Osram Opto Semiconductors,1310.0,18.0,0.98,,93.0,60000.0,1,0,,2019-01-14,2019-01-17,"United States, Canada",ES_1113136_3MAVR70**D_01222019022036_3636688,1
2330377,Visual Comfort & Co.,Monte Carlo,Maverick Max,3MAVR70XX,,14817590203;14817590210;14817590227;14817590234;14817590241;14817590258,Indoor Ceiling Fan,Standard Fan Only,70,250.1,4.8,29.8,1.0,,3.0,0,,,,,,,,1,0,,2018-12-31,2018-11-29,"United States, Canada",ES_1113136_3MAVR70XX_05182016070548_5148841,0
4005659,Visual Comfort & Co.,Monte Carlo,Maverick Smart 44,3MAVSM44******,",,(each * to represent a letter, a number or blank)",014817658231;014817658248;014817658255;014817658262;014817658279,Indoor Ceiling Fan,Standard Fan Only,44,221.0,3.8,16.1,1.3,,3.0,0,,,,,,,,1,0,,2025-03-15,2025-03-24,"United States, Canada",ES_1113136_3MAVSM44******_032420250701672_4403960,0
4005798,Visual Comfort & Co.,Monte Carlo,Maverick Smart 44 LED,3MAVSM44******D,",,(each * to represent a letter, a number or blank)",014817658316;014817658323;014817658330,Indoor Ceiling Fan,Standard Fan with Light Kit,44,211.0,4.2,19.8,1.3,,3.0,0,,,,,,,,1,0,,2025-03-15,2025-03-26,"United States, Canada",ES_1113136_3MAVSM44******D_031820250225497_7128523,0
4016371,Visual Comfort & Co.,Monte Carlo,Maverick Smart 52,3MAVSM52******,",,(each * to represent a letter, a number or blank)",,Indoor Ceiling Fan,Standard Fan Only,52,178.0,3.2,33.7,1.6,,3.0,0,,,,,,,,1,0,,2025-01-31,2025-04-29,"United States, Canada",ES_1113136_3MAVSM52******_033020250944748_9212275,0
4005931,Visual Comfort & Co.,Monte Carlo,Maverick Smart 52 LED,3MAVSM52******D,",,(each * to represent a letter, a number or blank)",014817658347;014817658354;014817658361,Indoor Ceiling Fan,Standard Fan with Light Kit,52,181.0,3.2,30.0,1.3,,3.0,0,,,,,,,,1,0,,2025-03-15,2025-03-26,"United States, Canada",ES_1113136_3MAVSM52******D_032820250135205_8048220,0
4016342,Visual Comfort & Co.,Monte Carlo,Maverick Smart 60,3MAVSM60******,",,(each * to represent a letter, a number or blank)",,Indoor Ceiling Fan,Standard Fan Only,60,181.0,3.3,32.4,1.6,,3.0,0,,,,,,,,1,0,,2025-01-31,2025-04-28,"United States, Canada",ES_1113136_3MAVSM60******_033020251003334_8220847,0
4005788,Visual Comfort & Co.,Monte Carlo,Maverick Smart 60 LED,3MAVSM60******D,",,(each * to represent a letter, a number or blank)",014817658378;014817658385;014817658392,Indoor Ceiling Fan,Standard Fan with Light Kit,60,196.0,3.4,29.8,1.3,,3.0,0,,,,,,,,1,0,,2025-03-15,2025-03-26,"United States, Canada",ES_1113136_3MAVSM60******D_032620250309456_3068495,0
4016335,Visual Comfort & Co.,Monte Carlo,Maverick Smart 70,3MAVSM70******,",,(each * to represent a letter, a number or blank)",014817658286;014817658293;014817658309,Indoor Ceiling Fan,Standard Fan Only,70,209.0,4.7,36.4,1.3,,3.0,0,,,,,,,,1,0,,2025-03-15,2025-04-28,"United States, Canada",ES_1113136_3MAVSM70******_042820250714157_8073780,0
4015651,Visual Comfort & Co.,Monte Carlo,Maverick Smart 70 LED,3MAVSM70******D,",,(each * to represent a letter, a number or blank)",014817658408;014817658415;014817658422,Indoor Ceiling Fan,Standard Fan with Light Kit,70,205.0,5.1,36.4,1.3,,3.0,0,,,,,,,,1,0,,2025-03-15,2025-04-15,"United States, Canada",ES_1113136_3MAVSM70******D_041520250710251_9586685,0
4015792,Visual Comfort & Co.,Monte Carlo,Minimalist 56 LED,3MNLR56***,",,(each * to represent a letter, a number or blank)",,Indoor Ceiling Fan,Standard Fan with Light Kit,56,231.0,2.8,28.3,1.2,,3.0,0,,,,,,,,1,0,,2025-01-31,2025-04-16,"United States, Canada",ES_1113136_3MNLR56***_041620250722173_9312596,0
4015791,Visual Comfort & Co.,Monte Carlo,Minimalist 56 LED,3MNLR56***D-V1,",,(each * to represent a letter, a number or blank)",,Indoor Ceiling Fan,Standard Fan with Light Kit,56,231.0,2.8,28.3,1.2,,3.0,0,,,,,,,,1,0,,2025-01-31,2025-04-16,"United States, Canada",ES_1113136_3MNLR56***D-V1_041620250723818_4306660,0
4015804,Visual Comfort & Co.,Monte Carlo,Minimalist 72 LED,3MNLR72***,",,(each * to represent a letter, a number or blank)",,Indoor Ceiling Fan,Standard Fan with Light Kit,72,278.0,3.4,32.2,1.2,,3.0,0,,,,,,,,1,0,,2025-01-31,2025-04-16,"United States, Canada",ES_1113136_3MNLR72***_031820250243400_5272113,0
4015803,Visual Comfort & Co.,Monte Carlo,Minimalist 72 LED,3MNLR72***D-V1,",,(each * to represent a letter, a number or blank)",,Indoor Ceiling Fan,Standard Fan with Light Kit,72,278.0,3.4,32.2,1.2,,3.0,0,,,,,,,,1,0,,2025-01-31,2025-04-16,"United States, Canada",ES_1113136_3MNLR72***D-V1_041620250804988_3300284,0
2404583,Visual Comfort & Co.,Monte Carlo,Rozzen 44 Hugger,3RZHR44***,",,*** is optional to represent any letter or digits for different color and marketing purpose",014817628715;014817628722;014817628739;014817628746;14817628715;14817628722;14817628739;14817628746,Indoor Ceiling Fan,Standard Fan with Light Kit,44,172.0,2.5,23.8,1.1,,3.0,0,"FUJIAN LIGHTNING OPTOELECTRONIC Co., LTD",1440.0,20.0,0.97,,92.0,54000.0,1,0,,2023-03-15,2022-11-14,"United States, Canada",ES_1113136_3RZHR44***_11112022173183_3699077,0
2404582,Visual Comfort & Co.,Monte Carlo,Rozzen 44 Hugger,3RZHR44XXX,,14817628715;14817628722;14817628739;14817628746,Indoor Ceiling Fan,Standard Fan with Light Kit,44,172.0,2.5,23.8,1.1,,3.0,0,"FUJIAN LIGHTNING OPTOELECTRONIC Co., LTD",1440.0,20.0,0.97,,92.0,54000.0,1,0,,2023-03-15,2022-11-14,"United States, Canada",ES_1113136_3RZHR44XXX_111620220341855_1305168,0
2404622,Visual Comfort & Co.,Monte Carlo,Rozzen 52 Hugger,3RZHR52***,",,*** is optional to represent any letter or digits for different color and marketing purpose",014817628753;014817628760;014817628777;014817628784;14817628753;14817628760;14817628777;14817628784,Indoor Ceiling Fan,Standard Fan with Light Kit,52,211.0,2.5,22.9,1.3,,3.0,0,"FUJIAN LIGHTNING OPTOELECTRONIC Co., LTD",1440.0,20.0,0.97,,92.0,54000.0,1,0,,2023-03-15,2022-11-14,"United States, Canada",ES_1113136_3RZHR52***_111120221709112_8336136,0
2404621,Visual Comfort & Co.,Monte Carlo,Rozzen 52 Hugger,3RZHR52XXX,,14817628753;14817628760;14817628777;14817628784,Indoor Ceiling Fan,Standard Fan with Light Kit,52,211.0,2.5,22.9,1.3,,3.0,0,"FUJIAN LIGHTNING OPTOELECTRONIC Co., LTD",1440.0,20.0,0.97,,92.0,54000.0,1,0,,2023-03-15,2022-11-14,"United States, Canada",ES_1113136_3RZHR52XXX_11172022030746_9874810,0
2398745,Visual Comfort & Co.,Monte Carlo,"Ruhlmann Smart 52"" LED",3RULSM52***D,",,*** stands for different colors, where each * can be a letter or a number, or blank",014817624137;014817624144;014817624151;014817624168;14817624137;14817624144;14817624151;14817624168,Indoor Ceiling Fan,Standard Fan with Light Kit,52,202.0,3.5,21.9,1.6,,3.0,0,"Shenzhen Tongyifang Optoelectronic Technology Co., LTD, FUJIAN LIGHTNING OPTOELECTRONIC Co., LTD",1429.0,21.0,0.84,,93.0,54000.0,1,0,,2022-09-30,2022-07-14,"United States, Canada",ES_1113136_3RULSM52***D_062820220821809_5412386,0
2398746,Visual Comfort & Co.,Monte Carlo,"Ruhlmann Smart 52"" LED",3RULSM52XXXD,,14817624137;14817624144;14817624151;14817624168,Indoor Ceiling Fan,Standard Fan with Light Kit,52,202.0,3.5,21.9,1.6,,3.0,0,"Shenzhen Tongyifang Optoelectronic Technology Co., LTD, FUJIAN LIGHTNING OPTOELECTRONIC Co., LTD",1429.0,21.0,0.84,,93.0,54000.0,1,0,,2022-09-30,2022-07-14,"United States, Canada",ES_1113136_3RULSM52XXXD_071920221527751_5476794,0
4016202,Visual Comfort & Co.,Monte Carlo,Stockton 60 LED,3STR60***,",,(each * to represent a letter, a number or blank)",,Indoor Ceiling Fan,Standard Fan with Light Kit,60,271.0,3.1,32.2,0.9,,3.0,0,,,,,,,,1,0,,2025-01-01,2025-04-22,"United States, Canada",ES_1113136_3STR60***_042220250222250_4507726,0
2332402,Visual Comfort & Co.,Monte Carlo,Vision 72,5VMR72***D,",,*=A-Z, 0-9 or blank",14817590326;14817590333;14817590340,Indoor Ceiling Fan,Standard Fan with Light Kit,72,353.0,3.8,33.1,0.8,,3.0,0,"FUJIAN LIGHTNING OPTOELECTRONIC CO.,LTD",1600.0,20.0,0.96,,92.0,25000.0,1,0,,2019-03-04,2019-01-06,"United States, Canada",ES_1113136_5VMR72***D_01302019024500_6300866,1
4015795,Visual Comfort & Co.,Visual Comfort & Co,Adler 52,3ADR52******,",,(each * to represent a letter, a number or blank)",014817628524;014817628531;014817628548;014817628555;014817628562,Indoor Ceiling Fan,Standard Fan Only,52,156.0,2.2,28.6,1.1,,3.0,0,,,,,,,,1,0,,2023-06-01,2025-04-16,"United States, Canada",ES_1113136_3ADR52******_041620250737808_7550517,0
4016000,Visual Comfort & Co.,Visual Comfort & Co,Adler 60,3ADR60******,",,(each * to represent a letter, a number or blank)",,Indoor Ceiling Fan,Standard Fan Only,60,200.0,3.1,29.5,1.1,,3.0,0,,,,,,,,1,0,,2025-01-31,2025-04-22,"United States, Canada",ES_1113136_3ADR60******_031820250828277_9261877,0
4015896,Visual Comfort & Co.,Visual Comfort & Co,ALMA SMART 52,3ALMSM52***,",,(each * to represent a letter, a number or blank)",014817627985;014817627992;014817628005;014817628012;014817672978,Indoor Ceiling Fan,Standard Fan Only,52,232.0,3.0,24.4,1.6,,3.0,0,,,,,,,,1,0,,2025-01-01,2025-04-18,"United States, Canada",ES_1113136_3ALMSM52***_041820250759716_8305793,0
4015800,Visual Comfort & Co.,Visual Comfort & Co,Aspen 56,5ASPR56***,",,(each * to represent a letter, a number or blank)",014817606515;014817606522;014817606539;014817611786;014817611793;014817611809,Indoor Ceiling Fan,Standard Fan Only,56,215.0,5.2,41.4,1.7,,3.0,0,,,,,,,,1,0,,2025-01-01,2025-04-16,"United States, Canada",ES_1113136_4LNCR56***_032020250155364_4650998,0
4015652,Visual Comfort & Co.,Visual Comfort & Co,Aspen 70,5ASPR70***,",,(each * to represent a letter, a number or blank)",014817611816;014817611823;014817611830;014817611847;014817611854,Indoor Ceiling Fan,Standard Fan Only,70,211.0,3.3,37.4,0.9,,3.0,0,,,,,,,,1,0,,2025-01-01,2025-04-15,"United States, Canada",ES_1113136_5ASPR70***_032020250342894_9598692,0
4016403,Visual Comfort & Co.,Visual Comfort & Co,ASPEN 84,5ASPR84,,,Indoor Ceiling Fan,Standard Fan Only,84,358.0,8.5,25.3,1.6,,3.0,0,,,,,,,,1,0,,2025-01-01,2025-04-09,"United States, Canada",ES_1113136_5ASPR84_040920250901840_8769786,0
4016402,Visual Comfort & Co.,Visual Comfort & Co,ASPEN 84,5ASPR84*,",,""*"" is optional and stands for different colors, where each * can be a letter or a number, or blank",,Indoor Ceiling Fan,Standard Fan Only,84,358.0,8.5,25.3,1.6,,3.0,0,,,,,,,,1,0,,2025-01-01,2025-04-09,"United States, Canada",ES_1113136_5ASPR84*_032020250157991_5421546,0
4015595,Visual Comfort & Co.,Visual Comfort & Co,ASPEN 84,5ASPR84*D,",,""*"" is optional and stands for different colors, where each * can be a letter or a number, or blank",,Indoor Ceiling Fan,Standard Fan with Light Kit,84,358.0,8.5,25.3,1.6,,3.0,0,,,,,,,,1,0,,2025-01-01,2025-04-08,"United States, Canada",ES_1113136_5ASPR84*D_040820250707324_8954163,0
4015594,Visual Comfort & Co.,Visual Comfort & Co,ASPEN 84,5ASPR84D,,,Indoor Ceiling Fan,Standard Fan with Light Kit,84,358.0,8.5,25.3,1.6,,3.0,0,,,,,,,,1,0,,2025-01-01,2025-04-08,"United States, Canada",ES_1113136_5ASPR84D_032020250250110_9810734,0
4497677,Visual Comfort & Co.,Visual Comfort & Co,ASPEN COASTAL 56,5ASPCR56*,",,""*"" is optional and stands for different colors, where each * can be a letter or a number, or blank",014817658446;014817658453,Indoor Ceiling Fan,Standard Fan Only,56,215.0,2.5,29.0,0.7,,3.0,0,,,,,,,,1,0,,2025-03-01,2025-09-03,"United States, Canada",ES_1113136_5ASPCR56*_082720250022252_9928758,0
4498410,Visual Comfort & Co.,Visual Comfort & Co,ASPEN COASTAL 70,5ASPCR70*,",,""*"" is optional and stands for different colors, where each * can be a letter or a number, or blank",014817658460;014817658477,Indoor Ceiling Fan,Standard Fan Only,70,266.0,2.7,30.8,0.7,,3.0,0,,,,,,,,1,0,,2025-03-01,2025-09-05,"United States, Canada",ES_1113136_5ASPCR70*_082720250013733_5983919,0
3706615,Visual Comfort & Co.,Visual Comfort & Co,Avila 60 LED,3AVLR60***D,",,each ""*"" denotes a letter, a number, or a blank",14817642537;14817642544,"Outdoor Ceiling Fan,Indoor Ceiling Fan",Standard Fan with Light Kit,60,231.0,2.9,29.5,0.7,,3.0,0,,,,,,,,1,0,,2024-03-01,2024-10-17,"United States, Canada",ES_1113136_3AVLR60***D_10162024102296_9228436,0
3706613,Visual Comfort & Co.,Visual Comfort & Co,Avila 60 LED,3AVLR60XXXD,,014817642537;014817642544,"Outdoor Ceiling Fan,Indoor Ceiling Fan",Standard Fan with Light Kit,60,231.0,2.9,29.5,0.7,,3.0,0,,,,,,,,1,0,,2024-03-01,2024-10-17,"United States, Canada",ES_1113136_3AVLR60XXXD_101620241023645_5362244,0
3706614,Visual Comfort & Co.,Visual Comfort & Co,Avila Coastal 60 LED,3AVLCR60***D,",,each ""*"" denotes a letter, a number, or a blank",014817642551;014817642568,"Outdoor Ceiling Fan,Indoor Ceiling Fan",Standard Fan with Light Kit,60,231.0,2.9,29.5,0.7,,3.0,0,,,,,,,,1,0,,2024-03-01,2024-10-17,"United States, Canada",ES_1113136_3AVLCR60***D_101620241024658_1301999,0
3706616,Visual Comfort & Co.,Visual Comfort & Co,Avila Coastal 60 LED,3AVLCR60XXXD,,014817642551;014817642568,"Outdoor Ceiling Fan,Indoor Ceiling Fan",Standard Fan with Light Kit,60,231.0,2.9,29.5,0.7,,3.0,0,,,,,,,,1,0,,2024-03-01,2024-10-17,"United States, Canada",ES_1113136_3AVLCR60XXXD_101120240541140_8390975,0
4015782,Visual Comfort & Co.,Visual Comfort & Co,Cirque 56 LED,3CQR56***,",,(each * to represent a letter, a number or blank)",014817606683;014817606690,Indoor Ceiling Fan,Standard Fan with Light Kit,56,275.0,2.7,28.1,0.8,,3.0,0,,,,,,,,1,0,,2025-01-01,2025-04-16,"United States, Canada",ES_1113136_3CQR56***_041620250607924_6456981,0
2403145,Visual Comfort & Co.,Monte Carlo,Collins Smart 52,3CLNSM52XXX,,14817628470;14817628487;14817628494;14817642452;14817642469,Indoor Ceiling Fan,Standard Fan Only,52,215.0,4.6,24.2,1.7,,3.0,0,,,,,,,,1,0,,2023-03-10,2022-10-17,"United States, Canada",ES_1113136_3CLNSM52***_101720220153986_1772594,0
2403178,Visual Comfort & Co.,Monte Carlo,Collins Smart 52,3CLNSM52XXX,,14817628470;14817628487;14817628494;14817642452;14817642469,Indoor Ceiling Fan,Standard Fan Only,52,215.0,4.6,24.2,1.7,,3.0,0,,,,,,,,1,0,,2023-03-10,2022-10-17,"United States, Canada",ES_1113136_3CLNSM52XXX_10182022004911_1564429,0
2401847,Visual Comfort & Co.,Monte Carlo,Collins Smart 52 Hugger,3CNHSM52***,",,*** is optional to represent any letter or digits for different color and marketing purpose",014817627848;014817627855;014817627862;014817627879;014817627886;14817627848;14817627855;14817627862;14817627879;14817627886,Indoor Ceiling Fan,Standard Fan Only,52,239.0,3.0,18.5,1.5,,3.0,0,,,,,,,,1,0,,2023-01-15,2022-09-16,"United States, Canada",ES_1113136_3CNHSM52***_092220220732399_4454343,0
2401846,Visual Comfort & Co.,Monte Carlo,Collins Smart 52 Hugger,3CNHSM52XXX,,14817627848;14817627855;14817627862;14817627879;14817627886,Indoor Ceiling Fan,Standard Fan Only,52,239.0,3.0,18.5,1.5,,3.0,0,,,,,,,,1,0,,2023-01-15,2022-09-16,"United States, Canada",ES_1113136_3CNHSM52XXX_091520220941864_7932525,0
2403130,Visual Comfort & Co.,Monte Carlo,Collins Smart 52 Hugger LED,3CNHSM52***D,",,*** is optional to represent any letter or digits for different color and marketing purpose",014817627794;014817627800;014817627817;014817627824;014817627831;14817627794;14817627800;14817627817;14817627824;14817627831,Indoor Ceiling Fan,Standard Fan with Light Kit,52,188.0,3.6,30.4,1.6,,3.0,0,"FUJIAN LIGHTNING OPTOELECTRONIC Co., LTD",1682.0,20.0,0.88,,92.0,72000.0,1,0,,2023-01-10,2022-10-11,"United States, Canada",ES_1113136_3CNHSM52***D_101720220234310_4178244,0
2402962,Visual Comfort & Co.,Monte Carlo,Collins Smart 52 Hugger LED,3CNHSM52XXXD,,14817627794;14817627800;14817627817;14817627824;14817627831,Indoor Ceiling Fan,Standard Fan with Light Kit,52,188.0,3.6,30.4,1.6,,3.0,0,"FUJIAN LIGHTNING OPTOELECTRONIC Co., LTD",1682.0,20.0,0.88,,92.0,72000.0,1,0,,2023-01-10,2022-10-11,"United States, Canada",ES_1113136_3CNHSM52***D_100420220718911_6354865,0
2377982,Visual Comfort & Co.,Monte Carlo,Edge Coastal 60,3EGR60***-RH,",,(Additional Identifying Model Information - ""*"" can be any letter or blank)",014817612097;14817612097;14817612103,Outdoor Ceiling Fan,Standard Fan Only,60,161.0,4.1,41.2,1.0,,3.0,0,,,,,,,,1,0,,2021-09-20,2021-05-13,"United States, Canada",ES_1113136_3EGR60***-RH_051320210307862_9000966,0
2396908,Visual Comfort & Co.,Monte Carlo,Jovie 58,3JVR58***,",,*** stands for different colors, where each * can be a letter or a number, or blank",014817624335;014817624342;014817624359;014817624403;14817624335;14817624342;14817624359;14817624403,Outdoor Ceiling Fan,Standard Fan Only,58,288.0,3.4,17.6,1.1,,3.0,0,,,,,,,,1,0,,2022-10-20,2022-05-23,"United States, Canada",ES_1113136_3JVR58***_052720220102389_7218792,0
2396899,Visual Comfort & Co.,Monte Carlo,Jovie 58,3JVR58XXX,,14817624335;14817624342;14817624359;14817624403,Outdoor Ceiling Fan,Standard Fan Only,58,288.0,3.4,17.6,1.1,,3.0,0,,,,,,,,1,0,,2022-10-20,2022-05-23,"United States, Canada",ES_1113136_3JVR58XXX_052020221223261_4146811,0
2398754,Visual Comfort & Co.,Monte Carlo,Jovie 58 LED,3JVR58***D,",,*** stands for different colors, where each * can be a letter or a number, or blank",014817623918;014817623925;014817623932;014817623949;14817623918;14817623925;14817623932;14817623949,Outdoor Ceiling Fan,Standard Fan with Light Kit,58,282.0,3.9,19.6,1.1,,3.0,0,"Shenzhen Tongyifang Optoelectronic Technology Co., LTD",1516.0,20.0,0.91,,94.0,54000.0,1,0,,2022-10-31,2022-07-12,"United States, Canada",ES_1113136_3JVR58***D_070620220756275_2401848,0
2398753,Visual Comfort & Co.,Monte Carlo,Jovie 58 LED,3JVR58XXXD,,14817623918;14817623925;14817623932;14817623949,Outdoor Ceiling Fan,Standard Fan with Light Kit,58,282.0,3.9,19.6,1.1,,3.0,0,"Shenzhen Tongyifang Optoelectronic Technology Co., LTD",1516.0,20.0,0.91,,94.0,54000.0,1,0,,2022-10-31,2022-07-12,"United States, Canada",ES_1113136_3JVR58XXXD_07202022011360_4455257,0
4015865,Visual Comfort & Co.,Monte Carlo,Kingston 72 LED,8KGR72,,,Indoor Ceiling Fan,Standard Fan with Light Kit,72,385.0,4.1,27.8,1.2,,3.0,0,,,,,,,,1,0,,2025-01-31,2025-04-17,"United States, Canada",ES_1113136_8KGR72_041720250806406_7030939,1
4015864,Visual Comfort & Co.,Monte Carlo,Kingston 72 LED,8KGR72******D,",,(each * to represent a letter, a number or blank)",,Indoor Ceiling Fan,Standard Fan with Light Kit,72,385.0,4.1,27.8,1.2,,3.0,0,,,,,,,,1,0,,2025-01-31,2025-04-17,"United States, Canada",ES_1113136_8KGR72******D_041720250805442_6517252,1
2376024,Visual Comfort & Co.,Monte Carlo,LAUNCETON,4LNCR56,,14817612004;14817612011;14817628029,Indoor Ceiling Fan,Standard Fan Only,56,248.0,3.6,28.5,1.8,,3.0,0,,,,,,,,1,0,,2021-06-28,2021-04-07,"United States, Canada",ES_1113136_4LNCR56_033120210632791_1710304,0
2376025,Visual Comfort & Co.,Monte Carlo,LAUNCETON,4LNCR56*,",,""*"" can be any length of characters or blank",14817612004;14817612011;14817628029,Indoor Ceiling Fan,Standard Fan Only,56,248.0,3.6,28.5,1.8,,3.0,0,,,,,,,,1,0,,2021-06-28,2021-04-07,"United States, Canada",ES_1113136_4LNCR56*_041220212119756_3134014,0
2376027,Visual Comfort & Co.,Monte Carlo,LAUNCETON,"56"" LAUNCETON",,14817612004;14817612011;14817628029,Indoor Ceiling Fan,Standard Fan Only,56,248.0,3.6,28.5,1.8,,3.0,0,,,,,,,,1,0,,2021-06-28,2021-04-07,"United States, Canada","ES_1113136_56"" LAUNCETON_041220212119717_6357888",0
4005878,Visual Comfort & Co.,Monte Carlo,LAUNCETON 44,4LNCR44*,",,""*"" is optional and stands for different colors, where each * can be a letter or a number, or blank",,Indoor Ceiling Fan,Standard Fan Only,44,199.0,1.9,29.8,0.7,,3.0,0,,,,,,,,1,0,,2025-04-01,2025-03-27,"United States, Canada",ES_1113136_4LNCR44*_032720250756213_6508236,0
4016311,Visual Comfort & Co.,Monte Carlo,LAUNCETON 56,4LNCR56***,",,(each * to represent a letter, a number or blank)",,Indoor Ceiling Fan,Standard Fan Only,56,248.0,3.6,28.5,1.8,,3.0,0,,,,,,,,1,0,,2025-01-01,2025-04-17,"United States, Canada",ES_1113136_4LNCR56***_042520250731251_4689954,0
4005882,Visual Comfort & Co.,Monte Carlo,LAUNCETON 72,4LNCR72*,",,""*"" is optional and stands for different colors, where each * can be a letter or a number, or blank",,Indoor Ceiling Fan,Standard Fan Only,72,287.0,6.3,30.7,0.7,,3.0,0,,,,,,,,1,0,,2025-04-01,2025-03-27,"United States, Canada",ES_1113136_4LNCR72*_032720250925937_3563325,0
2313943,The Home Depot,Home Decorators Collection,68 Altura,68-ATRDC,"68 Altura,1001784405,; 68 Altura,1001784407,; 68 Altura,1001784408,; 68 Altura,1001784409,; 68 Altura,1001784410,; 68 Altura,68681,; 68 Altura,68682,; 68 Altura,68683,; 68 Altura,68684,; 68 Altura,68685,",,Indoor Ceiling Fan,Standard Fan Only,68,345.0,2.6,31.2,0.7,,3.0,0,,,,,,,,1,0,,2018-03-20,2018-03-26,United States,ES_31912_68-ATRDC_05052016083035_7035919,1
2364959,The Home Depot,Home Decorators Collection,"68"" Altura DC",68-ATRDC,,,Indoor Ceiling Fan,Standard Fan Only,68,407.0,2.4,37.1,0.4,,3.0,0,,,,,,,,1,0,,2021-03-01,2020-10-23,"United States, Canada",ES_31912_68-ATRDC_08252020072414_0254482,1
2368780,The Home Depot,Home Decorators Collection,"68"" Altura DC",99981,,82392999810,Indoor Ceiling Fan,Standard Fan Only,68,407.0,2.4,37.1,0.4,,3.0,0,,,,,,,,1,0,,2021-03-01,2020-10-23,"United States, Canada",ES_31912_99981_10282020080434_2274500,1
2368917,The Home Depot,Home Decorators Collection,"68"" Altura DC",99982,,82392999827,Indoor Ceiling Fan,Standard Fan Only,68,407.0,2.4,37.1,0.4,,3.0,0,,,,,,,,1,0,,2021-03-01,2020-10-23,"United States, Canada",ES_31912_99982_10282020082058_3258591,1
2368781,The Home Depot,Home Decorators Collection,"68"" Altura DC",99983,,82392999834,Indoor Ceiling Fan,Standard Fan Only,68,407.0,2.4,37.1,0.4,,3.0,0,,,,,,,,1,0,,2021-03-01,2020-10-23,"United States, Canada",ES_31912_99983_10282020083311_3991163,1
2368884,The Home Depot,Home Decorators Collection,"68"" Windward",37868,,82392378684,Indoor Ceiling Fan,Standard Fan with Light Kit,68,369.0,3.4,36.4,0.4,,3.0,0,"FUJIAN LIGHTNING OPTOELECTRONIC CO., LTD",1700.0,20.0,0.88,,82.0,54000.0,1,0,,2020-05-01,2020-10-29,"United States, Canada",ES_31912_37868_10292020031908_1548546,1
2368916,The Home Depot,Home Decorators Collection,"68"" Windward",68000,,82392680008,Indoor Ceiling Fan,Standard Fan with Light Kit,68,369.0,3.4,36.4,0.4,,3.0,0,"FUJIAN LIGHTNING OPTOELECTRONIC CO., LTD",1700.0,20.0,0.88,,82.0,54000.0,1,0,,2020-05-01,2020-10-29,"United States, Canada",ES_31912_68000_10292020031644_1404045,1
2368882,The Home Depot,Home Decorators Collection,"68"" Windward",68002,,82392680022,Indoor Ceiling Fan,Standard Fan with Light Kit,68,369.0,3.4,36.4,0.4,,3.0,0,"FUJIAN LIGHTNING OPTOELECTRONIC CO., LTD",1700.0,20.0,0.88,,82.0,54000.0,1,0,,2020-05-01,2020-10-29,"United States, Canada",ES_31912_68002_10292020031714_1434759,1
2368883,The Home Depot,Home Decorators Collection,"68"" Windward",68004,,82392680046,Indoor Ceiling Fan,Standard Fan with Light Kit,68,369.0,3.4,36.4,0.4,,3.0,0,"FUJIAN LIGHTNING OPTOELECTRONIC CO., LTD",1700.0,20.0,0.88,,82.0,54000.0,1,0,,2020-05-01,2020-10-29,"United States, Canada",ES_31912_68004_10292020031746_1466540,1
2368915,The Home Depot,Home Decorators Collection,"68"" Windward",68009,,82392680091,Indoor Ceiling Fan,Standard Fan with Light Kit,68,369.0,3.4,36.4,0.4,,3.0,0,"FUJIAN LIGHTNING OPTOELECTRONIC CO., LTD",1700.0,20.0,0.88,,82.0,54000.0,1,0,,2020-05-01,2020-10-29,"United States, Canada",ES_31912_68009_10292020031835_1515607,1
2349852,The Home Depot,Home Decorators Collection,"68"" Windward",68-WWD,,,Indoor Ceiling Fan,Standard Fan with Light Kit,68,369.0,3.4,36.4,0.4,,3.0,0,"FUJIAN LIGHTNING OPTOELECTRONIC CO., LTD",1700.0,20.0,0.88,,82.0,54000.0,1,0,,2020-05-01,2020-10-29,"United States, Canada",ES_31912_68-WWD_11182019014552_1552277,1
2368885,The Home Depot,Home Decorators Collection,"68"" Windward",72068,,82392720681,Indoor Ceiling Fan,Standard Fan with Light Kit,68,369.0,3.4,36.4,0.4,,3.0,0,"FUJIAN LIGHTNING OPTOELECTRONIC CO., LTD",1700.0,20.0,0.88,,82.0,54000.0,1,0,,2020-05-01,2020-10-29,"United States, Canada",ES_31912_72068_10292020031924_1564378,1
3629212,Visual Comfort & Co.,Generation Lighting,Cruise 60,5CUR60***,",,(*** stand for different colors, where each* can be a letter or a number, or blank)",014817651263;014817651270;014817651287,Outdoor Ceiling Fan,Standard Fan Only,60,179.3,3.9,37.5,0.7,,3.0,0,,,,,,,,1,0,,2025-01-20,2024-09-11,"United States, Canada",ES_1113136_5CUR60***_091120240625155_1478034,0
3627193,Visual Comfort & Co.,Generation Lighting,Cruise 60,5CUR60XXX,,,Outdoor Ceiling Fan,Standard Fan Only,60,179.3,3.9,37.5,0.7,,3.0,0,,,,,,,,1,0,,2025-01-20,2024-09-11,"United States, Canada",ES_1113136_5CUR60XXX_091120240333110_5324119,0
3711966,Visual Comfort & Co.,Generation Lighting,FLERA SMART 52 LED,6FLSM52***D,",,*** is optional to represent any letter or number for different colors and marketing purposes.",014817659207;014817659214;014817659221,Indoor Ceiling Fan,Standard Fan with Light Kit,52,173.0,3.3,32.8,1.2,,3.0,0,,,,,,,,1,0,,2025-03-01,2024-10-23,"United States, Canada",ES_1113136_6FLSM52***D_102220240754472_6597648,0
3721893,Visual Comfort & Co.,Generation Lighting,FLERA SMART 52 LED,6FLSM52***D,",,*** is optional to represent any letter or number for different colors and marketing purposes.",014817659207;014817659214;014817659221,Indoor Ceiling Fan,Standard Fan with Light Kit,52,173.0,3.3,32.8,1.2,,3.0,0,,,,,,,,1,0,,2025-03-01,2024-10-23,"United States, Canada",ES_1113136_6FLSM52***D_102520240249672_2628502,0
3711965,Visual Comfort & Co.,Generation Lighting,FLERA SMART 52 LED,6FLSM52XXXD,,014817659207;014817659214;014817659221,Indoor Ceiling Fan,Standard Fan with Light Kit,52,173.0,3.3,32.8,1.2,,3.0,0,,,,,,,,1,0,,2025-03-01,2024-10-23,"United States, Canada",ES_1113136_6FLSM52XXXD_102220240747836_2206145,0
3721892,Visual Comfort & Co.,Generation Lighting,FLERA SMART 52 LED,6FLSM52XXXD,,014817659207;014817659214;014817659221,Indoor Ceiling Fan,Standard Fan with Light Kit,52,173.0,3.3,32.8,1.2,,3.0,0,,,,,,,,1,0,,2025-03-01,2024-10-23,"United States, Canada",ES_1113136_6FLSM52XXXD_102520240251374_1903607,0
3711967,Visual Comfort & Co.,Generation Lighting,FLERA SMART 65 LED,8FLSM65***D,",,*** is optional to represent any letter or number for different colors and marketing purposes.",014817659238;014817659245;014817659252,Indoor Ceiling Fan,Standard Fan with Light Kit,65,229.0,2.8,34.1,1.5,,3.0,0,,,,,,,,1,0,,2025-03-01,2024-10-23,"United States, Canada",ES_1113136_8FLSM65***D_102320240139758_2928756,0
3721898,Visual Comfort & Co.,Generation Lighting,FLERA SMART 65 LED,8FLSM65***D,",,*** is optional to represent any letter or number for different colors and marketing purposes.",014817659238;014817659245;014817659252,Indoor Ceiling Fan,Standard Fan with Light Kit,65,229.0,2.8,34.1,1.5,,3.0,0,,,,,,,,1,0,,2025-03-01,2024-10-23,"United States, Canada",ES_1113136_8FLSM65***D_102520240740919_7934243,0
3711968,Visual Comfort & Co.,Generation Lighting,FLERA SMART 65 LED,8FLSM65XXXD,,014817659238;014817659245;014817659252,Indoor Ceiling Fan,Standard Fan with Light Kit,65,229.0,2.8,34.1,1.5,,3.0,0,,,,,,,,1,0,,2025-03-01,2024-10-24,"United States, Canada",ES_1113136_8FLSM65XXXD_102320240136615_5542349,0
3721897,Visual Comfort & Co.,Generation Lighting,FLERA SMART 65 LED,8FLSM65XXXD,,014817659238;014817659245;014817659252,Indoor Ceiling Fan,Standard Fan with Light Kit,65,229.0,2.8,34.1,1.5,,3.0,0,,,,,,,,1,0,,2025-03-01,2024-10-24,"United States, Canada",ES_1113136_8FLSM65XXXD_102520240740705_5845083,0
4499018,Visual Comfort & Co.,Generation Lighting,LINDEN DC 52 LED,5LDDC52***D,",,*** stand for different colors, where each * can be a letter or a number, or blank",014817624694;014817624700;014817624717;014817624724,Indoor Ceiling Fan,Hugger Fan with Light Kit,52,172.0,3.1,31.0,0.6,,3.0,0,,,,,,,,1,0,,2025-04-01,2025-09-15,"United States, Canada",ES_1113136_5LDDC52***D_091520250859139_6268757,0
4499020,Visual Comfort & Co.,Generation Lighting,LINDEN DC 52 LED,5LDDC52***D,",,*** stand for different colors, where each * can be a letter or a number, or blank",014817624694;014817624700;014817624717;014817624724,Indoor Ceiling Fan,Standard Fan with Light Kit,52,206.0,3.0,29.5,0.6,,3.0,0,,,,,,,,1,0,,2025-04-01,2025-09-15,"United States, Canada",ES_1113136_5LDDC52XXXD_090220251015925_5386701,0
4499019,Visual Comfort & Co.,Generation Lighting,LINDEN DC 52 LED,5LDDC52XXXD,,,Indoor Ceiling Fan,Standard Fan with Light Kit,52,206.0,3.0,29.5,0.6,,3.0,0,,,,,,,,1,0,,2025-04-01,2025-09-15,"United States, Canada",ES_1113136_5LDDC52XXXD_091520250856427_4925638,0
4499022,Visual Comfort & Co.,Generation Lighting,LINDEN DC 52 LED,5LDDC52XXXD,,,Indoor Ceiling Fan,Hugger Fan with Light Kit,52,172.0,3.1,31.0,0.6,,3.0,0,,,,,,,,1,0,,2025-04-01,2025-09-15,"United States, Canada",ES_1113136_5LDDC52XXXD_091520250857987_7346259,0
3845013,Visual Comfort & Co.,Generation Lighting,TITUS 32 HUGGER LED,3TTHR32***D,",,*** stand for different colors, where each * can be a letter or a number, or blank",014817658637;014817658644;014817658651,Indoor Ceiling Fan,Hugger Fan with Light Kit,32,127.0,3.7,29.7,0.9,,3.0,0,,,,,,,,1,0,,2025-04-01,2024-12-04,"United States, Canada",ES_1113136_3TTHR32***D_120320240628173_6701757,0
3845014,Visual Comfort & Co.,Generation Lighting,TITUS 32 HUGGER LED,3TTHR32XXXD,,014817658637;014817658644;014817658651,Indoor Ceiling Fan,Hugger Fan with Light Kit,32,127.0,3.7,29.7,0.9,,3.0,0,,,,,,,,1,0,,2025-04-01,2024-12-04,"United States, Canada",ES_1113136_3TTHR32XXXD_120420240543254_1770949,0
2358326,Visual Comfort & Co.,Mente Carlo,Aspen,5ASPR56*,"Aspen,56SG7-D,",14817606515;14817606522;14817606539;14817611786;14817611793;14817611809,Indoor Ceiling Fan,Standard Fan Only,56,215.0,5.2,41.4,1.7,,3.0,0,,,,,,,,1,0,,2020-06-15,2020-04-22,"United States, Canada",ES_1113136_5ASPR56*_04222020095125_9085291,0
2390184,Visual Comfort & Co.,Monte Carlo,"44"" Rozzen",3RZR44***,",,*** stands for different colors, where each * can be a letter or a number, or blank",014817624458;014817624465;014817624472;014817624489;14817624458;14817624465;14817624472;14817624489,Indoor Ceiling Fan,Standard Fan with Light Kit,44,192.0,2.1,22.0,1.1,,3.0,0,"FUJIAN LIGHTNING OPTOELECTRONIC CO., LTD",1440.0,20.0,0.97,,92.0,54000.0,1,0,,2023-01-30,2022-01-05,"United States, Canada",ES_1113136_3RZR44***_010520222132426_7575497,0
2375975,Visual Comfort & Co.,Monte Carlo,"52"" Discus Smart",5DISM52**D,",,""*"" can be any length of characters or blank",14817615722;14817615739;14817615746;14817615753,Indoor Ceiling Fan,Standard Fan with Light Kit,52,171.0,3.3,36.0,1.6,,3.0,0,"FUJIAN LIGHTNING OPTOELECTRONIC Co., LTD",1316.0,20.0,0.95,,92.0,54000.0,1,0,,2021-06-01,2021-02-19,"United States, Canada",ES_1113136_5DISM52**D_032620210833982_7379462,0
2389837,Visual Comfort & Co.,Monte Carlo,"52"" Rozzen",3RZR52***,",,*** stands for different colors, where each * can be a letter or a number, or blank",014817624496;014817624502;014817624519;014817624526;14817624496;14817624502;14817624519;14817624526;14817625806,Indoor Ceiling Fan,Standard Fan with Light Kit,52,241.0,2.4,21.4,1.1,,3.0,0,"FUJIAN LIGHTNING OPTOELECTRONIC CO., LTD",1440.0,20.0,0.97,,92.0,54000.0,1,0,,2023-04-10,2021-12-14,"United States, Canada",ES_1113136_3RZR52***_122920210205424_5523215,0
2387566,Visual Comfort & Co.,Monte Carlo,"52"" Streaming",3STMSM52***D,",,""*"" can be any letter or blank",014817619324;014817619331;014817619348;14817619324;14817619331;14817619348,Indoor Ceiling Fan,Standard Fan with Light Kit,52,194.0,3.5,30.2,1.8,,3.0,0,"FUJIAN LIGHTNING OPTOELECTRONIC Co., LTD",1733.0,20.0,0.88,,92.0,72000.0,1,0,,2022-01-20,2021-10-19,"United States, Canada",ES_1113136_3STMSM52***D_101820210625622_8020727,0
2358669,Visual Comfort & Co.,Monte Carlo,56” Atlantic,"5ATR56***D (""*"" can be any length of characters or blank)",,14817606256;14817606263;14817606270,Indoor Ceiling Fan,Standard Fan with Light Kit,56,256.0,2.1,40.3,1.5,,3.0,0,"Fujian Lightning Optoelectronic Co., Ltd.",1600.0,20.0,0.96,,91.0,54000.0,1,0,,2020-08-09,2020-04-27,"United States, Canada",ES_1113136_5ATR56***D_04282020082313_2193154,0
2360332,Visual Comfort & Co.,Monte Carlo,56” Le Mont,"4LMR56***D (""*"" can be any length of characters or blank)",",,""*"" can be any length of characters or blank",14817606287;14817606294,Indoor Ceiling Fan,Standard Fan with Light Kit,56,220.0,3.7,34.8,1.3,,3.0,0,"Fujian Lightning Optoelectronic Co., Ltd.",1600.0,20.0,0.95,,92.0,54000.0,1,0,,2020-08-09,2020-05-20,"United States, Canada",ES_1113136_4LMR56***D_05222020024835_5715862,0
2393592,Visual Comfort & Co.,Monte Carlo,"56"" Subway",4SBWR56***,",,*** stand for different colors, where each * can be a letter or a number, or blank",014817624069;014817624083;014817624090;14817624069;14817624083;14817624090,Indoor Ceiling Fan,Standard Fan Only,56,296.0,2.8,26.5,0.6,,3.0,0,,,,,,,,1,0,,2022-08-15,2022-03-01,"United States, Canada",ES_1113136_4SBWR56***_022820221905539_5088503,1
2393591,Visual Comfort & Co.,Monte Carlo,"56"" Subway",4SBWR56XXX,,14817624069;14817624083;14817624090,Indoor Ceiling Fan,Standard Fan Only,56,296.0,2.8,26.5,0.6,,3.0,0,,,,,,,,1,0,,2022-08-15,2022-03-01,"United States, Canada",ES_1113136_4SBWR56XXX_030720220303598_4669054,1
2376311,Visual Comfort & Co.,Monte Carlo,"60"" Alba",3ALBR60**D,",,""*"" can be any length of characters or blank",14817612042;14817612059;14817612066,Indoor Ceiling Fan,Standard Fan with Light Kit,60,255.0,3.0,33.9,1.0,,3.0,0,"FUJIAN LIGHTNING OPTOELECTRONIC CO., LTD",1191.0,18.0,0.97,,92.0,54000.0,1,0,,2021-07-01,2021-04-09,"United States, Canada",ES_1113136_3ALBR60XXD_042120210337160_2470684,0
2355272,Visual Comfort & Co.,Monte Carlo,60” Arezzo,3AOR60*,,14817603439;14817608519,Indoor Ceiling Fan,Standard Fan Only,60,301.0,1.8,35.3,0.7,,3.0,0,,,,,,,,1,0,,2020-06-15,2020-02-19,"United States, Canada",ES_1113136_3AOR60*_02182020092156_7716430,0
2383695,Visual Comfort & Co.,Monte Carlo,"60"" Collins",3CLNSM60***,",,(*) represents any letter or blank",014817619270;014817619287;014827619294;14817619270;14817619287;14817619294;14817642476;14817642483,Indoor Ceiling Fan,Standard Fan Only,60,235.0,4.5,28.4,1.7,,3.0,0,,,,,,,,1,0,,2021-12-30,2021-08-23,"United States, Canada",ES_1113136_3CLNSM60***_082320210220917_3282159,0
2357719,Visual Comfort & Co.,Monte Carlo,60” Cupra,3CPR60*,,14817603446;14817608526,Indoor Ceiling Fan,Standard Fan Only,60,290.0,3.1,33.5,0.7,,3.0,0,,,,,,,,1,0,,2020-06-30,2020-04-07,"United States, Canada",ES_1113136_3CPR60*_04072020071942_3982190,0
2381209,Visual Comfort & Co.,Monte Carlo,"60"" Edge Fan",3EGR60*****-RH,",,""*"" can be any letter or blank",014817608663;14817608649;14817608656;14817608663;14817608670;14817608687;14817608694,Indoor Ceiling Fan,Standard Fan Only,60,230.0,5.2,37.7,1.4,,3.0,0,,,,,,,,1,0,,2021-11-15,2021-05-31,"United States, Canada",ES_1113136_3EGR60*****-RH_061520212059528_6418626,0
2355114,Visual Comfort & Co.,Monte Carlo,60” Giarre,4GIR60*,,14817603460;14817608540,Indoor Ceiling Fan,Standard Fan Only,60,284.0,2.2,32.9,0.7,,3.0,0,,,,,,,,1,0,,2020-06-15,2020-02-21,"United States, Canada",ES_1113136_4GIR60*_02242020051611_1371096,0
2382692,Visual Comfort & Co.,Monte Carlo,"60"" Hicks",3HCKR60******D,",,""*"" can be any letter or blank",014817612028;014817612035;14817612028;14817612035,Indoor Ceiling Fan,Standard Fan with Light Kit,60,311.0,1.9,25.6,1.1,,3.0,0,"FUJIAN LIGHTNING OPTOELECTRONIC CO., LTD",1460.0,20.0,0.96,,91.0,54000.0,1,0,,2021-12-30,2021-07-21,"United States, Canada",ES_1113136_3HCKR60******D_072020210204167_4596753,1
2384328,Visual Comfort & Co.,Monte Carlo,"60"" Lowden Smart",5LWDSM60***D,",,(*) can be any letter on blank",014817619430;014817619454;014817619461;014817619478;14817619430;14817619447;14817619454;14817619461;14817619478,Indoor Ceiling Fan,Standard Fan with Light Kit,60,192.0,4.2,38.5,1.6,,3.0,0,"FUJIAN LIGHTNING OPTOELECTRONIC Co., LTD",1824.0,20.0,0.91,,92.0,72000.0,1,0,,2022-01-01,2021-09-15,"United States, Canada",ES_1113136_5LWDSM60***D_091520210335936_5550765,0
2388089,Visual Comfort & Co.,Monte Carlo,"60"" Streaming",3STMSM60***D,",,""*"" can be any letter or blank",014817619355;014817619362;014817619379;14817619355;14817619362;14817619379,Indoor Ceiling Fan,Standard Fan with Light Kit,60,235.0,3.9,30.9,1.6,,3.0,0,"FUJIAN LIGHTNING OPTOELECTRONIC Co., LTD",1733.0,20.0,0.88,,92.0,72000.0,1,0,,2022-01-20,2021-11-15,"United States, Canada",ES_1113136_3STMSM60***D_101820210618722_2770131,0
2379627,Visual Comfort & Co.,Monte Carlo,"62"" Loft",6LFR62*,",,""*"" can be any length of characters or blank",14817611748;14817611755;14817611762;14817611779,Indoor Ceiling Fan,Standard Fan with Light Kit,62,327.0,3.6,22.4,0.9,,3.0,0,"FUJIAN LIGHTNING OPTOELECTRONIC CO., LTD",1770.0,20.0,0.95,,93.0,54000.0,1,0,,2021-07-24,2021-06-10,"United States, Canada",ES_1113136_6LFR62*_052620210055846_1113405,1
2379811,Visual Comfort & Co.,Monte Carlo,"62"" Loft",6LFR62MBKD,,014817611779;14817611779,Indoor Ceiling Fan,Standard Fan with Light Kit,62,327.0,3.6,22.4,0.9,,3.0,0,"FUJIAN LIGHTNING OPTOELECTRONIC CO., LTD",1770.0,20.0,0.95,,93.0,54000.0,1,0,,2021-07-24,2021-06-10,"United States, Canada",ES_1113136_6LFR62MBKD_061820210040910_3814794,1
2379813,Visual Comfort & Co.,Monte Carlo,"62"" Loft",6LFR62RZWBBSD,,014817611755;14817611755,Indoor Ceiling Fan,Standard Fan with Light Kit,62,327.0,3.6,22.4,0.9,,3.0,0,"FUJIAN LIGHTNING OPTOELECTRONIC CO., LTD",1770.0,20.0,0.95,,93.0,54000.0,1,0,,2021-07-24,2021-06-10,"United States, Canada",ES_1113136_6LFR62RZWBBSD_061820210041190_9826995,1
2379812,Visual Comfort & Co.,Monte Carlo,"62"" Loft",6LFR62RZWD,,014817611762;14817611762,Indoor Ceiling Fan,Standard Fan with Light Kit,62,327.0,3.6,22.4,0.9,,3.0,0,"FUJIAN LIGHTNING OPTOELECTRONIC CO., LTD",1770.0,20.0,0.95,,93.0,54000.0,1,0,,2021-07-24,2021-06-10,"United States, Canada",ES_1113136_6LFR62RZWD_061820210042100_6163506,1
2318570,Visual Comfort & Co.,Monte Carlo,62SGZ-L,62SGZ-L,",14PRR62*****,; ,14PRR62*****-*#,; ,14PRR62****,; ,14PRR62****-*#,; ,14PRR62***,; ,14PRR62***-*#,; ,14PRR62AGPD,; ,62SGZ-L-D,; ,PRAIRIE,",14817576726;14817587944,Indoor Ceiling Fan,Standard Fan with Light Kit,62,220.1,4.1,34.2,0.9,,3.0,0,"Hongli Zhihui Group Co.,Ltd.",1239.0,15.0,0.91,,91.0,50000.0,1,0,,2018-03-21,2018-04-06,United States,ES_1113136_62SGZ-L_03222018172233_7864801,0
2377635,Visual Comfort & Co.,Monte Carlo,"70"" ASPEN",5ASPR70*,",,""*"" can be any length of characters or blank",14817611816;14817611823;14817611830;14817611847;14817611854;14817611861,Indoor Ceiling Fan,Standard Fan Only,70,211.0,3.3,37.4,0.9,,3.0,0,,,,,,,,1,0,,2021-06-28,2021-04-22,"United States, Canada",ES_1113136_5ASPR70*_042220210534195_5931918,0
2382690,Visual Comfort & Co.,Monte Carlo,"70"" ASPEN",5ASPR70*D,",,""*"" can be any length of characters or blank",014817611816;014817611823;014817611830;014817611847;014817611854;14817611816;14817611823;14817611830;14817611847;14817611854;14817611861,Indoor Ceiling Fan,Standard Fan with Light Kit,70,211.0,3.3,37.4,0.9,,3.0,0,"FUJIAN LIGHTNING OPTOELECTRONIC CO., LTD",1010.0,15.0,0.95,,90.0,54000.0,1,0,,2021-06-30,2021-07-14,"United States, Canada",ES_1113136_5ASPR70*D_070920210403908_5344946,0
2379624,Visual Comfort & Co.,Monte Carlo,"72"" Loft",6LFR72*,",,""*"" can be any length of characters or blank",14817611700;14817611717;14817611724;14817611731,Indoor Ceiling Fan,Standard Fan with Light Kit,72,288.0,3.6,33.2,0.9,,3.0,0,"FUJIAN LIGHTNING OPTOELECTRONIC CO., LTD",1770.0,20.0,0.95,,93.0,54000.0,1,0,,2021-07-24,2021-06-08,"United States, Canada",ES_1113136_6LFR72*_060120212223987_7490920,0
2379570,Visual Comfort & Co.,Monte Carlo,"72"" Loft",6LFR72MBKD,,014817611731;14817611731,Indoor Ceiling Fan,Standard Fan with Light Kit,72,288.0,3.6,33.2,0.9,,3.0,0,"FUJIAN LIGHTNING OPTOELECTRONIC CO., LTD",1770.0,20.0,0.95,,93.0,54000.0,1,0,,2021-07-24,2021-06-08,"United States, Canada",ES_1113136_6LFR72MBKD_060820210440198_4897555,0
2379574,Visual Comfort & Co.,Monte Carlo,"72"" Loft",6LFR72RZWBBSD,,014817611717;14817611717,Indoor Ceiling Fan,Standard Fan with Light Kit,72,288.0,3.6,33.2,0.9,,3.0,0,"FUJIAN LIGHTNING OPTOELECTRONIC CO., LTD",1770.0,20.0,0.95,,93.0,54000.0,1,0,,2021-07-24,2021-06-08,"United States, Canada",ES_1113136_6LFR72RZWBBSD_060820210441783_3950429,0
2353847,WAC Lighting,Modern Forms,70 Aviator,70WAA,"70 Aviator,FR-W1811-70,",,Outdoor Ceiling Fan,Standard Fan Only,70,306.0,5.1,40.2,1.4,,3.0,0,,,,,,,,1,0,,2020-02-29,2020-01-19,"United States, Canada",ES_22491_70WAA_01202020061443_0883132,0
2406329,WAC Lighting,Modern Forms,Aura,FR-W2303-72L,,,"Outdoor Ceiling Fan,Indoor Ceiling Fan",Standard Fan with Light Kit,72,250.0,8.5,43.1,1.4,,3.0,0,Seoul Semiconductor Co Ltd.,1887.0,20.0,0.92,,93.0,54000.0,1,0,,2023-01-15,2022-12-23,"United States, Canada",ES_22491_FR-W2303-72L_122320220919850_2654920,0
2406330,WAC Lighting,Modern Forms,Aura,FR-W2303-72L-***/***,,197179000259;197179000266;197179000273,"Outdoor Ceiling Fan,Indoor Ceiling Fan",Standard Fan with Light Kit,72,250.0,8.5,43.1,1.4,,3.0,0,Seoul Semiconductor Co Ltd.,1887.0,20.0,0.92,,93.0,54000.0,1,0,,2023-01-15,2022-12-23,"United States, Canada",ES_22491_FR-W2303-72L-***/***_122620220905743_9901192,0
2366495,WAC Lighting,Modern Forms,AVIATOR 5 - 54,FR-W1811-5-**,",,54WAA-5 (""*"" can be any length of characters or blank)",,Indoor Ceiling Fan,Standard Fan Only,54,238.0,4.7,36.2,1.5,,3.0,0,,,,,,,,1,0,,2020-09-01,2020-09-30,"United States, Canada",ES_22491_FR-W1811-5-**_07082020063813_0293185,0
2366677,WAC Lighting,Modern Forms,AVIATOR 5 - 54 FLUSH,FH-W1811-5-**,"AVIATOR 5 - 54 FLUSH,54WAAF-5,",,Indoor Ceiling Fan,Standard Fan Only,54,198.0,4.8,38.3,1.5,,3.0,0,,,,,,,,1,0,,2020-09-01,2020-10-05,"United States, Canada",ES_22491_FH-W1811-5-**_10052020084309_7389907,0
2368680,WAC Lighting,Modern Forms,Axis,FR-W1803-44L,",,FR-W1803-44L* (""*"" can be any length of characters or blank)",,Outdoor Ceiling Fan,Hugger Fan with Light Kit,44,207.0,3.8,17.3,1.3,,3.0,0,"Seoul Demiconductor Co., Ltd",1440.0,20.0,0.9,,93.0,50000.0,1,0,,2021-01-01,2020-10-26,"United States, Canada",ES_22491_FR-W1803-44L_10262020020943_8183642,1
2358274,WAC Lighting,Modern Forms,Axis,FR-W1803-52L,",,FR-W1803-52L-* (""*"" can be any length of characters or blank)",,Outdoor Ceiling Fan,Standard Fan with Light Kit,52,185.0,3.8,28.7,1.8,,3.0,0,"Seoul Demiconductor Co., Ltd",1440.0,20.0,0.9,,93.0,50000.0,1,0,,2018-08-01,2020-04-21,"United States, Canada",ES_22491_FR-W1803-52L_04212020052148_6508326,0
2367595,WAC Lighting,Modern Forms,Axis Flush,FH-W1803-44L,",,FH-W1803-44L* (""*"" can be any length of characters or blank)",,Outdoor Ceiling Fan,Hugger Fan with Light Kit,44,177.0,4.2,20.7,1.4,,3.0,0,"Seoul Demiconductor Co., Ltd",1440.0,20.0,0.9,,93.0,50000.0,1,0,,2021-01-01,2020-10-20,"United States, Canada",ES_22491_FH-W1803-44L_10202020092109_5669344,0
2358273,WAC Lighting,Modern Forms,Axis Flush,FH-W1803-52L,",,FH-W1803-52L-* (""*"" can be any length of character or blank)",,Outdoor Ceiling Fan,Hugger Fan with Light Kit,52,163.0,3.9,30.0,1.6,,3.0,0,"Seoul Demiconductor Co., Ltd",1440.0,20.0,0.9,,93.0,50000.0,1,0,,2018-08-01,2020-04-21,"United States, Canada",ES_22491_FH-W1803-52L_04212020034821_0901699,0
3619530,WAC Lighting,Modern Forms,Ceiling Fan,F-036L-**,",,""**"" stands for different colors, where each “*”can be a letter or a number, or blank",790576819686;790576819693;790576819709,"Outdoor Ceiling Fan,Indoor Ceiling Fan",Hugger Fan Only,44,163.0,,25.4,1.4,,5.0,0,,,,,,,,1,1,"Bluetooth,Wi-Fi",2024-07-30,2024-07-30,"United States, Canada",ES_22491_F-036L-**_07302024000000_9853416,0
3543463,WAC Lighting,Modern Forms,Ceiling Fan,FR-W2403-65-**,,,"Outdoor Ceiling Fan,Indoor Ceiling Fan",Standard Fan Only,65,229.0,,33.4,1.5,,5.0,0,,,,,,,,1,1,"Bluetooth,Wi-Fi",2024-06-07,2024-06-07,"United States, Canada",ES_22491_FR-W2403-65-** _06072024000000_3961288,0
3543462,WAC Lighting,Modern Forms,Ceiling Fan,FR-W2403-65L-**,,,"Outdoor Ceiling Fan,Indoor Ceiling Fan",Standard Fan Only,65,229.0,,33.4,1.5,,5.0,0,,,,,,,,1,1,"Bluetooth,Wi-Fi",2024-06-07,2024-06-07,"United States, Canada",ES_22491_FR-W2403-65L-**_06072024000000_2469988,0
3543467,WAC Lighting,Modern Forms,Ceiling Fan,FR-W2403-84-**,,,"Outdoor Ceiling Fan,Indoor Ceiling Fan",Standard Fan Only,84,232.0,,50.3,1.4,,5.0,0,,,,,,,,1,1,"Bluetooth,Wi-Fi",2024-06-07,2024-06-07,"United States, Canada",ES_22491_FR-W2403-84-** _06072024000000_2057906,0
3543466,WAC Lighting,Modern Forms,Ceiling Fan,FR-W2403-84L-**,,,"Outdoor Ceiling Fan,Indoor Ceiling Fan",Standard Fan Only,84,232.0,,50.3,1.4,,5.0,0,,,,,,,,1,1,"Bluetooth,Wi-Fi",2024-06-07,2024-06-07,"United States, Canada",ES_22491_FR-W2403-84L-**_06072024000000_4975897,0
2388690,WAC Lighting,Modern Forms,CORONA 44,FH-W2203-44,,790576944203;790576944210,Outdoor Ceiling Fan,Standard Fan Only,44,134.2,3.3,28.7,1.5,,3.0,0,,,,,,,,1,0,,2022-02-01,2021-11-23,"United States, Canada",ES_22491_FH-W2203-44_112320210107453_3067729,0
2388688,WAC Lighting,Modern Forms,CORONA 44,FH-W2203-44-***,",,(*** stands for different colors, where each * can be a letter or a number, or blank)",790576944203;790576944210,Outdoor Ceiling Fan,Standard Fan Only,44,134.2,3.3,28.7,1.5,,3.0,0,,,,,,,,1,0,,2022-02-01,2021-11-23,"United States, Canada",ES_22491_FH-W2203-44-***_120120210022145_3506679,0
2388689,WAC Lighting,Modern Forms,CORONA 44,FH-W2203-44-***-***,",,(*** stands for different colors, where each * can be a letter or a number, or blank)",790576944203;790576944210,Outdoor Ceiling Fan,Standard Fan Only,44,134.2,3.3,28.7,1.5,,3.0,0,,,,,,,,1,0,,2022-02-01,2021-11-23,"United States, Canada",ES_22491_FH-W2203-44-***-***_120120210022709_3229866,0
2393195,WAC Lighting,Modern Forms,CORONA 44,FH-W2203-44L,,790576944203;790576944210,Indoor Ceiling Fan,Standard Fan with Light Kit,44,134.2,3.3,28.7,1.5,,3.0,0,WAC Lighting Co,1800.0,19.5,0.89,,93.0,50000.0,1,0,,2022-02-15,2022-02-22,"United States, Canada",ES_22491_FH-W2203-44L_011020222136598_3713961,0
2393197,WAC Lighting,Modern Forms,CORONA 44,FH-W2203-44L-***,",,(**stands for different colors, where each * can be a letter or a number, or blank)",790576944203;790576944210,Indoor Ceiling Fan,Standard Fan with Light Kit,44,134.2,3.3,28.7,1.5,,3.0,0,WAC Lighting Co,1800.0,19.5,0.89,,93.0,50000.0,1,0,,2022-02-15,2022-02-22,"United States, Canada",ES_22491_FH-W2203-44L-***_022120222148520_8398451,0
2393196,WAC Lighting,Modern Forms,CORONA 44,FH-W2203-44L-***-***,",,(***stands for different colors, where each * can be a letter or a number, or blank)",790576944203;790576944210,Indoor Ceiling Fan,Standard Fan with Light Kit,44,134.2,3.3,28.7,1.5,,3.0,0,WAC Lighting Co,1800.0,19.5,0.89,,93.0,50000.0,1,0,,2022-02-15,2022-02-22,"United States, Canada",ES_22491_FH-W2203-44L-***-***_022120222149370_2937486,0
2388585,WAC Lighting,Modern Forms,CORONA 52,FH-W2203-52,,790576944227;790576944234,Outdoor Ceiling Fan,Standard Fan Only,52,174.4,3.5,28.8,1.4,,3.0,0,,,,,,,,1,0,,2022-02-01,2021-11-23,"United States, Canada",ES_22491_FH-W2203-52_112320210041633_4545645,0
2388590,WAC Lighting,Modern Forms,CORONA 52,FH-W2203-52-***,",,*** stands for different colors, where each * can be a letter or a number, or blank",790576944227;790576944234,Outdoor Ceiling Fan,Standard Fan Only,52,174.4,3.5,28.8,1.4,,3.0,0,,,,,,,,1,0,,2022-02-01,2021-11-23,"United States, Canada",ES_22491_FH-W2203-52-***_113020210122482_2960120,0
2388589,WAC Lighting,Modern Forms,CORONA 52,FH-W2203-52-***-***,",,*** stands for different colors, where each * can be a letter or a number, or blank",790576944227;790576944234,Outdoor Ceiling Fan,Standard Fan Only,52,174.4,3.5,28.8,1.4,,3.0,0,,,,,,,,1,0,,2022-02-01,2021-11-23,"United States, Canada",ES_22491_FH-W2203-52-***-***_113020210122107_9648331,0
2391651,WAC Lighting,Modern Forms,CORONA 52,FH-W2203-52L,,790576944227;790576944234,Indoor Ceiling Fan,Standard Fan with Light Kit,52,174.4,3.5,28.8,1.4,,3.0,0,WAC Lighting Co,1800.0,19.5,0.89,,93.0,50000.0,1,0,,2022-02-15,2022-01-11,"United States, Canada",ES_22491_FH-W2203-52L_011020222110203_7095497,0
2391652,WAC Lighting,Modern Forms,CORONA 52,FH-W2203-52L-***,",,(*** stands for different colors, where each * can be a letter or a number, or blank)",790576944227;790576944234,Indoor Ceiling Fan,Standard Fan with Light Kit,52,174.4,3.5,28.8,1.4,,3.0,0,WAC Lighting Co,1800.0,19.5,0.89,,93.0,50000.0,1,0,,2022-02-15,2022-01-11,"United States, Canada",ES_22491_FH-W2203-52L-***_012520220543870_1262613,0
2391653,WAC Lighting,Modern Forms,CORONA 52,FH-W2203-52L-***-***,",,(*** stands for different colors, where each * can be a letter or a number, or blank)",790576944227;790576944234,Indoor Ceiling Fan,Standard Fan with Light Kit,52,174.4,3.5,28.8,1.4,,3.0,0,WAC Lighting Co,1800.0,19.5,0.89,,93.0,50000.0,1,0,,2022-02-15,2022-01-11,"United States, Canada",ES_22491_FH-W2203-52L-***-***_012520220543819_8719128,0
2856302,WAC Lighting,Modern Forms,FR-W2303-60L-**,FR-W2303-60L-**,",,“**” stands for different colors, where each “*” can be a letter or a number, or blank",,"Outdoor Ceiling Fan,Indoor Ceiling Fan",Standard Fan Only,60,204.7,6.9,35.1,1.4,,5.0,0,,,,,,,,1,0,,2023-12-13,2023-12-13,"United States, Canada",ES_22491_FR-W2303-60L-**_12132023000000_0929216,0
2856303,WAC Lighting,Modern Forms,FR-W2401-62L-**,FR-W2401-62L-**,",,“**” stands for different colors, where each “*” can be a letter or a number, or blank",,"Outdoor Ceiling Fan,Indoor Ceiling Fan",Standard Fan Only,62,210.0,6.6,33.7,1.4,,5.0,0,,,,,,,,1,0,,2023-12-13,2023-12-13,"United States, Canada",ES_22491_FR-W2401-62L-**_12132023000000_0683917,0
2856304,WAC Lighting,Modern Forms,FR-W2404-60L-**,FR-W2404-60L-**,",,“**” stands for different colors, where each “*” can be a letter or a number, or blank",,"Outdoor Ceiling Fan,Indoor Ceiling Fan",Standard Fan Only,60,242.7,3.6,22.5,1.4,,5.0,0,,,,,,,,1,0,,2023-12-13,2023-12-13,"United States, Canada",ES_22491_FR-W2404-60L-**_12132023000000_7150490,0
2358843,WAC Lighting,Modern Forms,Lotus,FR-W1809-54L,",,FR-W18093-54L-* (""*"" can be any length of characters or blank)",,Outdoor Ceiling Fan,Standard Fan with Light Kit,54,278.0,3.9,17.1,1.6,,3.0,0,"Seoul Demiconductor Co., Ltd",1050.0,15.0,0.88,,93.0,50000.0,1,0,,2018-08-01,2020-04-30,"United States, Canada",ES_22491_FR-W1809-54L_04302020033026_7426189,0
2405261,WAC Lighting,Modern Forms,Lucid,FR-W2304-62L,,,"Outdoor Ceiling Fan,Indoor Ceiling Fan",Standard Fan with Light Kit,62,214.0,4.2,31.1,1.4,,3.0,0,Seoul Semiconductor Co Ltd.,1952.0,20.0,0.92,,93.0,54000.0,1,0,,2023-01-01,2022-11-28,"United States, Canada",ES_22491_FR-W2304-62L_120220220507526_4288610,0
2405260,WAC Lighting,Modern Forms,Lucid,FR-W2304-62L-***/***,",,*** is optional to represent any letter or digits for different color and marketing purpose",197179000341;197179000358,"Outdoor Ceiling Fan,Indoor Ceiling Fan",Standard Fan with Light Kit,62,214.0,4.2,31.1,1.4,,3.0,0,Seoul Semiconductor Co Ltd.,1952.0,20.0,0.92,,93.0,54000.0,1,0,,2023-01-01,2022-11-28,"United States, Canada",ES_22491_FR-W2304-62L-***/***_112520220820399_4028433,0
2366678,WAC Lighting,Modern Forms,Mod,F-054L,"Mod,F-054L*,F-054L* (""*"" can be any length of characters or blank)",,Outdoor Ceiling Fan,Standard Fan with Light Kit,54,266.0,5.7,24.2,1.2,,3.0,0,"Seoul Demiconductor Co., Ltd",2200.0,25.0,0.9,,93.0,50000.0,1,0,,2020-12-31,2020-10-04,"United States, Canada",ES_22491_F-054L_10052020091512_9312494,0
4001283,WAC Lighting,Modern Forms,Modern Forms Fan,FH-W2502-52-**,",,where * may be a letter, a number, or blank to denote different color",,Outdoor Ceiling Fan,Hugger Fan Only,52,152.1,2.3,33.7,1.4,,3.0,0,,,,,,,,1,0,,2025-02-26,2025-03-20,"United States, Canada",ES_22491_FH-W2502-52-**_032020250740377_7447811,0
4001284,WAC Lighting,Modern Forms,Modern Forms Fan,FH-W2502-52L-**,",,where * may be a letter, a number, or blank to denote different color",197179094043;197179094050;197179094067;197179094074;197179094081,Outdoor Ceiling Fan,Hugger Fan Only,52,152.1,2.3,33.7,1.4,,3.0,0,,,,,,,,1,0,,2025-02-26,2025-03-20,"United States, Canada",ES_22491_FH-W2502-52L-**_031020250259193_5114434,0
4001258,WAC Lighting,Modern Forms,Modern Forms Fan,FR-D2504-60-**,",,where * may be a letter, a number, or blank to denote different color",197179102977;197179102984;197179102991;197179103004;197179103035;197179103042;197179103059;197179106784;197179106791;197179106807,Indoor Ceiling Fan,Standard Fan Only,60,188.8,2.5,40.5,1.5,,3.0,0,,,,,,,,1,0,,2025-02-26,2025-03-20,"United States, Canada",ES_22491_FR-D2504-60-**_032020250803210_7199352,0
4001257,WAC Lighting,Modern Forms,Modern Forms Fan,FR-D2504-60L-**,",,where * may be a letter, a number, or blank to denote different color",197179102946;197179102953;197179102960;197179103011;197179103028;197179103066;197179103073;197179106814;197179106821;197179106838,Indoor Ceiling Fan,Standard Fan Only,60,188.8,2.5,40.5,1.5,,3.0,0,,,,,,,,1,0,,2025-02-26,2025-03-20,"United States, Canada",ES_22491_FR-D2504-60L-**_032020250753386_1444995,0
4001273,WAC Lighting,Modern Forms,Modern Forms Fan,FR-D2504-72-**,",,where * may be a letter, a number, or blank to denote different color",197179103080;197179103127;197179103134;197179103141;197179103189;197179103196;197179103288;197179106845;197179106852;197179106869,Indoor Ceiling Fan,Standard Fan Only,72,219.4,3.1,39.3,1.5,,3.0,0,,,,,,,,1,0,,2025-02-26,2025-03-20,"United States, Canada",ES_22491_FR-D2504-72-**_032020250817782_5060532,0
4001274,WAC Lighting,Modern Forms,Modern Forms Fan,FR-D2504-72L-**,",,where * may be a letter, a number, or blank to denote different color",197179103097;197179103103;197179103110;197179103158;197179103172;197179103202;197179103219;197179106876;197179106883;197179106890,Indoor Ceiling Fan,Standard Fan Only,72,219.4,3.1,39.3,1.5,,3.0,0,,,,,,,,1,0,,2025-02-26,2025-03-20,"United States, Canada",ES_22491_FR-D2504-72L-**_032020250816725_7692252,0
4012663,WAC Lighting,Modern Forms,Modern Forms Fan,FR-W2006-72-**,",,where * may be a letter, a number, or blank to denote different color",,Outdoor Ceiling Fan,Standard Fan Only,72,262.7,8.2,33.0,1.5,,3.0,0,,,,,,,,1,0,,2025-02-26,2025-04-10,"United States, Canada",ES_22491_FR-W2006-72L-**_031020250324464_3812962,0
4012662,WAC Lighting,Modern Forms,Modern Forms Fan,FR-W2006-72L-**,",,where * may be a letter, a number, or blank to denote different color",197179075820;197179076070;790576794068;790576794075,Outdoor Ceiling Fan,Standard Fan Only,72,262.7,8.2,33.0,1.5,,3.0,0,,,,,,,,1,0,,2025-02-26,2025-04-10,"United States, Canada",ES_22491_FR-W2006-72L-**_041020250838929_6150066,0
3891937,WAC Lighting,Modern Forms,Modern Forms Fan,FR-W2501-56-**,",,where * may be a letter, a number, or blank to denote different color",197179065920;197179065937;197179092490,Outdoor Ceiling Fan,Standard Fan Only,56,192.9,2.5,29.7,1.7,,3.0,0,,,,,,,,1,0,,2024-11-21,2024-12-18,"United States, Canada",ES_22491_FR-W2501-56-**_121820240216327_6049689,0
3891936,WAC Lighting,Modern Forms,Modern Forms Fan,FR-W2501-56L-**,",,where * may be a letter, a number, or blank to denote different color",197179065906;197179065913;197179092506,Outdoor Ceiling Fan,Standard Fan Only,56,192.9,2.5,29.7,1.7,,3.0,0,,,,,,,,1,0,,2024-11-21,2024-12-18,"United States, Canada",ES_22491_FR-W2501-56L-**_121820240223282_5475247,0
3891939,WAC Lighting,Modern Forms,Modern Forms Fan,FR-W2502-52-**,",,where * may be a letter, a number, or blank to denote different color",197179067252;197179067269;197179077879;197179077886,Outdoor Ceiling Fan,Standard Fan Only,52,187.4,2.2,27.3,1.4,,3.0,0,,,,,,,,1,0,,2024-11-21,2024-12-18,"United States, Canada",ES_22491_FR-W2502-52-**_121820240316377_4002478,0
3891940,WAC Lighting,Modern Forms,Modern Forms Fan,FR-W2502-52L-**,",,where * may be a letter, a number, or blank to denote different color",197179067238;197179067245;197179076087;197179076094;197179089285,Outdoor Ceiling Fan,Standard Fan Only,52,187.4,2.2,27.3,1.4,,3.0,0,,,,,,,,1,0,,2024-11-21,2024-12-18,"United States, Canada",ES_22491_FR-W2502-52L-**_121820240317702_3276774,0
4001286,WAC Lighting,Modern Forms,Modern Forms Fan,FR-W2503-54-**,",,where * may be a letter, a number, or blank to denote different color",,Outdoor Ceiling Fan,Standard Fan Only,54,208.5,2.1,24.6,1.5,,3.0,0,,,,,,,,1,0,,2025-02-26,2025-03-20,"United States, Canada",ES_22491_FR-W2503-54-**_032020250748969_5617761,0
4001285,WAC Lighting,Modern Forms,Modern Forms Fan,FR-W2503-54L-**,",,where * may be a letter, a number, or blank to denote different color",197179104360;197179104377;197179104384;197179104391,Outdoor Ceiling Fan,Standard Fan Only,54,208.5,2.1,24.6,1.5,,3.0,0,,,,,,,,1,0,,2025-02-26,2025-03-20,"United States, Canada",ES_22491_FR-W2503-54L-**_03102025031590_1724735,0
2358413,WAC Lighting,Modern Forms,Mykonos,FR-W1819-52L,"Mykonos,FR-W1819-52L-*,",,Outdoor Ceiling Fan,Standard Fan with Light Kit,52,177.0,3.8,36.1,1.4,,3.0,0,"Seoul Demiconductor Co., Ltd",1050.0,15.0,0.88,,93.0,50000.0,1,0,,2018-11-01,2020-04-23,"United States, Canada",ES_22491_FR-W1819-52L_04232020061204_2324696,0
2370854,WAC Lighting,Modern Forms,Mykonos 5,FR-W2008-60L,"Mykonos 5,FR-W2008-60L-*,(""*"" can be any length of characters or blank)",,Outdoor Ceiling Fan,Standard Fan with Light Kit,60,193.0,6.3,45.6,1.5,,3.0,0,"Seoul Demiconductor Co., Ltd",1050.0,15.0,0.88,,93.0,50000.0,1,0,,2021-03-01,2020-11-26,"United States, Canada",ES_22491_FR-W2008-60L_120120200149295_6943108,0
2358158,WAC Lighting,Modern Forms,Roboto,FR-W1910-52L,",,FR-W1910-52L-* (""*"" can be any length of characters or blank)",,Outdoor Ceiling Fan,Standard Fan Only,52,160.0,4.0,39.1,1.5,,3.0,0,,,,,,,,1,0,,2019-04-01,2020-04-17,"United States, Canada",ES_22491_FR-W1910-52L_04172020075903_0343807,0
2358241,WAC Lighting,Modern Forms,Roboto,FR-W1910-62L,"Roboto,FR-W1910-62L-*,",,Outdoor Ceiling Fan,Standard Fan Only,62,220.0,4.5,39.2,1.5,,3.0,0,,,,,,,,1,0,,2019-03-31,2020-04-16,"United States, Canada",ES_22491_FR-W1910-62L_04202020092806_4886999,0
2404989,WAC Lighting,Modern Forms,Roboto XL,FR-W2301-70,,,Outdoor Ceiling Fan,Standard Fan Only,70,189.6,4.4,44.8,1.4,,3.0,0,,,,,,,,1,0,,2023-01-01,2022-11-23,"United States, Canada",ES_22491_FR-W2301-70_112320220202652_6295934,0
2404990,WAC Lighting,Modern Forms,Roboto XL,FR-W2301-70-**,",,(** stands for different colors, where each * can be a letter or a number, or blank)",197179015178;790576964409;790576964416,Outdoor Ceiling Fan,Standard Fan Only,70,189.6,4.4,44.8,1.4,,3.0,0,,,,,,,,1,0,,2023-01-01,2022-11-23,"United States, Canada",ES_22491_FR-W2301-70-**_112920220148989_2536070,0
2404963,WAC Lighting,Modern Forms,Roboto XL,FR-W2301-70L,,,Outdoor Ceiling Fan,Standard Fan with Light Kit,70,189.6,4.4,44.8,1.4,,3.0,0,WAC Lighting Co,1600.0,20.0,0.91,,94.0,50000.0,1,0,,2023-01-01,2022-11-23,"United States, Canada",ES_22491_FR-W2301-70L_112320220236861_1663176,0
2404964,WAC Lighting,Modern Forms,Roboto XL,FR-W2301-70L-**,",,(** stands for different colors, where each * can be a letter or a number, or blank)",197179015192;790576964461;790576964478,Outdoor Ceiling Fan,Standard Fan with Light Kit,70,189.6,4.4,44.8,1.4,,3.0,0,WAC Lighting Co,1600.0,20.0,0.91,,94.0,50000.0,1,0,,2023-01-01,2022-11-23,"United States, Canada",ES_22491_FR-W2301-70L-**_112820220829989_1136408,0
2392914,WAC Lighting,Modern Forms,SKYLARK,FR-W2202-54L,,790576944593;790576944609;790576944616,Indoor Ceiling Fan,Standard Fan with Light Kit,54,191.0,3.5,27.8,1.4,,3.0,0,WAC Lighting Co,1670.0,19.5,0.89,,94.0,50000.0,1,0,,2022-02-15,2022-01-11,"United States, Canada",ES_22491_FR-W2202-54L_011020221959771_9634404,0
2392915,WAC Lighting,Modern Forms,SKYLARK,FR-W2202-54L-***,",,(***stands for different colors, where each * can be a letter or a number, or blank)",790576944593;790576944609;790576944616,Indoor Ceiling Fan,Standard Fan with Light Kit,54,191.0,3.5,27.8,1.4,,3.0,0,WAC Lighting Co,1670.0,19.5,0.89,,94.0,50000.0,1,0,,2022-02-15,2022-01-11,"United States, Canada",ES_22491_FR-W2202-54L-***_021020220040459_8182152,0
3994370,Visual Comfort & Co.,Visual Comfort & Co,CLEANCUT SMART 54 LED,3CCSM54***D,",,(*** stand for different colors, where each* can be a letter or a number, or blank)",014817658965;014817658972,Indoor Ceiling Fan,Standard Fan Only,54,189.6,3.8,28.9,1.4,,3.0,0,,,,,,,,1,0,,2025-05-01,2025-02-11,"United States, Canada",ES_1113136_3CCSM54***D_021120250829100_5307638,0
3994369,Visual Comfort & Co.,Visual Comfort & Co,CLEANCUT SMART 54 LED,3CCSM54XXXD,,,Indoor Ceiling Fan,Standard Fan Only,54,189.6,3.8,28.9,1.4,,3.0,0,,,,,,,,1,0,,2025-05-01,2025-02-11,"United States, Canada",ES_1113136_3CCSM54XXXD_020720250940217_5369355,0
3994399,Visual Comfort & Co.,Visual Comfort & Co,CLEANCUT SMART 62 LED,3CCSM62***D,",,(*** stand for different colors, where each* can be a letter or a number, or blank)",014817658989;014817658996,Indoor Ceiling Fan,Standard Fan Only,62,292.8,4.0,27.2,1.3,,3.0,0,,,,,,,,1,0,,2025-05-01,2025-02-12,"United States, Canada",ES_1113136_3CCSM62***D_021220250054571_2015948,0
3994398,Visual Comfort & Co.,Visual Comfort & Co,CLEANCUT SMART 62 LED,3CCSM62XXXD,,,Indoor Ceiling Fan,Standard Fan Only,62,292.8,4.0,27.2,1.3,,3.0,0,,,,,,,,1,0,,2025-05-01,2025-02-12,"United States, Canada",ES_1113136_3CCSM62XXXD_02122025005559_5025889,0
3994375,Visual Comfort & Co.,Visual Comfort & Co,COLGIN 44 HUGGER LED,3CGHR44***D,",,(*** stand for different colors, where each* can be a letter or a number, or blank)",014817659115;014817659122;014817659139,Indoor Ceiling Fan,Hugger Fan Only,44,179.5,1.4,24.4,0.3,,3.0,0,,,,,,,,1,0,,2025-04-30,2025-02-11,"United States, Canada",ES_1113136_3CGHR44***D_021120250919639_8855340,0
3994376,Visual Comfort & Co.,Visual Comfort & Co,COLGIN 44 HUGGER LED,3CGHR44XXXD,,,Indoor Ceiling Fan,Hugger Fan Only,44,179.5,1.4,24.4,0.3,,3.0,0,,,,,,,,1,0,,2025-04-30,2025-02-11,"United States, Canada",ES_1113136_3CGHR44XXXD_020620250331833_7073675,0
3994263,Visual Comfort & Co.,Visual Comfort & Co,COLGIN 44 LED,3CGR44***D,",,(*** stand for different colors, where each* can be a letter or a number, or blank)",014817659085;014817659092;014817659108,Indoor Ceiling Fan,Standard Fan Only,44,191.3,1.3,24.3,0.3,,3.0,0,,,,,,,,1,0,,2025-04-30,2025-02-07,"United States, Canada",ES_1113136_3CGR44***D_020720250648564_2606127,0
3994264,Visual Comfort & Co.,Visual Comfort & Co,COLGIN 44 LED,3CGR44XXXD,,,Indoor Ceiling Fan,Standard Fan Only,44,191.3,1.3,24.3,0.3,,3.0,0,,,,,,,,1,0,,2025-04-30,2025-02-07,"United States, Canada",ES_1113136_3CGR44XXXD_020620250203504_4487492,0
3994327,Visual Comfort & Co.,Visual Comfort & Co,COLGIN 56 LED,3CGR56***D,",,(*** stand for different colors, where each* can be a letter or a number, or blank)",014817659146;014817659153;014817659160,Indoor Ceiling Fan,Standard Fan Only,56,227.2,5.2,32.2,0.7,,3.0,0,,,,,,,,1,0,,2025-05-15,2025-02-10,"United States, Canada",ES_1113136_3CGR56***D_021020250634244_3439212,0
3994326,Visual Comfort & Co.,Visual Comfort & Co,COLGIN 56 LED,3CGR56XXXD,,,Indoor Ceiling Fan,Standard Fan Only,56,227.2,5.2,32.2,0.7,,3.0,0,,,,,,,,1,0,,2025-05-15,2025-02-10,"United States, Canada",ES_1113136_3CGR56XXXD_021020250634336_7766248,0
3994253,Visual Comfort & Co.,Visual Comfort & Co,COLGIN HUGGER 56 LED,3CGHR56***D,",,(*** stand for different colors, where each* can be a letter or a number, or blank)",014817659177;014817659184;014817659191,Indoor Ceiling Fan,Hugger Fan Only,56,203.8,5.1,32.0,0.7,,3.0,0,,,,,,,,1,0,,2025-05-15,2025-02-07,"United States, Canada",ES_1113136_3CGHR56***D_02072025052647_8450390,1
3994254,Visual Comfort & Co.,Visual Comfort & Co,COLGIN HUGGER 56 LED,3CGHR56XXXD,,,Indoor Ceiling Fan,Hugger Fan Only,56,203.8,5.1,32.0,0.7,,3.0,0,,,,,,,,1,0,,2025-05-15,2025-02-07,"United States, Canada",ES_1113136_3CGHR56XXXD_020720250525232_1440393,1
3892265,Visual Comfort & Co.,Visual Comfort & Co,COLLINS SMART 70,3CLNSM70***,",,*** stand for different colors, where each* can be a letter or a number, or blank",014817658484;014817658491;014817658507;014817658521;014817658538,Indoor Ceiling Fan,Standard Fan Only,70,225.8,4.9,35.1,1.3,,3.0,0,,,,,,,,1,0,,2025-04-01,2025-01-03,"United States, Canada",ES_1113136_3CLNSM70***_122520240706982_4361132,0
3892266,Visual Comfort & Co.,Visual Comfort & Co,COLLINS SMART 70,3CLNSM70XXX,,014817658484;014817658491;014817658507;014817658521;014817658538,Indoor Ceiling Fan,Standard Fan Only,70,225.8,4.9,35.1,1.3,,3.0,0,,,,,,,,1,0,,2025-04-01,2025-01-03,"United States, Canada",ES_1113136_3CLNSM70XXX_010320250849189_2202664,0
3892260,Visual Comfort & Co.,Visual Comfort & Co,DRAPE SMART 58 LED,3DPSM58***D,",,(*** stand for different colors, where each* can be a letter or a number, or blank)",014817658880;014817658897,Indoor Ceiling Fan,Standard Fan Only,58,188.5,5.1,35.1,1.3,,3.0,0,,,,,,,,1,0,,2025-04-30,2025-01-03,"United States, Canada",ES_1113136_3DPSM58***D_010320250630592_3599098,0
3892259,Visual Comfort & Co.,Visual Comfort & Co,DRAPE SMART 58 LED,3DPSM58XXXD,,,Indoor Ceiling Fan,Standard Fan Only,58,188.5,5.1,35.1,1.3,,3.0,0,,,,,,,,1,0,,2025-04-30,2025-01-03,"United States, Canada",ES_1113136_3DPSM58XXXD_123020240811433_4686552,0
3705417,Visual Comfort & Co.,Visual Comfort & Co,Harris Smart 56 LED,3HASM56***D,",,each ""*"" denotes a letter, a number, or a blank",014817642575;014817642582;014817642599,Indoor Ceiling Fan,Standard Fan with Light Kit,56,170.0,3.0,35.6,1.3,,3.0,0,,,,,,,,1,0,,2024-04-15,2024-10-16,"United States, Canada",ES_1113136_3HASM56***D_101520240139708_6417349,0
3705418,Visual Comfort & Co.,Visual Comfort & Co,Harris Smart 56 LED,3HASM56XXXD,,014817642575;014817642582;014817642599,Indoor Ceiling Fan,Standard Fan with Light Kit,56,170.0,3.0,35.6,1.3,,3.0,0,,,,,,,,1,0,,2024-04-15,2024-10-16,"United States, Canada",ES_1113136_3HASM56XXXD_101120240509768_7293733,0
4015866,Visual Comfort & Co.,Visual Comfort & Co,Kingston 72 LED,8KGR72,,,Indoor Ceiling Fan,Standard Fan with Light Kit,72,385.0,4.1,27.8,1.2,,3.0,0,,,,,,,,1,0,,2025-01-31,2025-04-17,"United States, Canada",ES_1113136_8KGR72_041720250804588_3346853,1
4015863,Visual Comfort & Co.,Visual Comfort & Co,Kingston 72 LED,8KGR72******D,",,(each * to represent a letter, a number or blank)",,Indoor Ceiling Fan,Standard Fan with Light Kit,72,385.0,4.1,27.8,1.2,,3.0,0,,,,,,,,1,0,,2025-01-31,2025-04-17,"United States, Canada",ES_1113136_8KGR72******D_041720250807641_6313516,1
4005879,Visual Comfort & Co.,Visual Comfort & Co,LAUNCETON 44,4LNCR44*,",,""*"" is optional and stands for different colors, where each * can be a letter or a number, or blank",,Indoor Ceiling Fan,Standard Fan Only,44,199.0,1.9,29.8,0.7,,3.0,0,,,,,,,,1,0,,2025-04-01,2025-03-27,"United States, Canada",ES_1113136_4LNCR44*_032720250755872_4671875,0
4015860,Visual Comfort & Co.,Visual Comfort & Co,LAUNCETON 56,4LNCR56***,",,(each * to represent a letter, a number or blank)",,Indoor Ceiling Fan,Standard Fan Only,56,248.0,3.6,28.5,1.8,,3.0,0,,,,,,,,1,0,,2025-01-01,2025-04-17,"United States, Canada",ES_1113136_4LNCR56***_041720250730597_3442819,0
4005881,Visual Comfort & Co.,Visual Comfort & Co,LAUNCETON 72,4LNCR72*,",,""*"" is optional and stands for different colors, where each * can be a letter or a number, or blank",,Indoor Ceiling Fan,Standard Fan Only,72,287.0,6.3,30.7,0.7,,3.0,0,,,,,,,,1,0,,2025-04-01,2025-03-27,"United States, Canada",ES_1113136_4LNCR72*_03202025014805_6443147,0
4016312,Visual Comfort & Co.,Visual Comfort & Co,Loft 62 LED,6LFR62***,",,(each * to represent a letter, a number or blank)",014817611755;014817611762;014817611779,Indoor Ceiling Fan,Standard Fan with Light Kit,62,327.0,3.6,22.4,0.9,,3.0,0,,,,,,,,1,0,,2025-01-01,2025-04-25,"United States, Canada",ES_1113136_6LFR62***_032020250305839_5196055,1
4016340,Visual Comfort & Co.,Visual Comfort & Co,Loft 72 LED,6LFR72***,",,(each * to represent a letter, a number or blank)",014817611717;014817611724;014817611731,Indoor Ceiling Fan,Standard Fan with Light Kit,72,288.0,3.6,33.2,0.9,,3.0,0,,,,,,,,1,0,,2025-01-01,2025-04-28,"United States, Canada",ES_1113136_6LFR72***_042820250733830_2857046,0
4009445,Visual Comfort & Co.,Visual Comfort & Co,Maverick 52 LED,3MAVR52******D,",,(each * to represent a letter, a number or blank)",,Indoor Ceiling Fan,Standard Fan with Light Kit,52,229.0,2.4,30.1,1.2,,3.0,0,,,,,,,,1,0,,2025-01-31,2025-04-09,"United States, Canada",ES_1113136_3MAVR52******D_040920250332595_1255345,0
4016196,Visual Comfort & Co.,Visual Comfort & Co,Maverick 60,3MAVR60******,",,(each * to represent a letter, a number or blank)",,Indoor Ceiling Fan,Standard Fan Only,60,229.0,2.8,26.8,1.0,,3.0,0,,,,,,,,1,0,,2025-01-31,2025-04-29,"United States, Canada",ES_1113136_3MAVR60******_031820250840312_3972470,0
4009449,Visual Comfort & Co.,Visual Comfort & Co,Maverick 60 LED,3MAVR60******D,",,(each * to represent a letter, a number or blank)",,Indoor Ceiling Fan,Standard Fan with Light Kit,60,269.0,4.4,33.7,1.3,,3.0,0,,,,,,,,1,0,,2025-01-31,2025-04-09,"United States, Canada",ES_1113136_3MAVR60******D_040920250531732_4596108,0
4016315,Visual Comfort & Co.,Visual Comfort & Co,Maverick 70,3MAVR70******,",,(each * to represent a letter, a number or blank)",,Indoor Ceiling Fan,Standard Fan Only,70,250.0,4.8,29.8,1.0,,3.0,0,,,,,,,,1,0,,2025-01-31,2025-04-25,"United States, Canada",ES_1113136_3MAVR70******_042520250956933_6163814,0
4012653,Visual Comfort & Co.,Visual Comfort & Co,Maverick 70 LED,3MAVR70******D,",,(each * to represent a letter, a number or blank)",,Indoor Ceiling Fan,Standard Fan with Light Kit,70,337.0,5.1,22.1,1.3,,3.0,0,,,,,,,,1,0,,2025-01-31,2025-04-09,"United States, Canada",ES_1113136_3MAVR70******D_041020250822100_7468746,1
4016379,Visual Comfort & Co.,Visual Comfort & Co,Maverick Coastal 52,3MGMR52******,",,(each * to represent a letter, a number or blank)",014817628579;014817628586,Outdoor Ceiling Fan,Standard Fan Only,52,238.0,2.8,24.6,1.1,,3.0,0,,,,,,,,1,0,,2023-06-01,2025-04-29,"United States, Canada",ES_1113136_3MGMR52******_042920250721353_2589213,0
4016382,Visual Comfort & Co.,Visual Comfort & Co,Maverick Coastal 60,3MGMR60******,",,(each * to represent a letter, a number or blank)",,Indoor Ceiling Fan,Standard Fan Only,52,341.0,2.8,26.7,1.0,,3.0,0,,,,,,,,1,0,,2025-01-31,2025-04-29,"United States, Canada",ES_1113136_3MGMR60******_042920250940766_8798139,1
3531170,Visual Comfort & Co.,Visual Comfort & Co,Maverick Coastal 60,3MGMR60***-V2,",,(each * to represent a letter, a number or blank)",014817648577;014817648584,Indoor Ceiling Fan,Standard Fan Only,60,341.0,2.8,26.7,1.0,,3.0,0,,,,,,,,1,0,,2024-06-15,2024-05-31,"United States, Canada",ES_1113136_3MGMR60***-V2_052920240708609_1095006,1
4005658,Visual Comfort & Co.,Visual Comfort & Co,Maverick Smart 44,3MAVSM44******,",,(each * to represent a letter, a number or blank)",014817658231;014817658248;014817658255;014817658262;014817658279,Indoor Ceiling Fan,Standard Fan Only,44,221.0,3.8,16.1,1.3,,3.0,0,,,,,,,,1,0,,2025-03-15,2025-03-24,"United States, Canada",ES_1113136_3MAVSM44******_031820250810508_2500831,0
4005880,Visual Comfort & Co.,Visual Comfort & Co,Maverick Smart 44 LED,3MAVSM44******D,",,(each * to represent a letter, a number or blank)",014817658316;014817658323;014817658330,Indoor Ceiling Fan,Standard Fan with Light Kit,44,211.0,4.2,19.8,1.3,,3.0,0,,,,,,,,1,0,,2025-03-15,2025-03-26,"United States, Canada",ES_1113136_3MAVSM44******D_032720250851571_2182738,0
4016372,Visual Comfort & Co.,Visual Comfort & Co,Maverick Smart 52,3MAVSM52******,",,(each * to represent a letter, a number or blank)",,Indoor Ceiling Fan,Standard Fan Only,52,178.0,3.2,33.7,1.6,,3.0,0,,,,,,,,1,0,,2025-01-31,2025-04-29,"United States, Canada",ES_1113136_3MAVSM52******_042920250645253_5801754,0
4005785,Visual Comfort & Co.,Visual Comfort & Co,Maverick Smart 52 LED,3MAVSM52******D,",,(each * to represent a letter, a number or blank)",014817658347;014817658354;014817658361,Indoor Ceiling Fan,Standard Fan with Light Kit,52,181.0,3.2,30.0,1.3,,3.0,0,,,,,,,,1,0,,2025-03-15,2025-03-26,"United States, Canada",ES_1113136_3MAVSM52******D_032620250252574_8575151,0
4016343,Visual Comfort & Co.,Visual Comfort & Co,Maverick Smart 60,3MAVSM60******,",,(each * to represent a letter, a number or blank)",,Indoor Ceiling Fan,Standard Fan Only,60,181.0,3.3,32.4,1.6,,3.0,0,,,,,,,,1,0,,2025-01-31,2025-04-28,"United States, Canada",ES_1113136_3MAVSM60******_042820250947308_1252934,0
4005787,Visual Comfort & Co.,Visual Comfort & Co,Maverick Smart 60 LED,3MAVSM60******D,",,(each * to represent a letter, a number or blank)",014817658378;014817658385;014817658392,Indoor Ceiling Fan,Standard Fan with Light Kit,60,196.0,3.4,29.8,1.3,,3.0,0,,,,,,,,1,0,,2025-03-15,2025-03-26,"United States, Canada",ES_1113136_3MAVSM60******D_031820250219833_7845047,0
4016334,Visual Comfort & Co.,Visual Comfort & Co,Maverick Smart 70,3MAVSM70******,",,(each * to represent a letter, a number or blank)",014817658286;014817658293;014817658309,Indoor Ceiling Fan,Standard Fan Only,70,209.0,4.7,36.4,1.3,,3.0,0,,,,,,,,1,0,,2025-03-15,2025-04-28,"United States, Canada",ES_1113136_3MAVSM70******_031820250756799_4329250,0
4015650,Visual Comfort & Co.,Visual Comfort & Co,Maverick Smart 70 LED,3MAVSM70******D,",,(each * to represent a letter, a number or blank)",014817658408;014817658415;014817658422,Indoor Ceiling Fan,Standard Fan with Light Kit,70,205.0,5.1,36.4,1.3,,3.0,0,,,,,,,,1,0,,2025-03-15,2025-04-15,"United States, Canada",ES_1113136_3MAVSM70******D_041520250720565_5345674,0
4015794,Visual Comfort & Co.,Visual Comfort & Co,Minimalist 56 LED,3MNLR56***,",,(each * to represent a letter, a number or blank)",,Indoor Ceiling Fan,Standard Fan with Light Kit,56,231.0,2.8,28.3,1.2,,3.0,0,,,,,,,,1,0,,2025-01-31,2025-04-16,"United States, Canada",ES_1113136_3MNLR56***_041620250724324_6325722,0
4015793,Visual Comfort & Co.,Visual Comfort & Co,Minimalist 56 LED,3MNLR56***D-V1,",,(each * to represent a letter, a number or blank)",,Indoor Ceiling Fan,Standard Fan with Light Kit,56,231.0,2.8,28.3,1.2,,3.0,0,,,,,,,,1,0,,2025-01-31,2025-04-16,"United States, Canada",ES_1113136_3MNLR56***D-V1_041620250724229_3862354,0
4015805,Visual Comfort & Co.,Visual Comfort & Co,Minimalist 72 LED,3MNLR72***,",,(each * to represent a letter, a number or blank)",,Indoor Ceiling Fan,Standard Fan with Light Kit,72,278.0,3.4,32.2,1.2,,3.0,0,,,,,,,,1,0,,2025-01-31,2025-04-16,"United States, Canada",ES_1113136_3MNLR72***_041620250802664_7015188,0
4015802,Visual Comfort & Co.,Visual Comfort & Co,Minimalist 72 LED,3MNLR72***D-V1,",,(each * to represent a letter, a number or blank)",,Indoor Ceiling Fan,Standard Fan with Light Kit,72,278.0,3.4,32.2,1.2,,3.0,0,,,,,,,,1,0,,2025-01-31,2025-04-16,"United States, Canada",ES_1113136_3MNLR72***D-V1_041620250803878_5716503,0
3892264,Visual Comfort & Co.,Visual Comfort & Co,PADDLE SMART 52,3PDSM52***,",,*** stand for different colors, where each* can be a letter or a number, or blank",014817659009;014817659016;014817659023,Indoor Ceiling Fan,Standard Fan Only,52,151.8,3.7,36.9,1.3,,3.0,0,,,,,,,,1,0,,2025-04-05,2025-01-03,"United States, Canada",ES_1113136_3PDSM52***_122520240656206_3282553,0
3892263,Visual Comfort & Co.,Visual Comfort & Co,PADDLE SMART 52,3PDSM52XXX,,014817659009;014817659016;014817659023,Indoor Ceiling Fan,Standard Fan Only,52,151.8,3.7,36.9,1.3,,3.0,0,,,,,,,,1,0,,2025-04-05,2025-01-03,"United States, Canada",ES_1113136_3PDSM52XXX_010320250811494_9872351,0
3892261,Visual Comfort & Co.,Visual Comfort & Co,PADDLE SMART 60,3PDSM60***,",,*** stand for different colors, where each* can be a letter or a number, or blank",014817659030;014817659047;014817659054,Indoor Ceiling Fan,Standard Fan Only,60,209.0,5.1,34.3,1.3,,3.0,0,,,,,,,,1,0,,2025-04-20,2025-01-03,"United States, Canada",ES_1113136_3PDSM60***_122520240639410_8719094,0
3892262,Visual Comfort & Co.,Visual Comfort & Co,PADDLE SMART 60,3PDSM60XXX,,014817659030;014817659047;014817659054,Indoor Ceiling Fan,Standard Fan Only,60,209.0,5.1,34.3,1.3,,3.0,0,,,,,,,,1,0,,2025-04-20,2025-01-03,"United States, Canada",ES_1113136_3PDSM60XXX_010320250745638_1445998,0
3893919,Visual Comfort & Co.,Visual Comfort & Co,PEEL SMART 52 LED,3PESM52***D,",,*** stand for different colors, where each * can be a letter or a number, or blank",014817658934;014817658941;014817658958,Indoor Ceiling Fan,Standard Fan with Light Kit,52,205.0,2.5,23.0,1.3,,3.0,0,,,,,,,,1,0,,2025-04-30,2025-01-14,"United States, Canada",ES_1113136_3PESM52***D_011020250133104_8090533,0
3893920,Visual Comfort & Co.,Visual Comfort & Co,PEEL SMART 52 LED,3PESM52XXXD,,014817658934;014817658941;014817658958,Indoor Ceiling Fan,Standard Fan with Light Kit,52,205.0,2.5,23.0,1.3,,3.0,0,,,,,,,,1,0,,2025-04-30,2025-01-14,"United States, Canada",ES_1113136_3PESM52XXXD_011420250318960_5113826,0
3994424,Visual Comfort & Co.,Visual Comfort & Co,PEEL SMART 66 LED,3PESM66***D,",,(*** stand for different colors, where each* can be a letter or a number, or blank)",014817658903;014817658910;014817658927,Indoor Ceiling Fan,Standard Fan Only,66,321.1,4.1,22.4,1.4,,3.0,0,,,,,,,,1,0,,2025-04-30,2025-02-13,"United States, Canada",ES_1113136_3PESM66***D_021320250600354_9350247,0
3994423,Visual Comfort & Co.,Visual Comfort & Co,PEEL SMART 66 LED,3PESM66XXXD,,,Indoor Ceiling Fan,Standard Fan Only,66,321.1,4.1,22.4,1.4,,3.0,0,,,,,,,,1,0,,2025-04-30,2025-02-13,"United States, Canada",ES_1113136_3PESM66XXXD_02062025074084_1041041,0
3892584,Visual Comfort & Co.,Visual Comfort & Co,PLANK SMART 52 HUGGER,2PLSMH52***,",,*** stand for different colors, where each* can be a letter or a number, or blank",014817658859;014817658866;014817658873,Indoor Ceiling Fan,Hugger Fan Only,52,203.4,3.1,21.0,1.2,,3.0,0,,,,,,,,1,0,,2025-04-01,2025-01-08,"United States, Canada",ES_1113136_2PLSMH52***_122520240744103_7313395,1
3892585,Visual Comfort & Co.,Visual Comfort & Co,PLANK SMART 52 HUGGER,2PLSMH52XXX,,014817658859;014817658866;014817658873,Indoor Ceiling Fan,Hugger Fan Only,52,203.4,3.1,21.0,1.2,,3.0,0,,,,,,,,1,0,,2025-04-01,2025-01-08,"United States, Canada",ES_1113136_2PLSMH52XXX_010820250208698_7715540,1
3892575,Visual Comfort & Co.,Visual Comfort & Co,PLANK SMART 72 HUGGER,2PLSMH72***,",,*** stand for different colors, where each* can be a letter or a number, or blank",014817658828;014817658835;014817658842,Indoor Ceiling Fan,Hugger Fan Only,72,257.4,7.2,24.4,1.2,,3.12,0,,,,,,,,1,0,,2025-04-01,2025-01-08,"United States, Canada",ES_1113136_2PLSMH72***_122520240822767_5855821,1
3892576,Visual Comfort & Co.,Visual Comfort & Co,PLANK SMART 72 HUGGER,2PLSMH72XXX,,014817658828;014817658835;014817658842,Indoor Ceiling Fan,Hugger Fan Only,72,257.4,7.2,24.4,1.2,,3.12,0,,,,,,,,1,0,,2025-04-01,2025-01-08,"United States, Canada",ES_1113136_2PLSMH72XXX_010820250238353_2920225,1
3844949,Visual Comfort & Co.,Visual Comfort & Co,ROZZEN 32 HUGGER,3RZHR32***,",,*** stand for different colors, where each * can be a letter or a number, or blank",014817658545;014817658552;014817658569,Indoor Ceiling Fan,Hugger Fan with Light Kit,32,155.8,4.6,19.6,0.6,,3.0,0,,,,,,,,1,0,,2025-03-01,2024-12-02,"United States, Canada",ES_1113136_3RZHR32***_120220240931336_2448354,0
3844947,Visual Comfort & Co.,Visual Comfort & Co,ROZZEN 32 HUGGER,3RZHR32XXX,,014817658545;014817658552;014817658569,Indoor Ceiling Fan,Hugger Fan with Light Kit,32,155.8,4.6,19.6,0.6,,3.0,0,,,,,,,,1,0,,2025-03-01,2024-12-02,"United States, Canada",ES_1113136_3RZHR32***_112620240153692_2024888,0
3627142,Visual Comfort & Co.,Visual Comfort & Co,Rozzen smart 60,3RZSM60***,",,*** is optional to represent any letter or number for different colors and marketing purposes",014817650976;014817650983;014817650990;014817651003,Indoor Ceiling Fan,Standard Fan Only,60,202.0,3.0,33.2,1.3,,3.0,0,,,,,,,,1,0,,2025-01-01,2024-09-10,"United States, Canada",ES_1113136_3RZSM60***_09042024065392_1311477,0
3627143,Visual Comfort & Co.,Visual Comfort & Co,Rozzen smart 60,3RZSM60XXX,,,Indoor Ceiling Fan,Standard Fan Only,60,202.0,3.0,33.2,1.3,,3.0,0,,,,,,,,1,0,,2025-01-01,2024-09-10,"United States, Canada",ES_1113136_3RZSM60XXX_090920240731684_9070856,0
4016201,Visual Comfort & Co.,Visual Comfort & Co,Stockton 60 LED,3STR60***,",,(each * to represent a letter, a number or blank)",,Indoor Ceiling Fan,Standard Fan with Light Kit,60,271.0,3.1,32.2,0.9,,3.0,0,,,,,,,,1,0,,2025-01-01,2025-04-22,"United States, Canada",ES_1113136_3STR60***_032020250317760_2573200,0
3994401,Visual Comfort & Co.,Visual Comfort & Co,TOPAN SMART 52 LED,3TNSM52***D,",,(*** stand for different colors, where each* can be a letter or a number, or blank)",014817658743;014817658750;014817658767;014817658774,Indoor Ceiling Fan,Standard Fan Only,52,150.8,3.9,32.7,1.4,,3.0,0,,,,,,,,1,0,,2025-04-25,2025-02-12,"United States, Canada",ES_1113136_3TNSM52***D_021220250537291_9637074,0
3994400,Visual Comfort & Co.,Visual Comfort & Co,TOPAN SMART 52 LED,3TNSM52XXXD,,,Indoor Ceiling Fan,Standard Fan Only,52,150.8,3.9,32.7,1.4,,3.0,0,,,,,,,,1,0,,2025-04-25,2025-02-12,"United States, Canada",ES_1113136_3TNSM52XXXD_020620250632658_2713740,0
3994367,Visual Comfort & Co.,Visual Comfort & Co,TOPAN SMART 60 LED,3TNSM60***D,",,(*** stand for different colors, where each* can be a letter or a number, or blank)",014817658781;014817658798;014817658804;014817658811,Indoor Ceiling Fan,Standard Fan Only,60,172.7,4.8,38.0,1.3,,3.0,0,,,,,,,,1,0,,2025-04-25,2025-02-11,"United States, Canada",ES_1113136_3TNSM60***D_021120250521653_7698570,0
3994366,Visual Comfort & Co.,Visual Comfort & Co,TOPAN SMART 60 LED,3TNSM60XXXD,,,Indoor Ceiling Fan,Standard Fan Only,60,172.7,4.8,38.0,1.3,,3.0,0,,,,,,,,1,0,,2025-04-25,2025-02-11,"United States, Canada",ES_1113136_3TNSM60XXXD_020620250704187_1895376,0
3711970,Visual Comfort & Co.,Visual Comfort & Co,TOURO SMART 60 LED,3TOSM60***D,",,*** is optional to represent any letter or number for different colors and marketing purposes.",014817659061;014817659078,Indoor Ceiling Fan,Standard Fan with Light Kit,60,207.0,3.5,37.0,1.2,,3.0,0,,,,,,,,1,0,,2025-03-01,2024-10-24,"United States, Canada",ES_1113136_3TOSM60***D_102420240330588_2199240,0
3711969,Visual Comfort & Co.,Visual Comfort & Co,TOURO SMART 60 LED,3TOSM60XXXD,,014817659061;014817659078,Indoor Ceiling Fan,Standard Fan with Light Kit,60,207.0,3.5,37.0,1.2,,3.0,0,,,,,,,,1,0,,2025-03-01,2024-10-24,"United States, Canada",ES_1113136_3TOSM60XXXD_101620242334843_4840991,0
2354309,WAC Lighting,Modern Forms,44 Tip-Top,FH-W2004-44L,,,Outdoor Ceiling Fan,Hugger Fan with Light Kit,44,211.0,4.1,16.0,1.3,,3.0,0,"Seoul Semiconductor Co., Ltd",1000.0,15.0,0.88,,94.0,54000.0,1,0,,2020-03-01,2020-01-20,"United States, Canada",ES_22491_44WAKF-L_01202020052511_7911554,1
2388496,WAC Lighting,Modern Forms,44 Tip-Top,FH-W2004-44L,,,Outdoor Ceiling Fan,Hugger Fan with Light Kit,44,185.0,3.3,17.3,1.4,,3.0,0,"Seoul Semiconductor Co., Ltd",1000.0,15.0,0.88,,94.0,54000.0,1,0,,2022-01-01,2021-11-26,"United States, Canada",ES_22491_FH-W2004-44L_111420210420952_5937969,1
2388497,WAC Lighting,Modern Forms,44 Tip-Top,FH-W2004-44L-***,",,""***"" stands for different colors, where each ""*"" can be a letter, a number, or blank",790576792231;790576792248;790576792255,Outdoor Ceiling Fan,Hugger Fan with Light Kit,44,185.0,3.3,17.3,1.4,,3.0,0,"Seoul Semiconductor Co., Ltd",1000.0,15.0,0.88,,94.0,54000.0,1,0,,2022-01-01,2021-11-26,"United States, Canada",ES_22491_FH-W2004-44L-***_111420210420183_1117597,1
2358441,WAC Lighting,Modern Forms,"52"" Renegade",FR-W2001-52L,",,FR-W2001-52L-** (""**""  can be any length of characters or blank)",,Outdoor Ceiling Fan,Standard Fan with Light Kit,52,174.0,5.8,35.3,1.4,,3.0,0,"Seoul Demiconductor Co., Ltd",1440.0,20.0,0.9,,93.0,50000.0,1,0,,2020-03-01,2020-04-24,"United States, Canada",ES_22491_FR-W2001-52L_04242020053415_6455151,0
2358765,WAC Lighting,Modern Forms,52 Slim,52WAH-L,"52 Slim,FR-W2003-52L,",,Outdoor Ceiling Fan,Standard Fan with Light Kit,52,251.0,9.4,20.7,1.4,,3.0,0,"Seoul Semiconductor Co., Ltd",1000.0,15.0,0.88,,93.0,54000.0,1,0,,2020-02-29,2020-01-15,"United States, Canada",ES_22491_52WAH-L_04292020031303_9983839,0
2353844,WAC Lighting,Modern Forms,52 Slim Flush,52WAHF-L,"52 Slim Flush,FH-W2003-52L,",,Outdoor Ceiling Fan,Standard Fan with Light Kit,52,242.0,2.7,22.6,1.3,,3.0,0,"Seoul Semiconductor Co., Ltd",1000.0,15.0,0.88,,93.0,54000.0,1,0,,2020-03-01,2020-01-08,"United States, Canada",ES_22491_52WAHF-L_01202020012235_3355400,0
2353486,WAC Lighting,Modern Forms,52 Tip-Top,52WAKF-L,"52 Tip-Top,FH-W2004-52L,",,Outdoor Ceiling Fan,Hugger Fan with Light Kit,52,223.0,4.1,19.3,1.4,,3.0,0,"Seoul Semiconductor Co., Ltd",1000.0,15.0,0.89,,94.0,54000.0,1,0,,2020-02-29,2020-01-14,"United States, Canada",ES_22491_52WAKF-L_01152020014323_2603567,1
2388587,WAC Lighting,Modern Forms,52 Tip-Top,FH-W2004-52L,,,Outdoor Ceiling Fan,Hugger Fan with Light Kit,52,202.0,3.4,18.6,1.4,,3.0,0,"Seoul Semiconductor Co., Ltd",1000.0,15.0,0.89,,94.0,54000.0,1,0,,2022-01-01,2021-11-30,"United States, Canada",ES_22491_FH-W2004-52L_111420210920539_2053327,1
2388803,WAC Lighting,Modern Forms,52 Tip-Top,FH-W2004-52L,,,Outdoor Ceiling Fan,Hugger Fan with Light Kit,52,223.0,4.1,19.3,1.4,,3.0,0,"Seoul Semiconductor Co., Ltd",1000.0,15.0,0.89,,94.0,54000.0,1,0,,2020-02-29,2020-01-14,"United States, Canada",ES_22491_52WAKF-L_01152020014323_26S_22491_52WAKF-L_01152020014323_260356703567,1
2388588,WAC Lighting,Modern Forms,52 Tip-Top,FH-W2004-52L-***,",,""***"" stands for different colors, where each ""*"" can be a letter, a number, or blank",790576792200;790576792217;790576792224,Outdoor Ceiling Fan,Hugger Fan with Light Kit,52,202.0,3.4,18.6,1.4,,3.0,0,"Seoul Semiconductor Co., Ltd",1000.0,15.0,0.89,,94.0,54000.0,1,0,,2022-01-01,2021-11-30,"United States, Canada",ES_22491_FH-W2004-52L-***_111420210920543_9159775,1
2366931,WAC Lighting,Modern Forms,52 Zephyr,FR-W2006-52,,,Outdoor Ceiling Fan,Standard Fan with Light Kit,52,140.8,3.7,30.6,1.2,,3.0,0,WAC Lighting Co,1600.0,20.0,0.9,,94.0,54000.0,1,1,,2020-09-01,2020-09-30,"United States, Canada",ES_22491_FR-W2006-52_10072020021529_6929856,0
2366932,WAC Lighting,Modern Forms,62 Zephyr,FR-W2006-62,,,Outdoor Ceiling Fan,Standard Fan with Light Kit,62,196.5,4.4,30.7,1.2,,3.0,0,WAC Lighting Co,1600.0,20.0,0.9,,94.0,54000.0,1,1,,2020-09-01,2020-09-30,"United States, Canada",ES_22491_FR-W2006-62_10072020022244_7364696,0
2358325,WAC Lighting,Modern Forms,"66"" Renegade","FR-W2001-66L-* (""*"" can be any length of characters or blank)",,,Outdoor Ceiling Fan,Standard Fan with Light Kit,66,259.0,6.8,38.4,1.4,,3.0,0,"Seoul Demiconductor Co., Ltd",1440.0,20.0,0.9,,93.0,50000.0,1,0,,2020-03-14,2020-04-19,"United States, Canada",ES_22491_FR-W2001-66L-*_04222020022101_2061116,0
2386794,WAC Lighting,Wac,"San Francisco 52"" flush ceiling fan",F-082L-**,",,(Where ** may be A to Z or Blank for different finish color)",,Outdoor Ceiling Fan,Hugger Fan with Light Kit,52,138.2,3.3,25.3,1.4,,3.0,0,WAC Lighting Co,1500.0,20.0,0.89,,93.0,50000.0,1,0,,2022-03-01,2021-10-20,"United States, Canada",ES_22491_F-082L-**_102720212217322_9301199,0
2386795,WAC Lighting,Wac,"San Francisco 52"" flush ceiling fan",F-082L-**,",,(Where ** may be A to Z or Blank for different finish color)",,Outdoor Ceiling Fan,Hugger Fan with Light Kit,52,138.2,3.3,25.3,1.4,,3.0,0,WAC Lighting Co,1500.0,20.0,0.89,,93.0,50000.0,1,0,,2022-03-01,2021-10-20,"United States, Canada",ES_22491_F-082L-**_102720212217182_3724745,0
2386801,WAC Lighting,Wac,"San Francisco 52"" flush ceiling fan",F-082L-**,",,(Where ** may be A to Z or Blank for different finish color)",,Outdoor Ceiling Fan,Hugger Fan with Light Kit,52,138.2,3.3,25.3,1.4,,3.0,0,WAC Lighting Co,1500.0,20.0,0.89,,93.0,50000.0,1,0,,2022-03-01,2021-10-20,"United States, Canada",ES_22491_F-082L-**_102720212217178_9182108,0
2386531,WAC Lighting,Wac,"San Francisco 52"" flush ceiling fan",F-082L-MB,,790576890968,Outdoor Ceiling Fan,Hugger Fan with Light Kit,52,138.2,3.3,25.3,1.4,,3.0,0,WAC Lighting Co,1500.0,20.0,0.89,,93.0,50000.0,1,0,,2022-03-01,2021-10-20,"United States, Canada",ES_22491_F-082L-MW_100920210128604_5275595,0
2386799,WAC Lighting,Wac,"San Francisco 52"" flush ceiling fan",F-082L-MB,,790576890968,Outdoor Ceiling Fan,Hugger Fan with Light Kit,52,138.2,3.3,25.3,1.4,,3.0,0,WAC Lighting Co,1500.0,20.0,0.89,,93.0,50000.0,1,0,,2022-03-01,2021-10-20,"United States, Canada",ES_22491_F-082L-MB_102720212217152_3784770,0
2386800,WAC Lighting,Wac,"San Francisco 52"" flush ceiling fan",F-082L-MB,,790576890968,Outdoor Ceiling Fan,Hugger Fan with Light Kit,52,138.2,3.3,25.3,1.4,,3.0,0,WAC Lighting Co,1500.0,20.0,0.89,,93.0,50000.0,1,0,,2022-03-01,2021-10-20,"United States, Canada",ES_22491_F-082L-MB_102720212218967_6645901,0
2386802,WAC Lighting,Wac,"San Francisco 52"" flush ceiling fan",F-082L-MB,,790576890968,Outdoor Ceiling Fan,Hugger Fan with Light Kit,52,138.2,3.3,25.3,1.4,,3.0,0,WAC Lighting Co,1500.0,20.0,0.89,,93.0,50000.0,1,0,,2022-03-01,2021-10-20,"United States, Canada",ES_22491_F-082L-MB_102720212218121_6045265,0
2386796,WAC Lighting,Wac,"San Francisco 52"" flush ceiling fan",F-082L-MW,,790576890975,Outdoor Ceiling Fan,Hugger Fan with Light Kit,52,138.2,3.3,25.3,1.4,,3.0,0,WAC Lighting Co,1500.0,20.0,0.89,,93.0,50000.0,1,0,,2022-03-01,2021-10-20,"United States, Canada",ES_22491_F-082L-MW_102720212218686_1165888,0
2386797,WAC Lighting,Wac,"San Francisco 52"" flush ceiling fan",F-082L-MW,,790576890975,Outdoor Ceiling Fan,Hugger Fan with Light Kit,52,138.2,3.3,25.3,1.4,,3.0,0,WAC Lighting Co,1500.0,20.0,0.89,,93.0,50000.0,1,0,,2022-03-01,2021-10-20,"United States, Canada",ES_22491_F-082L-MW_102720212218807_9562373,0
2386798,WAC Lighting,Wac,"San Francisco 52"" flush ceiling fan",F-082L-MW,,790576890975,Outdoor Ceiling Fan,Hugger Fan with Light Kit,52,138.2,3.3,25.3,1.4,,3.0,0,WAC Lighting Co,1500.0,20.0,0.89,,93.0,50000.0,1,0,,2022-03-01,2021-10-20,"United States, Canada",ES_22491_F-082L-MW_10272021221882_6594119,0
4001278,WAC Lighting,Wac,WAC Fan,F-104-**,",,where * may be a letter, a number, or blank to denote different color",,Indoor Ceiling Fan,Standard Fan Only,52,203.7,2.4,27.8,1.5,,3.0,0,,,,,,,,1,0,,2025-02-26,2025-03-20,"United States, Canada",ES_22491_F-104-**_031720250614505_8656250,0
4001277,WAC Lighting,Wac,WAC Fan,F-104L-**,",,where * may be a letter, a number, or blank to denote different color",197179070061;197179070078;197179076049,Indoor Ceiling Fan,Standard Fan Only,52,203.7,2.4,27.8,1.5,,3.0,0,,,,,,,,1,0,,2025-02-26,2025-03-20,"United States, Canada",ES_22491_F-104L-**_020820250337745_3608524,0
4001281,WAC Lighting,Wac,WAC Fan,F-105-**,",,where * may be a letter, a number, or blank to denote different color",,Outdoor Ceiling Fan,Standard Fan Only,56,187.9,6.5,38.4,1.4,,3.0,0,,,,,,,,1,0,,2025-02-26,2025-03-20,"United States, Canada",ES_22491_F-105-**_032020250528339_8330108,0
4001282,WAC Lighting,Wac,WAC Fan,F-105L-**,",,where * may be a letter, a number, or blank to denote different color",197179076056;197179076063,Outdoor Ceiling Fan,Standard Fan Only,56,187.9,6.5,38.4,1.4,,3.0,0,,,,,,,,1,0,,2025-02-26,2025-03-20,"United States, Canada",ES_22491_F-105L_031020250218551_7102661,0
4001251,WAC Lighting,Wac,WAC Fan,F-106-**,",,where * may be a letter, a number, or blank to denote different color",,Indoor Ceiling Fan,Standard Fan Only,52,123.7,14.1,42.5,0.0,,3.0,0,,,,,,,,1,0,,2025-02-26,2025-03-20,"United States, Canada",ES_22491_F-106-**_031720250606380_8246427,0
4001252,WAC Lighting,Wac,WAC Fan,F-106L-**,",,where * may be a letter, a number, or blank to denote different color",197179096900;197179096917;197179096924,Indoor Ceiling Fan,Standard Fan Only,52,123.7,14.1,42.5,0.0,,3.0,0,,,,,,,,1,0,,2025-02-26,2025-03-20,"United States, Canada",ES_22491_F-106L-**_030820250914808_1073728,0
4001254,WAC Lighting,Wac,WAC Fan,F-107-**,",,where * may be a letter, a number, or blank to denote different color",,Indoor Ceiling Fan,Hugger Fan Only,44,96.0,10.7,49.7,0.0,,3.0,0,,,,,,,,1,0,,2025-02-26,2025-03-20,"United States, Canada",ES_22491_F-107-**_032020250730693_8540568,0
4001253,WAC Lighting,Wac,WAC Fan,F-107L-**,",,where * may be a letter, a number, or blank to denote different color",197179097006;197179097013;197179097020,Indoor Ceiling Fan,Hugger Fan Only,44,96.0,10.7,49.7,0.0,,3.0,0,,,,,,,,1,0,,2025-02-26,2025-03-20,"United States, Canada",ES_22491_F-107L-**_03202025073327_2348989,0
4001256,WAC Lighting,Wac,WAC Fan,F-108-**,",,where * may be a letter, a number, or blank to denote different color",,Indoor Ceiling Fan,Hugger Fan Only,52,99.0,10.7,49.7,0.0,,3.0,0,,,,,,,,1,0,,2025-02-26,2025-03-20,"United States, Canada",ES_22491_F-108-**_032020250739321_8698164,0
4001255,WAC Lighting,Wac,WAC Fan,F-108L-**,",,where * may be a letter, a number, or blank to denote different color",197179097037;197179097044;197179097051,Indoor Ceiling Fan,Hugger Fan Only,52,99.0,10.7,49.7,0.0,,3.0,0,,,,,,,,1,0,,2025-02-26,2025-03-20,"United States, Canada",ES_22491_F-108L-**_032020250742168_1933603,0
4001280,WAC Lighting,Wac,WAC Fan,F-109-**,",,where * may be a letter, a number, or blank to denote different color",,Outdoor Ceiling Fan,Standard Fan Only,52,116.2,3.5,36.0,1.4,,3.0,0,,,,,,,,1,0,,2025-02-26,2025-03-20,"United States, Canada",ES_22491_F-109-**_032020250736503_7477740,0
2401225,WAC Lighting,Wac Lighting,Malibu,F-089-***/***,",,(*** stands for different colors, where each * can be a letter or a number, or blank)",790576878577;790576878683,"Outdoor Ceiling Fan,Indoor Ceiling Fan",Standard Fan Only,70,210.4,4.8,36.8,1.4,,3.0,0,,,,,,,,1,0,,2022-12-01,2022-08-25,"United States, Canada",ES_22491_F-089-***/***_090820220526119_4459756,0
2359774,WAC Lighting,Wac Lighting,Mocha,F-001,",,F-001-* (""*"" can be any length of characters or blank)",,Indoor Ceiling Fan,Standard Fan Only,54,207.0,6.4,36.4,1.4,,3.0,0,,,,,,,,1,0,,2020-02-01,2020-05-18,United States,ES_22491_F-001_05182020062859_3339334,0
2359771,WAC Lighting,Wac Lighting,Mocha,F-001L,",,F-001L-* (""*"" can be any length of characters or blank)",,Indoor Ceiling Fan,Standard Fan with Light Kit,54,207.0,6.4,36.4,1.4,,3.0,0,"Seoul Demiconductor Co., Ltd",1440.0,20.0,0.9,,93.0,50000.0,1,0,,2020-02-01,2020-05-18,United States,ES_22491_F-001L_05182020030358_1038151,0
2375978,WAC Lighting,Wac Lighting,Mocha XL,F-064,",F-064-*,""*"" can be any length of characters or blank",,Outdoor Ceiling Fan,Standard Fan Only,66,320.0,4.2,34.5,1.4,,3.0,0,,,,,,,,1,0,,2021-06-01,2021-03-18,"United States, Canada",ES_22491_F-064_031020212001920_3650782,0
2376075,WAC Lighting,Wac Lighting,Mocha XL,F-064,",F-064-*,""*"" can be any length of characters or blank",,Outdoor Ceiling Fan,Standard Fan Only,66,320.0,4.2,34.5,1.4,,3.0,0,,,,,,,,1,0,,2021-06-01,2021-03-18,"United States, Canada",ES_22491_F-064_041320212127485_8588530,0
2375417,WAC Lighting,Wac Lighting,Mocha XL,F-064L,"Mocha XL,F-064L-*,""*"" can be any length of characters or blank",,Outdoor Ceiling Fan,Standard Fan with Light Kit,66,320.0,4.2,34.5,1.4,,3.0,0,"Seoul Demiconductor Co., Ltd",1440.0,20.0,0.9,,93.0,50000.0,1,0,,2021-06-01,2021-03-11,"United States, Canada",ES_22491_F-064L_031020212035321_3267903,0
2360008,WAC Lighting,Wac Lighting,Odyssey 52,F-005L,",,F-005L-** (""**'' can be any length of characters or blank)",,Indoor Ceiling Fan,Standard Fan with Light Kit,52,155.1,3.6,28.6,1.4,,3.0,0,WAC Lighting Co,2200.0,25.0,0.9,,93.0,54000.0,1,0,,2020-06-15,2020-05-20,"United States, Canada",ES_22491_F-005L_05202020062819_6099718,0
2360009,WAC Lighting,Wac Lighting,Odyssey 52,F-005L,",,F-005L-** (""**'' can be any length of characters or blank)",,Indoor Ceiling Fan,Standard Fan with Light Kit,52,155.1,3.6,28.6,1.4,,3.0,0,WAC Lighting Co,2200.0,25.0,0.9,,93.0,54000.0,1,0,,2020-06-15,2020-05-20,"United States, Canada",ES_22491_F-005L_05202020062846_6126038,0
2360010,WAC Lighting,Wac Lighting,Odyssey 52,F-005L,",,F-005L-** (""**'' can be any length of characters or blank)",,Indoor Ceiling Fan,Standard Fan with Light Kit,52,155.1,3.6,28.6,1.4,,3.0,0,WAC Lighting Co,2200.0,25.0,0.9,,93.0,54000.0,1,0,,2020-06-15,2020-05-20,"United States, Canada",ES_22491_F-005L_05202020062901_6141756,0
2360011,WAC Lighting,Wac Lighting,Odyssey 52,F-005L,",,F-005L-** (""**'' can be any length of characters or blank)",,Indoor Ceiling Fan,Standard Fan with Light Kit,52,155.1,3.6,28.6,1.4,,3.0,0,WAC Lighting Co,2200.0,25.0,0.9,,93.0,54000.0,1,0,,2020-06-15,2020-05-20,"United States, Canada",ES_22491_F-005L_05202020062918_6158396,0
2369732,WAC Lighting,Wac Lighting,Odyssey Flush 44,F-034L,",,2700K",,Indoor Ceiling Fan,Hugger Fan with Light Kit,44,121.1,4.5,21.8,1.4,,3.0,0,WAC Lighting Co,2200.0,25.0,0.9,,93.0,54000.0,1,0,,2021-01-01,2020-11-20,"United States, Canada",ES_22491_F-034L_11202020064936_4976280,0
2369733,WAC Lighting,Wac Lighting,Odyssey Flush 44,F-034L,",,3000K",,Indoor Ceiling Fan,Hugger Fan with Light Kit,44,121.1,4.5,21.8,1.4,,3.0,0,WAC Lighting Co,2200.0,25.0,0.9,,93.0,54000.0,1,0,,2021-01-01,2020-11-20,"United States, Canada",ES_22491_F-034L_11202020064949_4989157,0
2369734,WAC Lighting,Wac Lighting,Odyssey Flush 44,F-034L,",,3500K",,Indoor Ceiling Fan,Hugger Fan with Light Kit,44,121.1,4.5,21.8,1.4,,3.0,0,WAC Lighting Co,2200.0,25.0,0.9,,93.0,54000.0,1,0,,2021-01-01,2020-11-20,"United States, Canada",ES_22491_F-034L_11202020065005_5005850,0
2369735,WAC Lighting,Wac Lighting,Odyssey Flush 44,F-034L,",,4000/4100K",,Indoor Ceiling Fan,Hugger Fan with Light Kit,44,121.1,4.5,21.8,1.4,,3.0,0,WAC Lighting Co,2200.0,25.0,0.9,,93.0,54000.0,1,0,,2021-01-01,2020-11-20,"United States, Canada",ES_22491_F-034L_11202020065035_5035923,0
2369736,WAC Lighting,Wac Lighting,Odyssey Flush 52,F-035L,",,2700K",,Indoor Ceiling Fan,Hugger Fan with Light Kit,52,132.3,4.5,31.2,1.4,,3.0,0,WAC Lighting Co,2200.0,25.0,0.9,,93.0,54000.0,1,0,,2021-01-01,2020-11-20,"United States, Canada",ES_22491_F-035L_11202020070031_5631775,0
2369737,WAC Lighting,Wac Lighting,Odyssey Flush 52,F-035L,",,3000K",,Indoor Ceiling Fan,Hugger Fan with Light Kit,52,132.3,4.5,31.2,1.4,,3.0,0,WAC Lighting Co,2200.0,25.0,0.9,,93.0,54000.0,1,0,,2021-01-01,2020-11-20,"United States, Canada",ES_22491_F-035L_11202020070457_5897400,0
2369738,WAC Lighting,Wac Lighting,Odyssey Flush 52,F-035L,",,3500K",,Indoor Ceiling Fan,Hugger Fan with Light Kit,52,132.3,4.5,31.2,1.4,,3.0,0,WAC Lighting Co,2200.0,25.0,0.9,,93.0,54000.0,1,0,,2021-01-01,2020-11-20,"United States, Canada",ES_22491_F-035L_11202020070513_5913153,0
2369739,WAC Lighting,Wac Lighting,Odyssey Flush 52,F-035L,",,4000/4100K",,Indoor Ceiling Fan,Hugger Fan with Light Kit,52,132.3,4.5,31.2,1.4,,3.0,0,WAC Lighting Co,2200.0,25.0,0.9,,93.0,54000.0,1,0,,2021-01-01,2020-11-20,"United States, Canada",ES_22491_F-035L_11202020070531_5931836,0
2359805,WAC Lighting,Wac Lighting,ORB,F-004,"ORB,F-004-* (""*"" can be any length of characters or blank),",,Indoor Ceiling Fan,Standard Fan Only,44,175.0,3.3,26.9,1.6,,3.0,0,,,,,,,,1,0,,2020-01-31,2020-05-17,United States,ES_22491_F-004_05182020032937_2577395,0
2359775,WAC Lighting,Wac Lighting,ORB,F-004L,"ORB,F-004L-* (""*"" can be any length of characters or blank),""*"" can be any length of characters or blank",,Indoor Ceiling Fan,Standard Fan with Light Kit,44,175.0,3.3,26.9,1.6,,3.0,0,"Seoul Demiconductor Co., Ltd",1440.0,20.0,0.9,,93.0,50000.0,1,0,,2020-01-31,2020-05-17,United States,ES_22491_F-004L_05182020064223_4143062,0
2390181,WAC Lighting,Wac Lighting,Sonoma,F-070L,,,Outdoor Ceiling Fan,Standard Fan with Light Kit,56,139.0,5.6,38.9,1.4,,3.0,0,"Seoul Semiconductor Co., Ltd",1657.0,20.0,0.9,,94.0,54000.0,1,0,,2022-03-01,2021-12-23,"United States, Canada",ES_22491_F-070L_122220211745184_9740548,0
2390187,WAC Lighting,Wac Lighting,Sonoma,F-070L-**,,790576884257;790576884264,Outdoor Ceiling Fan,Standard Fan with Light Kit,56,139.0,5.6,38.9,1.4,,3.0,0,"Seoul Semiconductor Co., Ltd",1657.0,20.0,0.9,,94.0,54000.0,1,0,,2022-03-01,2021-12-23,"United States, Canada",ES_22491_F-070L-**_010520222319849_5842733,0
2390188,WAC Lighting,Wac Lighting,Sonoma,F-070L-**/**,,790576884271,Outdoor Ceiling Fan,Standard Fan with Light Kit,56,139.0,5.6,38.9,1.4,,3.0,0,"Seoul Semiconductor Co., Ltd",1657.0,20.0,0.9,,94.0,54000.0,1,0,,2022-03-01,2021-12-23,"United States, Canada",ES_22491_F-070L-**/**_010520222319695_2447839,0
2380568,WAC Lighting,Wac Lighting,Stella,F-056,,,Outdoor Ceiling Fan,Standard Fan Only,60,194.6,5.0,26.0,1.5,,3.0,0,,,,,,,,1,0,,2021-08-01,2021-05-04,"United States, Canada",ES_22491_F-056_061720210053814_4397023,0
2381564,WAC Lighting,Wac Lighting,Stella,F-056*,",,(""*"" can be any length of characters or blank)",,Outdoor Ceiling Fan,Standard Fan Only,60,194.6,5.0,26.0,1.5,,3.0,0,,,,,,,,1,0,,2021-08-01,2021-05-04,"United States, Canada",ES_22491_F-056*_062220210033831_1290980,0
2381663,WAC Lighting,Wac Lighting,Stella,F-056L,,,Indoor Ceiling Fan,Standard Fan with Light Kit,60,194.6,5.1,26.1,1.5,,3.0,0,WAC Lighting Co,1100.0,16.0,0.86,,93.0,50000.0,1,0,,2021-09-01,2021-05-04,"United States, Canada",ES_22491_F-056L_070120210246478_4994895,0
2381665,WAC Lighting,Wac Lighting,Stella,F-056L,,,Indoor Ceiling Fan,Standard Fan with Light Kit,60,194.6,5.1,26.1,1.5,,3.0,0,WAC Lighting Co,1100.0,16.0,0.86,,93.0,50000.0,1,0,,2021-09-01,2021-05-04,"United States, Canada",ES_22491_F-056L_070720210049160_1481069,0
2381671,WAC Lighting,Wac Lighting,Stella,F-056L,,,Indoor Ceiling Fan,Standard Fan with Light Kit,60,194.6,5.1,26.1,1.5,,3.0,0,WAC Lighting Co,1100.0,16.0,0.86,,93.0,50000.0,1,0,,2021-09-01,2021-05-04,"United States, Canada",ES_22491_F-056L_070720210049173_3375619,0
2381662,WAC Lighting,Wac Lighting,Stella,F-056L-**,",,(""*"" can be any letter or blank	",,Indoor Ceiling Fan,Standard Fan with Light Kit,60,194.6,5.1,26.1,1.5,,3.0,0,WAC Lighting Co,1100.0,16.0,0.86,,93.0,50000.0,1,0,,2021-09-01,2021-05-04,"United States, Canada",ES_22491_F-056L*_070720210051403_6092113,0
2381668,WAC Lighting,Wac Lighting,Stella,F-056L-**,",,(""*"" can be any letter or blank	",,Indoor Ceiling Fan,Standard Fan with Light Kit,60,194.6,5.1,26.1,1.5,,3.0,0,WAC Lighting Co,1100.0,16.0,0.86,,93.0,50000.0,1,0,,2021-09-01,2021-05-04,"United States, Canada",ES_22491_F-056L*_070720210049132_6716313,0
2381669,WAC Lighting,Wac Lighting,Stella,F-056L-**,",,(""*"" can be any letter or blank	",,Indoor Ceiling Fan,Standard Fan with Light Kit,60,194.6,5.1,26.1,1.5,,3.0,0,WAC Lighting Co,1100.0,16.0,0.86,,93.0,50000.0,1,0,,2021-09-01,2021-05-04,"United States, Canada",ES_22491_F-056L*_070720210051449_8501840,0
2381664,WAC Lighting,Wac Lighting,Stella,F-056L-MB,,790576869056,Indoor Ceiling Fan,Standard Fan with Light Kit,60,194.6,5.1,26.1,1.5,,3.0,0,WAC Lighting Co,1100.0,16.0,0.86,,93.0,50000.0,1,0,,2021-09-01,2021-05-04,"United States, Canada",ES_22491_F-056L-MB_070720210051378_1883241,0
2381667,WAC Lighting,Wac Lighting,Stella,F-056L-MB,,790576869056,Indoor Ceiling Fan,Standard Fan with Light Kit,60,194.6,5.1,26.1,1.5,,3.0,0,WAC Lighting Co,1100.0,16.0,0.86,,93.0,50000.0,1,0,,2021-09-01,2021-05-04,"United States, Canada",ES_22491_F-056L-MB_070720210051953_3360360,0
2381670,WAC Lighting,Wac Lighting,Stella,F-056L-MB,,790576869056,Indoor Ceiling Fan,Standard Fan with Light Kit,60,194.6,5.1,26.1,1.5,,3.0,0,WAC Lighting Co,1100.0,16.0,0.86,,93.0,50000.0,1,0,,2021-09-01,2021-05-04,"United States, Canada",ES_22491_F-056L-MB_070720210052505_3950532,0
2381563,WAC Lighting,Wac Lighting,Stella,F-056-MB,,790576869049,Outdoor Ceiling Fan,Standard Fan Only,60,194.6,5.0,26.0,1.5,,3.0,0,,,,,,,,1,0,,2021-08-01,2021-05-04,"United States, Canada",ES_22491_F-056-MB_06212021214574_7628509,0
2381562,WAC Lighting,Wac Lighting,Stella,F-056-MW,,790576869063,Outdoor Ceiling Fan,Standard Fan Only,60,194.6,5.0,26.0,1.5,,3.0,0,,,,,,,,1,0,,2021-08-01,2021-05-04,"United States, Canada",ES_22491_F-056-MW_06212021214559_7605205,0
2391086,WAC Lighting,Wac Lighting,SWIRL,F-074L,,790576944142;790576944159;790576944166,Indoor Ceiling Fan,Standard Fan with Light Kit,54,150.0,3.6,35.7,1.4,,3.0,0,WAC Lighting Co,1790.0,19.5,0.89,,94.0,50000.0,1,0,,2022-02-15,2022-01-10,"United States, Canada",ES_22491_F-074L_011020220324410_3092748,0
2391088,WAC Lighting,Wac Lighting,SWIRL,F-074L-***,",,(*** stands for different colors, where each * can be a letter or a number, or blank)",790576944142;790576944159;790576944166,Indoor Ceiling Fan,Standard Fan with Light Kit,54,150.0,3.6,35.7,1.4,,3.0,0,WAC Lighting Co,1790.0,19.5,0.89,,94.0,50000.0,1,0,,2022-02-15,2022-01-10,"United States, Canada",ES_22491_F-074L-***_011920222112683_7606453,0
2391087,WAC Lighting,Wac Lighting,SWIRL,F-074L-***/***,",,(*** stands for different colors, where each * can be a letter or a number, or blank)",790576944142;790576944159;790576944166,Indoor Ceiling Fan,Standard Fan with Light Kit,54,150.0,3.6,35.7,1.4,,3.0,0,WAC Lighting Co,1790.0,19.5,0.89,,94.0,50000.0,1,0,,2022-02-15,2022-01-10,"United States, Canada",ES_22491_F-074L-***/***_011920222112667_3451105,0
2380457,WAC Lighting,Wac Lighting,Terminator UV,F-069U,,,Indoor Ceiling Fan,Standard Fan Only,60,200.8,4.7,27.0,1.4,,3.0,0,,,,,,,,1,0,,2021-08-01,2021-05-04,"United States, Canada",ES_22491_F-069U_060920210252593_4140428,0
2380303,WAC Lighting,Wac Lighting,Terminator UV,F-069U*****,",,""*"" can be any letter or blank",,Indoor Ceiling Fan,Standard Fan Only,60,200.8,4.7,27.0,1.4,,3.0,0,,,,,,,,1,0,,2021-08-01,2021-05-04,"United States, Canada",ES_22491_F-069U*_062120212259607_4072469,0
2380459,WAC Lighting,Wac Lighting,Terminator UV,F-069U-MB,,790576878546,Indoor Ceiling Fan,Standard Fan Only,60,200.8,4.7,27.0,1.4,,3.0,0,,,,,,,,1,0,,2021-08-01,2021-05-04,"United States, Canada",ES_22491_F-069U-MB_062120212259577_9535552,0
2380458,WAC Lighting,Wac Lighting,Terminator UV,F-069U-MW,,790576878539,Indoor Ceiling Fan,Standard Fan Only,60,200.8,4.7,27.0,1.4,,3.0,0,,,,,,,,1,0,,2021-08-01,2021-05-04,"United States, Canada",ES_22491_F-069U-MW_062120212259528_8241935,0
2396922,WAC Lighting,Wac Lighting,Viper,F-071L,,,Outdoor Ceiling Fan,Standard Fan with Light Kit,60,194.0,4.1,27.2,1.4,,3.0,0,"Seoul Semiconductor Co., Ltd",1597.0,20.0,0.89,,94.0,54000.0,1,0,,2022-06-30,2022-05-23,"United States, Canada",ES_22491_F-071L_052720220534297_9923726,0
2396921,WAC Lighting,Wac Lighting,Viper,F-071L-***,",,*** stands for different colors, where each * can be a letter or a number, or blank",790576890852,Outdoor Ceiling Fan,Standard Fan with Light Kit,60,194.0,4.1,27.2,1.4,,3.0,0,"Seoul Semiconductor Co., Ltd",1597.0,20.0,0.89,,94.0,54000.0,1,0,,2022-06-30,2022-05-23,"United States, Canada",ES_22491_F-071L-***_052320220237796_1519663,0
2452837,WAC Lighting,Wac Lighting,Windmill,F-080L,,197179011521;197179014317,Outdoor Ceiling Fan,Standard Fan with Light Kit,65,210.9,4.6,42.0,1.4,,3.0,0,WAC Lighting Co,1600.0,20.0,0.89,,93.0,50000.0,1,0,,2023-05-15,2023-03-24,"United States, Canada",ES_22491_F-080L_032420230619842_6801082,0
2452876,WAC Lighting,Wac Lighting,Windmill,F-080L-**,",,(""**""stands for different colors, where each ""*""can be a letter or a number, or blank)",197179011521;197179014317,Outdoor Ceiling Fan,Standard Fan with Light Kit,65,210.9,4.6,42.0,1.4,,3.0,0,WAC Lighting Co,1600.0,20.0,0.89,,93.0,50000.0,1,0,,2023-05-15,2023-03-24,"United States, Canada",ES_22491_F-080L-**_032920230132151_1385335,0
2401163,WAC Lighting,Wac Lighting,ZELDA,F-088L,,,"Outdoor Ceiling Fan,Indoor Ceiling Fan",Standard Fan with Light Kit,60,207.2,3.4,24.4,1.4,,3.0,0,WAC Lighting Co,1500.0,20.0,0.89,,92.0,50000.0,1,0,,2022-11-15,2022-09-05,"United States, Canada",ES_22491_F-088L_090520220314878_1574954,0
2401164,WAC Lighting,Wac Lighting,ZELDA,F-088L-***/***,",,(*** stands for different colors, where each * can be a letter or a number, or blank)",790576993492;790576993508,"Outdoor Ceiling Fan,Indoor Ceiling Fan",Standard Fan with Light Kit,60,207.2,3.4,24.4,1.4,,3.0,0,WAC Lighting Co,1500.0,20.0,0.89,,92.0,50000.0,1,0,,2022-11-15,2022-09-05,"United States, Canada",ES_22491_F-088L-***/***_090720220921770_5330547,0
2354310,WAC Lighting,Wac Lighting Co.,52 Clean,52WAM,"52 Clean,F-003,",,Outdoor Ceiling Fan,Standard Fan with Light Kit,52,188.0,4.0,29.9,1.4,,3.0,0,"Seoul Semiconductor Co., Ltd",1000.0,15.0,0.87,,93.0,54000.0,1,0,,2020-03-01,2020-02-03,"United States, Canada",ES_22491_52WAM_02032020091728_1448190,0
3417939,Westgate MFG,Westgate,Ceiling Fans,WF-318WP-RC-3B-52-*****,",,(Model with suffix ""*"", where ""*"" may be blank or alphanumeric character)",,"Outdoor Ceiling Fan,Indoor Ceiling Fan",Standard Fan Only,52,276.5,2.7,25.9,0.2,,3.0,0,,,,,,,,1,0,,2024-03-15,2024-03-12,"United States, Canada",ES_1117671_WF-318WP-RC-3B-52-*****_031320240250707_5723597,1
3417906,Westgate MFG,Westgate,Ceiling Fans,WF-318WP-RC-3B-52-BR-WA,,840378301602,"Outdoor Ceiling Fan,Indoor Ceiling Fan",Standard Fan Only,52,276.5,2.7,25.9,0.2,,3.0,0,,,,,,,,1,0,,2024-03-15,2024-03-12,"United States, Canada",ES_1117671_WF-318WP-RC-3B-52-BR-WA_030420240238586_1323509,1
3417938,Westgate MFG,Westgate,Ceiling Fans,WFL-112-PC-3B-52-MCT-*****,",,(Model with suffix ""*"", where ""*"" may be blank or alphanumeric character)",,Indoor Ceiling Fan,Standard Fan Only,52,113.3,12.4,51.3,0.0,,3.0,0,,,,,,,,1,0,,2024-03-15,2024-03-12,"United States, Canada",ES_1117671_WFL-112-PC-3B-52-MCT-*****_031320240247923_7655158,0
3417904,Westgate MFG,Westgate,Ceiling Fans,WFL-112-PC-3B-52-MCT-BK-BK,,840378301435,Indoor Ceiling Fan,Standard Fan Only,52,113.3,12.4,51.3,0.0,,3.0,0,,,,,,,,1,0,,2024-03-15,2024-03-12,"United States, Canada",ES_1117671_WFL-112-PC-3B-52-MCT-WH-WH_030420240221139_4271079,0
3417964,Westgate MFG,Westgate,Ceiling Fans,WFL-112-PC-3B-52-MCT-BN-RWS,,840378301442,Indoor Ceiling Fan,Standard Fan Only,52,113.3,12.4,51.3,0.0,,3.0,0,,,,,,,,1,0,,2024-03-15,2024-03-12,"United States, Canada",ES_1117671_WFL-112-PC-3B-52-MCT-BN-RWS_031320240248515_5612406,0
3417937,Westgate MFG,Westgate,Ceiling Fans,WFL-112-PC-3B-52-MCT-WH-WH,,840378301428,Indoor Ceiling Fan,Standard Fan Only,52,113.3,12.4,51.3,0.0,,3.0,0,,,,,,,,1,0,,2024-03-15,2024-03-12,"United States, Canada",ES_1117671_WFL-112-PC-3B-52-MCT-WH-WH_031320240245491_9697211,0
4429468,Westgate MFG,Westgate,Ceiling Fans,WFL-DC-120-RC-5B-42-MCT5-*****,",,(Model with suffix ""*"", where ""*"" may be blank or alphanumeric character)",,Indoor Ceiling Fan,Hugger Fan Only,42,90.1,3.2,30.7,0.4,,3.0,0,,,,,,,,1,0,,2025-06-06,2025-06-06,United States,ES_1117671_WFL-DC-120-RC-5B-42-MCT5-*****_06062025023528_4420028,0
4430163,Westgate MFG,Westgate,Ceiling Fans,WFL-DC-120-RC-5B-42-MCT5-*****,",,(Model with suffix ""*"", where ""*"" may be blank or alphanumeric character)",,Indoor Ceiling Fan,Hugger Fan Only,42,90.1,3.2,30.7,0.4,,3.0,0,,,,,,,,1,0,,2025-06-03,2025-06-06,United States,ES_1117671_WFL-DC-120-RC-5B-42-MCT5-*****_060920250546524_6461956,0
4429467,Westgate MFG,Westgate,Ceiling Fans,WFL-DC-120-RC-5B-42-MCT5-BK-BK,,840378327824,Indoor Ceiling Fan,Hugger Fan Only,42,90.1,3.2,30.7,0.4,,3.0,0,,,,,,,,1,0,,2025-06-06,2025-06-06,United States,ES_1117671_WFL-DC-120-RC-5B-42-MCT5-BK-BK_060620250234171_5744252,0
4430164,Westgate MFG,Westgate,Ceiling Fans,WFL-DC-120-RC-5B-42-MCT5-BK-BK,,840378327824,Indoor Ceiling Fan,Hugger Fan Only,42,90.1,3.2,30.7,0.4,,3.0,0,,,,,,,,1,0,,2025-06-03,2025-06-06,United States,ES_1117671_WFL-DC-120-RC-5B-42-MCT5-BK-BK_060920250546257_2468441,0
4430178,Westgate MFG,Westgate,Ceiling Fans,WFL-DC-120-RC-5B-42-MCT5-BK-BK,,840378327824,Indoor Ceiling Fan,Hugger Fan Only,42,90.1,3.2,30.7,0.4,,3.0,0,,,,,,,,1,0,,2025-06-03,2025-06-06,United States,ES_1117671_WFL-DC-120-RC-5B-42-MCT5-BK-BK_060920250926589_8134487,0
4429466,Westgate MFG,Westgate,Ceiling Fans,WFL-DC-120-RC-5B-42-MCT5-BN-OK,,840378327831,Indoor Ceiling Fan,Hugger Fan Only,42,90.1,3.2,30.7,0.4,,3.0,0,,,,,,,,1,0,,2025-06-06,2025-06-06,United States,ES_1117671_WFL-DC-120-RC-5B-42-MCT5-BN-OK_060620250236455_8633542,0
4430165,Westgate MFG,Westgate,Ceiling Fans,WFL-DC-120-RC-5B-42-MCT5-BN-OK,,840378327831,Indoor Ceiling Fan,Hugger Fan Only,42,90.1,3.2,30.7,0.4,,3.0,0,,,,,,,,1,0,,2025-06-03,2025-06-06,United States,ES_1117671_WFL-DC-120-RC-5B-42-MCT5-BN-OK_060920250546170_7743625,0
4430177,Westgate MFG,Westgate,Ceiling Fans,WFL-DC-120-RC-5B-42-MCT5-BN-OK,,840378327831,Indoor Ceiling Fan,Hugger Fan Only,42,90.1,3.2,30.7,0.4,,3.0,0,,,,,,,,1,0,,2025-06-03,2025-06-06,United States,ES_1117671_WFL-DC-120-RC-5B-42-MCT5-BN-OK_060920250926776_2455037,0
4429469,Westgate MFG,Westgate,Ceiling Fans,WFL-DC-121-RC-5B-52-MCT5-*****,",,(Model with suffix ""*"", where ""*"" may be blank or alphanumeric character)",,Indoor Ceiling Fan,Standard Fan Only,52,207.7,2.9,29.4,0.4,,3.0,0,,,,,,,,1,0,,2025-06-06,2025-06-06,United States,ES_1117671_WFL-DC-121-RC-5B-52-MCT5-*****_060620250301605_5189537,0
4430167,Westgate MFG,Westgate,Ceiling Fans,WFL-DC-121-RC-5B-52-MCT5-*****,",,(Model with suffix ""*"", where ""*"" may be blank or alphanumeric character)",,Indoor Ceiling Fan,Standard Fan Only,52,207.7,2.9,29.4,0.4,,3.0,0,,,,,,,,1,0,,2025-06-03,2025-06-06,United States,ES_1117671_WFL-DC-121-RC-5B-52-MCT5-*****_060920250548530_8307768,0
4429470,Westgate MFG,Westgate,Ceiling Fans,WFL-DC-121-RC-5B-52-MCT5-BK-BK,,840378327848,Indoor Ceiling Fan,Standard Fan Only,52,207.7,2.9,29.4,0.4,,3.0,0,,,,,,,,1,0,,2025-06-06,2025-06-06,United States,ES_1117671_WFL-DC-121-RC-5B-52-MCT5-BK-BK_060620250302362_5127304,0
4001279,WAC Lighting,Wac,WAC Fan,F-109L-**,",,where * may be a letter, a number, or blank to denote different color",197179091691;197179091707,Outdoor Ceiling Fan,Standard Fan Only,52,116.2,3.5,36.0,1.4,,3.0,0,,,,,,,,1,0,,2025-02-26,2025-03-20,"United States, Canada",ES_22491_F-109L_031020250241950_5665399,0
3891938,WAC Lighting,Wac,WAC FAN,F-103-**,",,where * may be a letter, a number, or blank to denote different color",197179065883;197179065890,Outdoor Ceiling Fan,Standard Fan Only,56,205.1,2.4,36.1,1.5,,3.0,0,,,,,,,,1,0,,2024-11-21,2024-12-18,"United States, Canada",ES_22491_F-103-**_121820240250834_1098211,0
3891941,WAC Lighting,Wac,WAC FAN,F-103L-**,",,where * may be a letter, a number, or blank to denote different color",197179065869;197179065876,Outdoor Ceiling Fan,Standard Fan Only,56,205.1,2.4,36.1,1.5,,3.0,0,,,,,,,,1,0,,2024-11-21,2024-12-18,"United States, Canada",ES_22491_F-103L-**_12182024030534_1799994,0
2352590,WAC Lighting,Wac Lighting,52 Disc,52WAL-L,"52 Disc,52WAL-L-1,; 52 Disc,F-002L,; 52 Disc,F-033L,",,Indoor Ceiling Fan,Standard Fan with Light Kit,52,237.0,3.1,25.5,0.6,,5.0,0,"Seoul Semiconductor Co., Ltd",2350.0,25.0,0.91,,93.0,54000.0,0,0,,2020-03-01,2020-01-02,"United States, Canada",ES_22491_52WAL-L_01072020015341_2021847,0
2391860,WAC Lighting,Wac Lighting,ATLANTIS,F-072L,,790576889054;790576889061;790576889078,Indoor Ceiling Fan,Hugger Fan with Light Kit,52,93.6,13.4,64.0,0.0,,3.0,0,WAC Lighting Co,1800.0,19.5,0.97,,93.0,50000.0,0,0,,2022-02-15,2022-01-28,"United States, Canada",ES_22491_F-072L_01182022205218_7051673,0
2391859,WAC Lighting,Wac Lighting,ATLANTIS,F-072L-***,",,(*** stands for different colors, where each * can be a letteror a number, or blank)",790576889054;790576889061;790576889078,Indoor Ceiling Fan,Hugger Fan with Light Kit,52,93.6,13.4,64.0,0.0,,3.0,0,WAC Lighting Co,1800.0,19.5,0.97,,93.0,50000.0,0,0,,2022-02-15,2022-01-28,"United States, Canada",ES_22491_F-072L-***_012820220227794_7856923,0
2391858,WAC Lighting,Wac Lighting,ATLANTIS FLUSH,F-073L,,790576889269;790576889276;790576889283,Indoor Ceiling Fan,Hugger Fan with Light Kit,52,80.7,14.2,63.6,0.0,,3.0,0,WAC Lighting Co,1800.0,19.5,0.97,,93.0,50000.0,0,0,,2022-02-15,2022-01-28,"United States, Canada",ES_22491_F-073L_011020220214445_2602678,0
2392699,WAC Lighting,Wac Lighting,ATLANTIS FLUSH,F-073L-***,",,(*** stands for different colors, where each * can be a letter or a number, or blank)",790576889269;790576889276;790576889283,Indoor Ceiling Fan,Hugger Fan with Light Kit,52,80.7,14.2,63.6,0.0,,3.0,0,WAC Lighting Co,1800.0,19.5,0.97,,93.0,50000.0,0,0,,2022-02-15,2022-01-28,"United States, Canada",ES_22491_F-073L-***_020620222131484_5560251,0
2371776,WAC Lighting,Wac Lighting,Blitzen,F-060,,,Indoor Ceiling Fan,Standard Fan Only,54,168.9,5.1,22.0,1.4,,3.0,0,,,,,,,,1,0,,2021-02-01,2020-12-29,"United States, Canada",ES_22491_F-060_122220202031148_4875086,0
2371975,WAC Lighting,Wac Lighting,Blitzen,F-060L,,,Indoor Ceiling Fan,Standard Fan with Light Kit,54,168.9,5.1,22.0,1.4,,3.0,0,WAC Lighting Co,1200.0,15.0,0.86,,94.0,50000.0,1,0,,2021-03-01,2021-01-13,"United States, Canada",ES_22491_F-060L_01132021033702_5138441,0
2371976,WAC Lighting,Wac Lighting,Blitzen,F-060L,,,Indoor Ceiling Fan,Standard Fan with Light Kit,54,168.9,5.1,22.0,1.4,,3.0,0,WAC Lighting Co,1200.0,15.0,0.86,,94.0,50000.0,1,0,,2021-03-01,2021-01-13,"United States, Canada",ES_22491_F-060L_011320210338180_4167636,0
2371977,WAC Lighting,Wac Lighting,Blitzen,F-060L,,,Indoor Ceiling Fan,Standard Fan with Light Kit,54,168.9,5.1,22.0,1.4,,3.0,0,WAC Lighting Co,1200.0,15.0,0.86,,94.0,50000.0,1,0,,2021-03-01,2021-01-13,"United States, Canada",ES_22491_F-060L_123120200026765_9345646,0
2334625,WAC Lighting,Wac Lighting,Ceiling Fan,FH-W1811-54,,,Outdoor Ceiling Fan,Standard Fan Only,54,320.0,3.7,22.8,0.0,,5.0,0,,,,,,,,1,0,,2018-12-31,2019-03-11,"United States, Canada",ES_22491_FH-W1811-54_03122019095819_4699044,1
2334626,WAC Lighting,Wac Lighting,Ceiling Fan,FR-W1811-54,,,Outdoor Ceiling Fan,Standard Fan Only,54,368.0,4.0,20.6,0.0,,5.0,0,,,,,,,,1,0,,2018-12-31,2019-03-11,"United States, Canada",ES_22491_FR-W1811-54_03122019095601_4561403,1
2335027,WAC Lighting,Wac Lighting,Ceiling Fan,FR-W1813-60L,,,Outdoor Ceiling Fan,Standard Fan with Light Kit,60,375.0,3.5,22.2,0.0,,5.0,0,"Seoul Semiconductor Co., Ltd",1500.0,20.0,0.9,,93.0,54000.0,1,0,,2019-01-01,2019-03-21,"United States, Canada",ES_22491_FR-W1813-60L_03222019044008_9608760,1
2335000,WAC Lighting,Wac Lighting,Ceiling Fan,FR-W1814-60L,,,Outdoor Ceiling Fan,Standard Fan with Light Kit,60,276.0,3.8,31.1,0.0,,5.0,0,"Seoul Semiconductor Co., Ltd",1470.0,20.0,0.9,,94.0,54000.0,1,0,,2019-01-01,2019-03-21,"United States, Canada",ES_22491_FR-W1814-60L_03212019053654_6614947,0
2371830,WAC Lighting,Wac Lighting,Eclipse,F-053L,",,3500K",,Indoor Ceiling Fan,Hugger Fan with Light Kit,54,132.8,3.4,36.2,1.4,,3.0,0,WAC Lighting Co,1600.0,20.0,0.89,,93.0,54000.0,1,0,,2021-02-01,2021-01-11,"United States, Canada",ES_22491_F-053L_010820210205943_8837523,0
2371831,WAC Lighting,Wac Lighting,Eclipse,F-053L,",,3000K",,Indoor Ceiling Fan,Hugger Fan with Light Kit,54,132.8,3.4,36.2,1.4,,3.0,0,WAC Lighting Co,1600.0,20.0,0.89,,93.0,54000.0,1,0,,2021-02-01,2021-01-11,"United States, Canada",ES_22491_F-053L_010820210205666_4410563,0
2371832,WAC Lighting,Wac Lighting,Eclipse,F-053L,",,4000K",,Indoor Ceiling Fan,Hugger Fan with Light Kit,54,132.8,3.4,36.2,1.4,,3.0,0,WAC Lighting Co,1600.0,20.0,0.89,,93.0,54000.0,1,0,,2021-02-01,2021-01-11,"United States, Canada",ES_22491_F-053L_010820210206915_1525759,0
2371637,WAC Lighting,Wac Lighting,Hug 52,F-037L,,,Indoor Ceiling Fan,Hugger Fan with Light Kit,52,141.8,4.4,26.0,1.4,,3.0,0,WAC Lighting Co,1600.0,20.0,0.89,,94.0,54000.0,1,0,,2021-01-01,2020-12-04,"United States, Canada",ES_22491_F-037L_121720200236887_2658455,0
2371696,WAC Lighting,Wac Lighting,Hug 52,F-037L,,,Indoor Ceiling Fan,Hugger Fan with Light Kit,52,141.8,4.4,26.0,1.4,,3.0,0,WAC Lighting Co,1600.0,20.0,0.89,,94.0,54000.0,1,0,,2021-01-01,2020-12-04,"United States, Canada",ES_22491_F-037L_010620210328551_8216506,0
2371697,WAC Lighting,Wac Lighting,Hug 52,F-037L,,,Indoor Ceiling Fan,Hugger Fan with Light Kit,52,141.8,4.4,26.0,1.4,,3.0,0,WAC Lighting Co,1600.0,20.0,0.89,,94.0,54000.0,1,0,,2021-01-01,2020-12-04,"United States, Canada",ES_22491_F-037L_010620210328283_9212083,0
2401351,WAC Lighting,Wac Lighting,Malibu,F-089,,,"Outdoor Ceiling Fan,Indoor Ceiling Fan",Standard Fan Only,70,210.4,4.8,36.8,1.4,,3.0,0,,,,,,,,1,0,,2022-12-01,2022-08-25,"United States, Canada",ES_22491_F-089_082520221211874_3636766,0
2392916,WAC Lighting,Modern Forms,SKYLARK,FR-W2202-54L-***/***,",,(***stands for different colors, where each * can be a letter or a number, or blank)",790576944593;790576944609;790576944616,Indoor Ceiling Fan,Standard Fan with Light Kit,54,191.0,3.5,27.8,1.4,,3.0,0,WAC Lighting Co,1670.0,19.5,0.89,,94.0,50000.0,1,0,,2022-02-15,2022-01-11,"United States, Canada",ES_22491_FR-W2202-54L-***/***_021020220040523_7286920,0
2400371,WAC Lighting,Modern Forms,Skylark 62,FR-W2202-62L,,,"Outdoor Ceiling Fan,Indoor Ceiling Fan",Standard Fan with Light Kit,62,226.8,3.8,27.3,1.4,,3.0,0,WAC Lighting Co,1673.0,20.2,0.89,,94.0,54000.0,1,0,,2022-11-15,2022-08-19,"United States, Canada",ES_22491_FR-W2202-62L_081920220623801_9560138,0
2400421,WAC Lighting,Modern Forms,Skylark 62,FR-W2202-62L-***/***,",,(*** stands for different colors, where each * can be a letter or a number, or blank)",790576988795;790576988801;790576988818;790576988825,"Outdoor Ceiling Fan,Indoor Ceiling Fan",Standard Fan with Light Kit,62,226.8,3.8,27.3,1.4,,3.0,0,WAC Lighting Co,1673.0,20.2,0.89,,94.0,54000.0,1,0,,2022-11-15,2022-08-19,"United States, Canada",ES_22491_FR-W2202-62L-***/***_082220220944262_2979073,0
2391578,WAC Lighting,Modern Forms,SKYLARK FLUSH,FH-W2202-54L,,790576944562;790576944579;790576944586,Indoor Ceiling Fan,Standard Fan with Light Kit,54,179.8,3.3,29.8,1.3,,3.0,0,WAC Lighting Co,1670.0,19.5,0.89,,94.0,50000.0,1,0,,2022-02-15,2022-01-11,"United States, Canada",ES_22491_FH-W2202-54L_011020222034124_8616662,0
2391580,WAC Lighting,Modern Forms,SKYLARK FLUSH,FH-W2202-54L-***,",,(*** stands for different colors, where each * can be a letter or a number, or blank)",790576944562;790576944579;790576944586,Indoor Ceiling Fan,Standard Fan with Light Kit,54,179.8,3.3,29.8,1.3,,3.0,0,WAC Lighting Co,1670.0,19.5,0.89,,94.0,50000.0,1,0,,2022-02-15,2022-01-11,"United States, Canada",ES_22491_FH-W2202-54L-***_01212022032043_9499355,0
2391579,WAC Lighting,Modern Forms,SKYLARK FLUSH,FH-W2202-54L-***/***,",,(*** stands for different colors, where each * can be a letter or a number, or blank)",790576944562;790576944579;790576944586,Indoor Ceiling Fan,Standard Fan with Light Kit,54,179.8,3.3,29.8,1.3,,3.0,0,WAC Lighting Co,1670.0,19.5,0.89,,94.0,50000.0,1,0,,2022-02-15,2022-01-11,"United States, Canada",ES_22491_FH-W2202-54L-***/***_012120220320887_5023177,0
2391096,WAC Lighting,Modern Forms,TORQUE,FR-W2204-58,,,Outdoor Ceiling Fan,Standard Fan Only,58,172.0,4.0,39.2,1.5,,3.0,0,,,,,,,,1,0,,2022-03-01,2022-01-20,"United States, Canada",ES_22491_FR-W2204-58_010320222110744_4258819,0
2391095,WAC Lighting,Modern Forms,TORQUE,FR-W2204-58-***,",,*** stands for different colors, where each * can be a letter or a number, or blank",790576956930,Outdoor Ceiling Fan,Standard Fan Only,58,172.0,4.0,39.2,1.5,,3.0,0,,,,,,,,1,0,,2022-03-01,2022-01-20,"United States, Canada",ES_22491_FR-W2204-58-***_010320222110359_1437868,0
2391097,WAC Lighting,Modern Forms,TORQUE,FR-W2204-58-***/***,",,*** stands for different colors, where each * can be a letter or a number, or blank",790576956947;790576956954;790576956961;790576956978,Outdoor Ceiling Fan,Standard Fan Only,58,172.0,4.0,39.2,1.5,,3.0,0,,,,,,,,1,0,,2022-03-01,2022-01-20,"United States, Canada",ES_22491_FR-W2204-58-***/***_010320222110526_5531142,0
2403753,WAC Lighting,Modern Forms,Torque 70,FR-W2204-70,,790576988832;790576988849;790576988856;790576988863;790576988870,"Outdoor Ceiling Fan,Indoor Ceiling Fan",Standard Fan Only,70,245.0,4.8,38.3,1.4,,3.0,0,,,,,,,,1,0,,2023-01-01,2022-10-26,"United States, Canada",ES_22491_FR-W2204-70_102820220230495_9591806,0
2403752,WAC Lighting,Modern Forms,Torque 70,FR-W2204-70-***/***,",,*** is optional to represent any letter or digits for different color and marketing purpose",790576988832;790576988849;790576988856;790576988863;790576988870,"Outdoor Ceiling Fan,Indoor Ceiling Fan",Standard Fan Only,70,245.0,4.8,38.3,1.4,,3.0,0,,,,,,,,1,0,,2023-01-01,2022-10-26,"United States, Canada",ES_22491_FR-W2204-70-***/***_102820220224587_6046181,0
2373593,WAC Lighting,Modern Forms,Twirl,FR-W2103-58L,,,Outdoor Ceiling Fan,Standard Fan with Light Kit,58,201.0,5.3,30.1,1.4,,3.0,0,"Seoul Semiconductor Co., Ltd.",1548.0,20.0,0.89,,93.0,54000.0,1,0,,2021-03-01,2021-02-08,"United States, Canada",ES_22491_FR-W2103-58L_020720211952390_7225060,0
2377755,WAC Lighting,Modern Forms,Ultra,FR-D2102-54U,,,Indoor Ceiling Fan,Standard Fan Only,54,167.7,4.2,25.8,1.4,,3.0,0,,,,,,,,1,0,,2021-07-01,2021-04-28,"United States, Canada",ES_22491_FR-D2102-54U_050820210226849_9964214,0
2358536,WAC Lighting,Modern Forms,Vox Flush,FH-W1802-26L,"Vox Flush,FH-W1802-26L-*,",,Outdoor Ceiling Fan,Standard Fan with Light Kit,26,110.0,3.6,17.4,1.4,,3.0,0,"Seoul Demiconductor Co., Ltd",1050.0,15.0,0.88,,93.0,50000.0,1,0,,2018-08-01,2020-04-27,"United States, Canada",ES_22491_FH-W1802-26L_04272020055549_6949356,0
2359463,WAC Lighting,Modern Forms,Vox Flush,FH-W1802-38L,"Vox Flush,FH-W1802-38L-*,",,Outdoor Ceiling Fan,Standard Fan with Light Kit,38,121.0,4.8,40.7,1.5,,3.0,0,"Seoul Demiconductor Co., Ltd",2200.0,25.0,0.9,,93.0,50000.0,1,0,,2018-08-01,2020-05-06,"United States, Canada",ES_22491_FH-W1802-38L_05072020015742_6662561,0
2359806,WAC Lighting,Modern Forms,Wynd,FR-W1801-42L,",,""*"" can be any length of characters or blank; Wynd,FR-W1801-42L-*,",,Indoor Ceiling Fan,Standard Fan with Light Kit,42,158.0,4.7,27.4,1.4,,3.0,0,"Seoul Demiconductor Co., Ltd",1440.0,20.0,0.9,,93.0,50000.0,1,0,,2018-08-01,2020-05-19,United States,ES_22491_FR-W1801-42L_05192020085511_8511764,0
2359772,WAC Lighting,Modern Forms,Wynd,FR-W1801-52L,",,FR-W1801-52L-* (""*"" can be any length of characters or blank)",,Indoor Ceiling Fan,Standard Fan with Light Kit,52,207.0,4.8,29.7,1.7,,3.0,0,"Seoul Demiconductor Co., Ltd",1440.0,20.0,0.9,,93.0,50000.0,1,0,,2018-08-01,2020-05-18,United States,ES_22491_FR-W1801-52L_05182020025102_0262813,0
2359773,WAC Lighting,Modern Forms,Wynd,FR-W1801-60L,",,FR-W1801-60L-* (""*"" can be any length of characters or blank)",,Indoor Ceiling Fan,Standard Fan with Light Kit,60,184.0,6.5,52.4,1.4,,3.0,0,"Seoul Demiconductor Co., Ltd",1440.0,20.0,0.9,,93.0,50000.0,1,0,,2020-02-01,2020-05-18,United States,ES_22491_FR-W1801-60L_05182020024318_9798216,0
2390591,WAC Lighting,Modern Forms,Wyndmill,FR-W2201-65L,,,Outdoor Ceiling Fan,Standard Fan with Light Kit,65,218.0,5.7,46.0,1.4,,3.0,0,"Seoul Semiconductor Co., Ltd",1671.0,20.0,0.89,,94.0,54000.0,1,0,,2022-03-31,2022-01-04,"United States, Canada",ES_22491_FR-W2201-65L_122820212043515_5691038,0
2390593,WAC Lighting,Modern Forms,Wyndmill,FR-W2201-65L-**,",,** stands for different colors, where each * can be a letter or a number, or blank",790576943732,Outdoor Ceiling Fan,Standard Fan with Light Kit,65,218.0,5.7,46.0,1.4,,3.0,0,"Seoul Semiconductor Co., Ltd",1671.0,20.0,0.89,,94.0,54000.0,1,0,,2022-03-31,2022-01-04,"United States, Canada",ES_22491_FR-W2201-65L-**_011820220151743_7028341,0
2390592,WAC Lighting,Modern Forms,Wyndmill,FR-W2201-65L-**/**,",,** stands for different colors, where each * can be a letter or a number, or blank",790576943725;790576943749,Outdoor Ceiling Fan,Standard Fan with Light Kit,65,218.0,5.7,46.0,1.4,,3.0,0,"Seoul Semiconductor Co., Ltd",1671.0,20.0,0.89,,94.0,54000.0,1,0,,2022-03-31,2022-01-04,"United States, Canada",ES_22491_FR-W2201-65L-**/**_011820220151629_1010967,0
2373167,WAC Lighting,Modern Forms,Wynd XL,FR-W2101-72L,"Wynd XL,FR-W2101-72L-*,""*"" can be any length of characters or blank",,Outdoor Ceiling Fan,Standard Fan with Light Kit,72,266.0,5.3,58.9,1.4,,3.0,0,"Seoul Demiconductor Co., Ltd",1440.0,20.0,0.9,,93.0,50000.0,1,0,,2021-06-15,2021-01-29,"United States, Canada",ES_22491_FR-W2101-72L_020220212024162_6539749,0
3619529,WAC Lighting,Wac,Ceiling Fan,F-036L-**,",,""**"" stands for different colors, where each “*”can be a letter or a number, or blank",790576819686;790576819693;790576819709,"Outdoor Ceiling Fan,Indoor Ceiling Fan",Hugger Fan Only,44,163.0,,25.4,1.4,,5.0,0,,,,,,,,1,1,"Bluetooth,Wi-Fi",2024-07-30,2024-07-30,"United States, Canada",ES_22491_F-036L-**_07302024000000_0201272,0
3543461,WAC Lighting,Wac,Ceiling Fan,F-101-**,,,"Outdoor Ceiling Fan,Indoor Ceiling Fan",Standard Fan Only,65,229.0,,33.4,1.5,,5.0,0,,,,,,,,1,1,"Bluetooth,Wi-Fi",2024-06-07,2024-06-07,"United States, Canada",ES_22491_F-101-**_06072024000000_4921747,0
3543460,WAC Lighting,Wac,Ceiling Fan,F-101L-**,,,"Outdoor Ceiling Fan,Indoor Ceiling Fan",Standard Fan Only,65,229.0,,33.4,1.5,,5.0,0,,,,,,,,1,1,"Bluetooth,Wi-Fi",2024-06-07,2024-06-07,"United States, Canada",ES_22491_F-101L-**_06072024000000_1749165,0
3543465,WAC Lighting,Wac,Ceiling Fan,F-102-**,,,"Outdoor Ceiling Fan,Indoor Ceiling Fan",Standard Fan Only,84,232.0,,50.3,1.4,,5.0,0,,,,,,,,1,1,"Bluetooth,Wi-Fi",2024-06-07,2024-06-07,"United States, Canada",ES_22491_F-102-**_06072024000000_6437656,0
3543464,WAC Lighting,Wac,Ceiling Fan,F-102L-**,,,"Outdoor Ceiling Fan,Indoor Ceiling Fan",Standard Fan Only,84,232.0,,50.3,1.4,,5.0,0,,,,,,,,1,1,"Bluetooth,Wi-Fi",2024-06-07,2024-06-07,"United States, Canada",ES_22491_F-102L-**_06072024000000_9706306,0
2856305,WAC Lighting,Wac,F-099L-**,F-099L-**,",,“**” stands for different colors, where each “*” can be a letter or a number, or blank",,"Outdoor Ceiling Fan,Indoor Ceiling Fan",Standard Fan Only,65,185.5,5.6,38.0,1.4,,5.0,0,,,,,,,,1,0,,2023-12-13,2023-12-13,"United States, Canada",ES_22491_F-099L-**_12132023000000_8545915,0
2856306,WAC Lighting,Wac,F-099L-**,F-099L-**,",,“**” stands for different colors, where each “*” can be a letter or a number, or blank",,"Outdoor Ceiling Fan,Indoor Ceiling Fan",Standard Fan Only,65,185.5,5.6,38.0,1.4,,5.0,0,,,,,,,,1,0,,2023-12-13,2023-12-13,"United States, Canada",ES_22491_F-099L-**_12132023000000_1291585,0
2856307,WAC Lighting,Wac,F-099L-**,F-099L-**,",,“**” stands for different colors, where each “*” can be a letter or a number, or blank",,"Outdoor Ceiling Fan,Indoor Ceiling Fan",Standard Fan Only,65,185.5,5.6,38.0,1.4,,5.0,0,,,,,,,,1,0,,2023-12-13,2023-12-13,"United States, Canada",ES_22491_F-099L-**_12132023000000_7767136,0
2856308,WAC Lighting,Wac,F-099L-**,F-099L-**,",,“**” stands for different colors, where each “*” can be a letter or a number, or blank",,"Outdoor Ceiling Fan,Indoor Ceiling Fan",Standard Fan Only,65,185.5,5.6,38.0,1.4,,5.0,0,,,,,,,,1,0,,2023-12-13,2023-12-13,"United States, Canada",ES_22491_F-099L-**_12132023000000_5885248,0
2386461,WAC Lighting,Wac,"San Francisco 44"" downrod ceiling fan",F-083L-**,",,(Where ** may be A to Z or Blank for different finish color)",,Outdoor Ceiling Fan,Standard Fan with Light Kit,44,160.1,3.6,15.2,1.3,,3.0,0,WAC Lighting Co,1500.0,20.0,0.89,,93.0,50000.0,1,0,,2022-03-01,2021-10-09,"United States, Canada",ES_22491_F-083L-**_102520212035423_8123711,0
2386462,WAC Lighting,Wac,"San Francisco 44"" downrod ceiling fan",F-083L-**,",,(Where ** may be A to Z or Blank for different finish color)",,Outdoor Ceiling Fan,Standard Fan with Light Kit,44,160.1,3.6,15.2,1.3,,3.0,0,WAC Lighting Co,1500.0,20.0,0.89,,93.0,50000.0,1,0,,2022-03-01,2021-10-09,"United States, Canada",ES_22491_F-083L-**_102520212035254_5218287,0
2386468,WAC Lighting,Wac,"San Francisco 44"" downrod ceiling fan",F-083L-**,",,(Where ** may be A to Z or Blank for different finish color)",,Outdoor Ceiling Fan,Standard Fan with Light Kit,44,160.1,3.6,15.2,1.3,,3.0,0,WAC Lighting Co,1500.0,20.0,0.89,,93.0,50000.0,1,0,,2022-03-01,2021-10-09,"United States, Canada",ES_22491_F-083L-MW_100920210415572_1968251,0
2386460,WAC Lighting,Wac,"San Francisco 44"" downrod ceiling fan",F-083L-MB,,790576890982,Outdoor Ceiling Fan,Standard Fan with Light Kit,44,160.1,3.6,15.2,1.3,,3.0,0,WAC Lighting Co,1500.0,20.0,0.89,,93.0,50000.0,1,0,,2022-03-01,2021-10-09,"United States, Canada",ES_22491_F-083L-MB_102520212036235_9129719,0
2386466,WAC Lighting,Wac,"San Francisco 44"" downrod ceiling fan",F-083L-MB,,790576890982,Outdoor Ceiling Fan,Standard Fan with Light Kit,44,160.1,3.6,15.2,1.3,,3.0,0,WAC Lighting Co,1500.0,20.0,0.89,,93.0,50000.0,1,0,,2022-03-01,2021-10-09,"United States, Canada",ES_22491_F-083L-MB_10252021203561_2516542,0
2386467,WAC Lighting,Wac,"San Francisco 44"" downrod ceiling fan",F-083L-MB,,790576890982,Outdoor Ceiling Fan,Standard Fan with Light Kit,44,160.1,3.6,15.2,1.3,,3.0,0,WAC Lighting Co,1500.0,20.0,0.89,,93.0,50000.0,1,0,,2022-03-01,2021-10-09,"United States, Canada",ES_22491_F-083L-MB_102520212036329_1330007,0
2386463,WAC Lighting,Wac,"San Francisco 44"" downrod ceiling fan",F-083L-MW,,790576890999,Outdoor Ceiling Fan,Standard Fan with Light Kit,44,160.1,3.6,15.2,1.3,,3.0,0,WAC Lighting Co,1500.0,20.0,0.89,,93.0,50000.0,1,0,,2022-03-01,2021-10-09,"United States, Canada",ES_22491_F-083L-MW_10252021203604_2166046,0
2386464,WAC Lighting,Wac,"San Francisco 44"" downrod ceiling fan",F-083L-MW,,790576890999,Outdoor Ceiling Fan,Standard Fan with Light Kit,44,160.1,3.6,15.2,1.3,,3.0,0,WAC Lighting Co,1500.0,20.0,0.89,,93.0,50000.0,1,0,,2022-03-01,2021-10-09,"United States, Canada",ES_22491_F-083L-MW_102520212036166_4958509,0
2386465,WAC Lighting,Wac,"San Francisco 44"" downrod ceiling fan",F-083L-MW,,790576890999,Outdoor Ceiling Fan,Standard Fan with Light Kit,44,160.1,3.6,15.2,1.3,,3.0,0,WAC Lighting Co,1500.0,20.0,0.89,,93.0,50000.0,1,0,,2022-03-01,2021-10-09,"United States, Canada",ES_22491_F-083L-MW_102520212039680_8307734,0
2386523,WAC Lighting,Wac,"San Francisco 44"" Flush ceiling fan",F-084L-**,",,(Where ** may be A to Z or Blank for different finish color)",,Outdoor Ceiling Fan,Hugger Fan with Light Kit,44,146.7,3.7,15.6,1.3,,3.0,0,WAC Lighting Co,1500.0,20.0,0.89,,93.0,50000.0,1,0,,2022-03-01,2021-10-09,"United States, Canada",ES_22491_F-084L-MW_101020212155383_2441115,0
2386524,WAC Lighting,Wac,"San Francisco 44"" Flush ceiling fan",F-084L-**,",,(Where ** may be A to Z or Blank for different finish color)",,Outdoor Ceiling Fan,Hugger Fan with Light Kit,44,146.7,3.7,15.6,1.3,,3.0,0,WAC Lighting Co,1500.0,20.0,0.89,,93.0,50000.0,1,0,,2022-03-01,2021-10-09,"United States, Canada",ES_22491_F-084L-**_102520212114272_6756346,0
2386525,WAC Lighting,Wac,"San Francisco 44"" Flush ceiling fan",F-084L-**,",,(Where ** may be A to Z or Blank for different finish color)",,Outdoor Ceiling Fan,Hugger Fan with Light Kit,44,146.7,3.7,15.6,1.3,,3.0,0,WAC Lighting Co,1500.0,20.0,0.89,,93.0,50000.0,1,0,,2022-03-01,2021-10-09,"United States, Canada",ES_22491_F-084L-**_10252021211493_8746619,0
2386469,WAC Lighting,Wac,"San Francisco 44"" Flush ceiling fan",F-084L-MB,,790576891002,Outdoor Ceiling Fan,Hugger Fan with Light Kit,44,146.7,3.7,15.6,1.3,,3.0,0,WAC Lighting Co,1500.0,20.0,0.89,,93.0,50000.0,1,0,,2022-03-01,2021-10-09,"United States, Canada",ES_22491_F-084L-MB_102520212114921_9577604,0
2386470,WAC Lighting,Wac,"San Francisco 44"" Flush ceiling fan",F-084L-MB,,790576891002,Outdoor Ceiling Fan,Hugger Fan with Light Kit,44,146.7,3.7,15.6,1.3,,3.0,0,WAC Lighting Co,1500.0,20.0,0.89,,93.0,50000.0,1,0,,2022-03-01,2021-10-09,"United States, Canada",ES_22491_F-084L-MB_102520212115348_2159029,0
2386471,WAC Lighting,Wac,"San Francisco 44"" Flush ceiling fan",F-084L-MB,,790576891002,Outdoor Ceiling Fan,Hugger Fan with Light Kit,44,146.7,3.7,15.6,1.3,,3.0,0,WAC Lighting Co,1500.0,20.0,0.89,,93.0,50000.0,1,0,,2022-03-01,2021-10-09,"United States, Canada",ES_22491_F-084L-MB_102520212114520_7056005,0
2386472,WAC Lighting,Wac,"San Francisco 44"" Flush ceiling fan",F-084L-MW,,790576891019,Outdoor Ceiling Fan,Hugger Fan with Light Kit,44,146.7,3.7,15.6,1.3,,3.0,0,WAC Lighting Co,1500.0,20.0,0.89,,93.0,50000.0,1,0,,2022-03-01,2021-10-09,"United States, Canada",ES_22491_F-084L-MW_10252021211509_5165539,0
2386473,WAC Lighting,Wac,"San Francisco 44"" Flush ceiling fan",F-084L-MW,,790576891019,Outdoor Ceiling Fan,Hugger Fan with Light Kit,44,146.7,3.7,15.6,1.3,,3.0,0,WAC Lighting Co,1500.0,20.0,0.89,,93.0,50000.0,1,0,,2022-03-01,2021-10-09,"United States, Canada",ES_22491_F-084L-MW_102520212115420_5013437,0
2386474,WAC Lighting,Wac,"San Francisco 44"" Flush ceiling fan",F-084L-MW,,790576891019,Outdoor Ceiling Fan,Hugger Fan with Light Kit,44,146.7,3.7,15.6,1.3,,3.0,0,WAC Lighting Co,1500.0,20.0,0.89,,93.0,50000.0,1,0,,2022-03-01,2021-10-09,"United States, Canada",ES_22491_F-084L-MW_102520212115184_2113635,0
2386789,WAC Lighting,Wac,"San Francisco 52"" downrod ceiling fan",F-081L-**,",,(Where ** may be A to Z or Blank for different finish color)",,Outdoor Ceiling Fan,Standard Fan with Light Kit,52,171.6,3.5,25.0,1.4,,3.0,0,WAC Lighting Co,1500.0,20.0,0.89,,93.0,50000.0,1,0,,2022-03-01,2021-10-09,"United States, Canada",ES_22491_F-081L-**_102720212209311_4807441,0
2386792,WAC Lighting,Wac,"San Francisco 52"" downrod ceiling fan",F-081L-**,",,(Where ** may be A to Z or Blank for different finish color)",,Outdoor Ceiling Fan,Standard Fan with Light Kit,52,171.6,3.5,25.0,1.4,,3.0,0,WAC Lighting Co,1500.0,20.0,0.89,,93.0,50000.0,1,0,,2022-03-01,2021-10-09,"United States, Canada",ES_22491_F-081L-**_102720212208320_2900586,0
2386793,WAC Lighting,Wac,"San Francisco 52"" downrod ceiling fan",F-081L-**,",,(Where ** may be A to Z or Blank for different finish color)",,Outdoor Ceiling Fan,Standard Fan with Light Kit,52,171.6,3.5,25.0,1.4,,3.0,0,WAC Lighting Co,1500.0,20.0,0.89,,93.0,50000.0,1,0,,2022-03-01,2021-10-09,"United States, Canada",ES_22491_F-081L-**_102720212209538_9431621,0
2386533,WAC Lighting,Wac,"San Francisco 52"" downrod ceiling fan",F-081L-MB,,790576890944,Outdoor Ceiling Fan,Standard Fan with Light Kit,52,171.6,3.5,25.0,1.4,,3.0,0,WAC Lighting Co,1500.0,20.0,0.89,,93.0,50000.0,1,0,,2022-03-01,2021-10-09,"United States, Canada",ES_22491_F-081L-MW_100920210035201_4196838,0
2386787,WAC Lighting,Wac,"San Francisco 52"" downrod ceiling fan",F-081L-MB,,790576890944,Outdoor Ceiling Fan,Standard Fan with Light Kit,52,171.6,3.5,25.0,1.4,,3.0,0,WAC Lighting Co,1500.0,20.0,0.89,,93.0,50000.0,1,0,,2022-03-01,2021-10-09,"United States, Canada",ES_22491_F-081L-MB_102720212209749_6516413,0
2386790,WAC Lighting,Wac,"San Francisco 52"" downrod ceiling fan",F-081L-MB,,790576890944,Outdoor Ceiling Fan,Standard Fan with Light Kit,52,171.6,3.5,25.0,1.4,,3.0,0,WAC Lighting Co,1500.0,20.0,0.89,,93.0,50000.0,1,0,,2022-03-01,2021-10-09,"United States, Canada",ES_22491_F-081L-MB_102720212210457_8524688,0
2386803,WAC Lighting,Wac,"San Francisco 52"" downrod ceiling fan",F-081L-MB,,790576890944,Outdoor Ceiling Fan,Standard Fan with Light Kit,52,171.6,3.5,25.0,1.4,,3.0,0,WAC Lighting Co,1500.0,20.0,0.89,,93.0,50000.0,1,0,,2022-03-01,2021-10-09,"United States, Canada",ES_22491_F-081L-MB_102720212226245_1868654,0
2386786,WAC Lighting,Wac,"San Francisco 52"" downrod ceiling fan",F-081L-MW,,790576890951,Outdoor Ceiling Fan,Standard Fan with Light Kit,52,171.6,3.5,25.0,1.4,,3.0,0,WAC Lighting Co,1500.0,20.0,0.89,,93.0,50000.0,1,0,,2022-03-01,2021-10-09,"United States, Canada",ES_22491_F-081L-MW_102720212211616_7068669,0
2386788,WAC Lighting,Wac,"San Francisco 52"" downrod ceiling fan",F-081L-MW,,790576890951,Outdoor Ceiling Fan,Standard Fan with Light Kit,52,171.6,3.5,25.0,1.4,,3.0,0,WAC Lighting Co,1500.0,20.0,0.89,,93.0,50000.0,1,0,,2022-03-01,2021-10-09,"United States, Canada",ES_22491_F-081L-MW_102720212210323_2358411,0
2386791,WAC Lighting,Wac,"San Francisco 52"" downrod ceiling fan",F-081L-MW,,790576890951,Outdoor Ceiling Fan,Standard Fan with Light Kit,52,171.6,3.5,25.0,1.4,,3.0,0,WAC Lighting Co,1500.0,20.0,0.89,,93.0,50000.0,1,0,,2022-03-01,2021-10-09,"United States, Canada",ES_22491_F-081L-MW_102720212210245_7274913,0
4430166,Westgate MFG,Westgate,Ceiling Fans,WFL-DC-121-RC-5B-52-MCT5-BK-BK,,840378327848,Indoor Ceiling Fan,Standard Fan Only,52,207.7,2.9,29.4,0.4,,3.0,0,,,,,,,,1,0,,2025-06-03,2025-06-06,United States,ES_1117671_WFL-DC-121-RC-5B-52-MCT5-BK-BK_060920250547199_8822925,0
4429472,Westgate MFG,Westgate,Ceiling Fans,WFL-DC-122-RC-3B-46-MCT5-*****,",,(Model with suffix ""*"", where ""*"" may be blank or alphanumeric character)",,"Outdoor Ceiling Fan,Indoor Ceiling Fan",Standard Fan Only,46,225.5,2.5,18.6,0.5,,3.0,0,,,,,,,,1,0,,2025-06-06,2025-06-06,United States,ES_1117671_WFL-DC-122-RC-3B-46-MCT5-*****_060620250320220_9702896,0
4430169,Westgate MFG,Westgate,Ceiling Fans,WFL-DC-122-RC-3B-46-MCT5-*****,",,(Model with suffix ""*"", where ""*"" may be blank or alphanumeric character)",,"Outdoor Ceiling Fan,Indoor Ceiling Fan",Standard Fan Only,46,225.5,2.5,18.6,0.5,,3.0,0,,,,,,,,1,0,,2025-06-03,2025-06-06,United States,ES_1117671_WFL-DC-122-RC-3B-46-MCT5-*****_060920250548236_9599865,0
4430180,Westgate MFG,Westgate,Ceiling Fans,WFL-DC-122-RC-3B-46-MCT5-*****,",,(Model with suffix ""*"",where ""*"" may be blank or alphanumeric character)",,"Outdoor Ceiling Fan,Indoor Ceiling Fan",Standard Fan Only,46,225.5,2.5,18.6,0.5,,3.0,0,,,,,,,,1,0,,2025-06-03,2025-06-06,United States,ES_1117671_WFL-DC-122-RC-3B-46-MCT5-*****_060920250928389_9825992,0
4429471,Westgate MFG,Westgate,Ceiling Fans,WFL-DC-122-RC-3B-46-MCT5-BK-RW,,840378327855,"Outdoor Ceiling Fan,Indoor Ceiling Fan",Standard Fan Only,46,225.5,2.5,18.6,0.5,,3.0,0,,,,,,,,1,0,,2025-06-06,2025-06-06,United States,ES_1117671_WFL-DC-122-RC-3B-46-MCT5-BK-RW_052820250233340_8814398,0
4430168,Westgate MFG,Westgate,Ceiling Fans,WFL-DC-122-RC-3B-46-MCT5-BK-RW,,840378327855,"Outdoor Ceiling Fan,Indoor Ceiling Fan",Standard Fan Only,46,225.5,2.5,18.6,0.5,,3.0,0,,,,,,,,1,0,,2025-06-03,2025-06-06,United States,ES_1117671_WFL-DC-122-RC-3B-46-MCT5-BK-RW_06092025054869_7673637,0
4430181,Westgate MFG,Westgate,Ceiling Fans,WFL-DC-122-RC-3B-46-MCT5-BK-RW,,840378327855,"Outdoor Ceiling Fan,Indoor Ceiling Fan",Standard Fan Only,46,225.5,2.5,18.6,0.5,,3.0,0,,,,,,,,1,0,,2025-06-03,2025-06-06,United States,ES_1117671_WFL-DC-122-RC-3B-46-MCT5-BK-RW_060920250928290_8050020,0
4429489,Westgate MFG,Westgate,Ceiling Fans,WFL-DC-123-RC-3B-56-MCT5-*****,",,(Model with suffix ""*"", where ""*"" may be blank or alphanumeric character)",,Indoor Ceiling Fan,Standard Fan Only,56,215.7,3.8,42.5,0.3,,3.0,0,,,,,,,,1,0,,2025-06-03,2025-06-06,United States,ES_1117671_WFL-DC-123-RC-3B-56-MCT5-*****_06062025132370_3286659,0
4429490,Westgate MFG,Westgate,Ceiling Fans,WFL-DC-123-RC-3B-56-MCT5-BN-NW,,840378327862,Indoor Ceiling Fan,Standard Fan Only,56,215.7,3.8,42.5,0.3,,3.0,0,,,,,,,,1,0,,2025-06-03,2025-06-06,United States,ES_1117671_WFL-DC-123-RC-3B-56-MCT5-BN-NW_052820250308103_2557445,0
4429487,Westgate MFG,Westgate,Ceiling Fans,WFL-DC-124-RC-3B-52-MCT5-*****,",,(Model with suffix ""*"", where ""*"" may be blank or alphanumeric character)",,Indoor Ceiling Fan,Standard Fan Only,52,214.6,3.6,35.2,0.3,,3.0,0,,,,,,,,1,0,,2025-06-03,2025-06-06,United States,ES_1117671_WFL-DC-124-RC-3B-52-MCT5-*****_060620251327174_8717934,0
4429488,Westgate MFG,Westgate,Ceiling Fans,WFL-DC-124-RC-3B-52-MCT5-BK-BK,,840378327886,Indoor Ceiling Fan,Standard Fan Only,52,214.6,3.6,35.2,0.3,,3.0,0,,,,,,,,1,0,,2025-06-03,2025-06-06,United States,ES_1117671_WFL-DC-124-RC-3B-52-MCT5-BK-BK_060620251326634_6869973,0
4429485,Westgate MFG,Westgate,Ceiling Fans,WFL-DC-124-RC-3B-52-MCT5-BN-NW,,840378327879,Indoor Ceiling Fan,Standard Fan Only,52,214.6,3.6,35.2,0.3,,3.0,0,,,,,,,,1,0,,2025-06-03,2025-06-06,United States,ES_1117671_WFL-DC-124-RC-3B-52-MCT5-BN-NW_052820250330825_3770427,0
4429486,Westgate MFG,Westgate,Ceiling Fans,WFL-DC-124-RC-3B-52-MCT5-WH-WH,,840378327893,Indoor Ceiling Fan,Standard Fan Only,52,214.6,3.6,35.2,0.3,,3.0,0,,,,,,,,1,0,,2025-06-03,2025-06-06,United States,ES_1117671_WFL-DC-124-RC-3B-52-MCT5-WH-WH_060620251326662_7391419,0
4429494,Westgate MFG,Westgate,Ceiling Fans,WFL-DC-125-RC-3B-52-MCT5-*****,",,(Model with suffix ""*"", where ""*"" may be blank or alphanumeric character)",,Indoor Ceiling Fan,Standard Fan Only,52,193.9,2.8,28.2,0.4,,3.0,0,,,,,,,,1,0,,2025-06-03,2025-06-06,United States,ES_1117671_WFL-DC-125-RC-3B-52-MCT5-*****_060620251301959_3994545,0
4429493,Westgate MFG,Westgate,Ceiling Fans,WFL-DC-125-RC-3B-52-MCT5-AZ-BK,,840378327916,Indoor Ceiling Fan,Standard Fan Only,52,193.9,2.8,28.2,0.4,,3.0,0,,,,,,,,1,0,,2025-06-03,2025-06-06,United States,ES_1117671_WFL-DC-125-RC-3B-52-MCT5-AZ-BK_060620251302572_8329031,0
4429492,Westgate MFG,Westgate,Ceiling Fans,WFL-DC-125-RC-3B-52-MCT5-BN-BK,,840378327923,Indoor Ceiling Fan,Standard Fan Only,52,193.9,2.8,28.2,0.4,,3.0,0,,,,,,,,1,0,,2025-06-03,2025-06-06,United States,ES_1117671_WFL-DC-125-RC-3B-52-MCT5-BN-BK_060620251300733_5008537,0
4429491,Westgate MFG,Westgate,Ceiling Fans,WFL-DC-125-RC-3B-52-MCT5-GD-BK,,840378327909,Indoor Ceiling Fan,Standard Fan Only,52,193.9,2.8,28.2,0.4,,3.0,0,,,,,,,,1,0,,2025-06-03,2025-06-06,United States,ES_1117671_WFL-DC-125-RC-3B-52-MCT5-GD-BK_052820250248618_2333501,0
2667915,Wind River,Wind River,CF352KR-WR2115,CF352KR-WR2115,,845952025639;845952025646;845952025653,Indoor Ceiling Fan,Standard Fan with Light Kit,52,170.2,2.7,32.7,0.8,,,0,,,,,,,,1,0,,2023-07-15,2023-09-15,United States,ES_1149247_CF352KR-WR2115_09132023105715_5560724,0
3844953,Wind River,Wind River,CF352KR-WR2115,CF352KR-WR2115,,845952025639;845952025646;845952025653,Indoor Ceiling Fan,Standard Fan with Light Kit,52,170.3,2.7,32.7,0.8,,,0,,,,,,,,1,0,,2023-07-15,2024-12-02,United States,ES_1149247_CF352KR-WR2115_11112024103045_4241754,0
