ENERGY STAR Unique ID,ENERGY STAR Partner,Brand Name,Model Name,Model Number,Additional Model Information,UPC,Product Type,Oven Classification,Size,Heat Source Fuel Type,Input Rate (kW),Input Rate (Btu/hr),Gas Oven Convection Mode Pre-Heat Energy (Btu),Electric Oven Convection Mode Pre-Heat Energy (kWh),Convection Mode Pre-Heat Time (min),Gas Oven Steam Mode Pre-Heat Energy (Btu),Electric Oven Steam Mode Pre-Heat Energy (kWh),Steam Mode Pre-Heat Time (min),Electric Oven Convection Mode Idle Energy Rate (kW),Gas Oven Convection Mode Idle Energy Rate (Btu/hr),Gas Oven Convection Mode Electric Idle Energy Rate (kW),Gas Oven Convection Mode Total Idle Energy Rate (Btu/hr),Method of Steam Generation,Half-Size and Full-Size Steam Pan Capacity,Two-Thirds-Size Steam Pan Capacity,Half-Size Sheet Pan Capacity,Full-Size Sheet Pan Capacity,Electric Oven Steam Mode Idle Energy Rate (kW),Gas Oven Steam Mode Idle Energy Rate (Btu/hr),Gas Oven Steam Mode Electric Idle Energy Rate (kW),Gas Oven Steam Mode Total Idle Energy Rate (Btu/hr),Convection Mode Cooking Energy Efficiency (%),Steam Mode Cooking Energy Efficiency (%),Convection Mode Production Capacity (lbs/hr),Steam Mode Production Capacity (lbs/hr),Convection Mode Cooking Period Water Consumption (gal/pan),Convection Mode Idle Period Water Consumption (gal/hr/pan),Steam Mode Cooking Period Water Consumption (gal/pan),Steam Mode Idle Period Water Consumption (gal/hr/pan),Rack Oven Baking-Energy Efficiency (%),Baking Production Capacity (lbs/hr),Set-Back Idle Mode,Steam Injection Period Water Consumption (gal/min),Date Available on Market,Date Certified,Markets,CB Model Identifier
3942789,"Alto-Shaam, Inc.",Alto-Shaam,CTP10-20G,CTP10-20G,,,Combination,"Type I - Table, countertop, and stand mounted units",Full-size,Gas,,132802.0,9411.0,,7.5,5362.0,,2.3,,6355.0,0.62,8471.0,Boiler-less/Spritzer/Injector,22.0,,,22.0,,9059.0,0.56,10969.0,64.0,51.0,239.0,312.0,0.03,0.01,0.14,0.03,,,,,2024-12-31,2024-12-09,"United States, Canada",ES_1017906_CTP10-20G_01162025160589_4511278
3722150,"Alto-Shaam, Inc.",Alto-Shaam - Prodigi Classic,CTC20-10G,CTC20-10G,,,Combination,Type II - Floor and roll-in units,Full-size,Gas,,153023.0,13106.0,,5.5,7568.0,,3.4,,6552.0,1.12,10375.0,Boiler-less/Spritzer/Injector,20.0,,,20.0,,8460.0,0.71,10883.0,64.0,55.0,241.0,323.0,0.01,,0.33,0.2,,,,,2024-11-05,2024-10-29,"United States, Canada",ES_1017906_CTC20-10G_110420241754982_6404236
3722082,"Alto-Shaam, Inc.",Alto-Shaam - Prodigi Classic,CTC20-20E,CTC20-20E,,,Combination,Type II - Floor and roll-in units,Full-size,Electric,76400.0,,,3.0,2.68,,3.0,2.93,3.43,,,,Boiler-less/Spritzer/Injector,40.0,,,40.0,3.45,,,,87.0,74.0,370.0,712.0,0.27,,0.12,0.11,,,,,2024-11-01,2024-10-21,"United States, Canada",ES_1017906_CTC20-20E_103120241848149_2429147
2407803,"Alto-Shaam, Inc.",Alto-Shaam - Prodigi Classic,CTP20-20G,CTP20-20G,,,Combination,Type II - Floor and roll-in units,Full-size,Gas,,266000.0,14770.0,,4.02,16034.0,,4.55,,9215.0,0.65,9790.0,Boiler-less/Spritzer/Injector,40.0,,,40.0,,9397.0,0.21,14525.0,63.0,57.0,432.0,591.0,0.02,0.08,0.12,0.3,,,,,2023-02-01,2023-02-02,"United States, Canada",ES_1017906_CTP20-20G_12302016142007_7607471
2407802,"Alto-Shaam, Inc.",Alto-Shaam - Prodigi Pro,CTC20-20G,CTC20-20G,,,Combination,Type II - Floor and roll-in units,Full-size,Gas,,266000.0,14770.0,,4.02,16034.0,,4.55,,9215.0,0.65,9790.0,Boiler-less/Spritzer/Injector,40.0,,,40.0,,9397.0,0.21,14525.0,63.0,57.0,432.0,591.0,0.02,0.08,0.12,0.3,,,,,2023-02-01,2023-02-02,"United States, Canada",ES_1017906_CTC20-20G_020120232003723_8914044
3626798,"Alto-Shaam, Inc.",Alto-Shaam - Prodigi Pro,CTP10-10G,CTP10-10G,,,Combination,"Type I - Table, countertop, and stand mounted units",Half-size,Gas,,79985.0,7774.0,,6.3,5784.0,,4.2,,4818.0,0.62,6933.0,Boiler-less/Spritzer/Injector,,,11.0,,,6266.0,0.54,8123.0,60.0,43.0,130.0,182.0,0.0,0.0,0.27,0.36,,,,,2024-09-01,2024-08-28,"United States, Canada",ES_1017906_CTP10-10G_082920241707337_4954330
3722083,"Alto-Shaam, Inc.",Alto-Shaam - Prodigi Pro,CTP10-20E,CTP10-20E,,,Combination,"Type I - Table, countertop, and stand mounted units",Full-size,Electric,36809.0,,,1.0,2.38,,1.0,2.37,2.01,,,,Boiler-less/Spritzer/Injector,22.0,,,22.0,3.27,,,,85.0,62.0,201.0,276.0,0.23,,0.15,0.18,,,,,2024-11-01,2024-10-21,"United States, Canada",ES_1017906_CTP10-20E_103120241849230_7483002
3722149,"Alto-Shaam, Inc.",Alto-Shaam - Prodigi Pro,CTP20-10G,CTP20-10G,,,Combination,Type II - Floor and roll-in units,Full-size,Gas,,153023.0,13106.0,,5.5,7568.0,,3.4,,6552.0,1.12,10375.0,Boiler-less/Spritzer/Injector,20.0,,,20.0,,8460.0,0.71,10883.0,64.0,55.0,241.0,323.0,0.01,,0.33,0.2,,,,,2024-11-05,2024-10-29,"United States, Canada",ES_1017906_CTP20-10G_110420241754760_8680898
3722084,"Alto-Shaam, Inc.",Alto-Shaam - Prodigi Pro,CTP20-20E,CTP20-20E,,,Combination,Type II - Floor and roll-in units,Full-size,Electric,76400.0,,,3.0,2.68,,3.0,2.93,3.43,,,,Boiler-less/Spritzer/Injector,40.0,,,40.0,3.45,,,,87.0,74.0,370.0,712.0,0.27,,0.12,0.11,,,,,2024-11-01,2024-10-21,"United States, Canada",ES_1017906_CTP20-20E_103120241848262_2306748
3626799,"Alto-Shaam, Inc.",Alto-Shaam - Prodigi Pro,CTP6-10G,CTP6-10G,,,Combination,"Type I - Table, countertop, and stand mounted units",Half-size,Gas,,49349.0,5649.0,,11.1,3403.0,,4.2,,4725.0,0.21,5428.0,Boiler-less/Spritzer/Injector,,,7.0,,,4898.0,0.29,5901.0,58.0,41.0,64.0,113.0,0.04,0.2,0.29,0.85,,,,,2024-09-01,2024-08-28,"United States, Canada",ES_1017906_CTP6-10G_082920241707583_5210956
2407806,"Alto-Shaam, Inc.",Alto-Shaam - Prodigi Pro,CTP7-20E,CTP7-20E,,,Combination,"Type I - Table, countertop, and stand mounted units",Full-size,Electric,25.5,,,1.0,2.97,,1.0,3.58,1.66,,,,Boiler-less/Spritzer/Injector,16.0,,,16.0,2.53,,,,83.0,67.0,161.0,145.0,0.17,0.0,0.07,0.02,,,,,2023-02-01,2023-02-02,"United States, Canada",ES_1017906_CTP7-20E_02112015164734_3254873
2407804,"Alto-Shaam, Inc.",Alto-Shaam - Prodigi Pro,CTP7-20G,CTP7-20G,,,Combination,"Type I - Table, countertop, and stand mounted units",Full-size,Gas,,98000.0,7018.0,,4.75,6967.0,,4.35,,5411.0,0.62,7526.0,Boiler-less/Spritzer/Injector,16.0,,,16.0,,8896.0,0.58,10875.0,65.0,52.0,157.0,230.0,0.17,0.0,0.13,0.05,,,,,2023-02-01,2023-02-02,"United States, Canada",ES_1017906_CTP7-20G_12302016141928_7568140
3478013,American Range Corporation,American Range,M-HE,M-HE,,,Convection,Type II - Floor and roll-in units,Full-size,Gas,,70000.0,12801.0,,11.97,,,,,8325.0,0.01,8325.0,Boiler-less/Spritzer/Injector,,,,5.0,,,,,52.0,,93.07,,0.0,0.0,,,,,,,2020-04-15,2024-04-09,"United States, Canada",ES_1099057_M1-HE_04092024135542_2308923
3387800,American Range Corporation,American Range,MSD-HE,MSD-HE,,,Convection,Type II - Floor and roll-in units,Full-size,Gas,,54000.0,9657.0,,11.18,,,,,8671.0,0.65,10899.0,Boiler-less/Spritzer/Injector,,,,5.0,,,,,51.0,,96.51,,0.0,0.0,,,,,,,2020-04-15,2024-01-26,United States,ES_1099057_MSD-1HE_01262024132956_6127893
3998214,Angelo Po Grandi Cucine S.p.A. con Socio Unico,Angelo Po,AT122E,AT122E,,,Combination,Type II - Floor and roll-in units,Full-size,Electric,26.0,,,2.0,4.1,,1.0,3.02,1.8,,,,Boiler-less/Spritzer/Injector,24.0,,,24.0,2.06,,,,80.0,63.0,194.0,227.0,0.04,0.03,0.09,0.06,,,,,2025-03-01,2025-02-18,"United States, Canada",ES_1142603_AT122E_021820252219607_7552723
4016320,Angelo Po Grandi Cucine S.p.A. con Socio Unico,Angelo Po,AT122E**,AT122E**,,,Combination,Type II - Floor and roll-in units,Full-size,Electric,26.0,,,2.0,4.1,,1.0,3.02,1.8,,,,Boiler-less/Spritzer/Injector,24.0,,,24.0,2.06,,,,80.0,63.0,194.0,227.0,0.04,0.03,0.09,0.06,,,,0.0,2025-05-01,2025-04-25,"United States, Canada",ES_1142603_AT122E**_042520252035571_3457105
3998215,Angelo Po Grandi Cucine S.p.A. con Socio Unico,Angelo Po,AT122G,AT122G,,,Combination,Type II - Floor and roll-in units,Full-size,Gas,,121000.0,8888.0,,4.41,5167.0,,2.58,,6299.0,0.4,7596.0,Boiler-less/Spritzer/Injector,24.0,,,24.0,,8153.0,0.33,9292.0,61.0,55.0,189.0,260.0,0.05,,0.11,0.04,,,,,2025-03-01,2025-02-18,"United States, Canada",ES_1142603_AT122G_021820252220517_5858621
4016321,Angelo Po Grandi Cucine S.p.A. con Socio Unico,Angelo Po,AT122G**,AT122G**,,,Combination,Type II - Floor and roll-in units,Full-size,Gas,,121000.0,8888.0,,4.41,5167.0,,2.58,,6299.0,0.4,7596.0,Boiler-less/Spritzer/Injector,24.0,,,24.0,,8153.0,0.33,9292.0,61.0,55.0,189.0,260.0,0.05,,0.11,0.04,,,,,2025-05-01,2025-04-25,"United States, Canada",ES_1142603_AT122G**_042520252033215_1617455
3998216,Angelo Po Grandi Cucine S.p.A. con Socio Unico,Angelo Po,AT82E,AT82E,,,Combination,Type II - Floor and roll-in units,Full-size,Electric,18.5,,,1.0,4.34,,1.0,2.56,0.7,,,,Boiler-less/Spritzer/Injector,16.0,,,16.0,0.83,,,,79.0,62.0,132.0,176.0,,,0.11,0.07,,,,,2025-03-01,2025-02-18,"United States, Canada",ES_1142603_AT82E_021820252220117_7765001
4016322,Angelo Po Grandi Cucine S.p.A. con Socio Unico,Angelo Po,AT82E**,AT82E**,,,Combination,Type II - Floor and roll-in units,Full-size,Electric,18.5,,,1.0,4.34,,1.0,2.56,0.7,,,,Boiler-less/Spritzer/Injector,16.0,,,16.0,0.83,,,,79.0,62.0,132.0,176.0,,,0.11,0.07,,,,0.0,2025-05-01,2025-04-25,"United States, Canada",ES_1142603_AT82E**_042520252036716_4784830
4439622,Convotherm (A division of Welbilt),Convotherm,Cmn 10.10 pro BL,Cmn 10.10 pro BL,,,Combination,Type II - Floor and roll-in units,Full-size,Electric,8.3,,,1.0,4.92,,0.0,2.08,0.72,,,,Boiler-less/Spritzer/Injector,8.0,,,,0.89,,,,80.0,70.0,,,,0.0,,0.13,,,,,2025-06-06,2025-07-01,"United States, Canada",ES_1123347_Cmn 10.10 pro BL_061020250910471_3745912
4439626,Convotherm (A division of Welbilt),Convotherm,Cmn 6.06 pro,Cmn 6.06 pro,,,Combination,"Type I - Table, countertop, and stand mounted units",Two-thirds size,Electric,4.7,,,0.0,6.72,,0.0,2.3,0.54,,,,Boiler-less/Spritzer/Injector,,5.0,,,0.49,,,,76.0,69.0,,,,0.0,,0.0,,,,,2025-06-06,2025-07-01,"United States, Canada",ES_1123347_Cmn 6.06 pro_061020250910555_2494411
4439627,Convotherm (A division of Welbilt),Convotherm,Cmn 6.06 pro BL,Cmn 6.06 pro BL,,,Combination,"Type I - Table, countertop, and stand mounted units",Two-thirds size,Electric,4.7,,,0.0,6.72,,0.0,2.3,0.54,,,,Boiler-less/Spritzer/Injector,,5.0,,,0.49,,,,76.0,69.0,,,,0.0,,0.0,,,,,2025-06-06,2025-07-01,"United States, Canada",ES_1123347_Cmn 6.06 pro BL_061020250910939_1750669
4439624,Convotherm (A division of Welbilt),Convotherm,Cmn 6.10 pro,Cmn 6.10 pro,,,Combination,"Type I - Table, countertop, and stand mounted units",Full-size,Electric,5.8,,,1.0,6.81,,0.0,2.5,0.61,,,,Boiler-less/Spritzer/Injector,5.0,,,,0.56,,,,79.0,71.0,,,,0.13,,0.26,,,,,2025-06-06,2025-07-01,"United States, Canada",ES_1123347_Cmn 6.10 pro_06102025091033_6054546
4439625,Convotherm (A division of Welbilt),Convotherm,Cmn 6.10 pro BL,Cmn 6.10 pro BL,,,Combination,"Type I - Table, countertop, and stand mounted units",Full-size,Electric,5.8,,,1.0,6.81,,0.0,2.5,0.61,,,,Boiler-less/Spritzer/Injector,5.0,,,,0.56,,,,79.0,71.0,,,,0.13,,0.26,,,,,2025-06-06,2025-07-01,"United States, Canada",ES_1123347_Cmn 6.10 pro BL_061020250910960_7832290
2402104,Convotherm (A division of Welbilt),Convotherm,OES6.10 Mini,OES6.10 Mini,,,Combination,"Type I - Table, countertop, and stand mounted units",Half-size,Electric,5.6,,,,5.11,,0.0,2.5,0.61,,,,Boiler-less/Spritzer/Injector,4.0,,4.0,4.0,0.89,,,,81.0,69.0,44.3,61.1,0.0,0.0,0.05,1.5,,,,1.5,2022-10-03,2022-09-28,"United States, Canada",ES_1123347_OES6.10_092820221927184_9828954
2408390,Electrolux Professional,Electrolux Professional,COE11T30,COE11T30,",COE11D30,; ,COE11D3K,; ,COE11T3K,",,Combination,"Type I - Table, countertop, and stand mounted units",Half-size,Electric,19.0,,0.0,,3.13,0.0,,5.37,0.97,0.0,0.0,0.0,Boiler/Steam Generator,10.0,,10.0,,0.95,0.0,0.0,0.0,78.0,58.0,99.64,188.31,0.0,0.0,0.15,0.02,0.0,0.0,0.0,0.0,2018-11-05,2023-02-15,"United States, Canada",ES_1082677_COE11T30_01272023162425_7951013
2408470,Electrolux Professional,Electrolux Professional,COE12T30,COE12T30,",COE12D30,; ,COE12D3K,; ,COE12T3K,",,Combination,"Type I - Table, countertop, and stand mounted units",Full-size,Electric,37.4,,0.0,1.0,2.55,0.0,3.0,4.8,1.32,0.0,0.0,0.0,Boiler/Steam Generator,20.0,,,20.0,1.94,0.0,0.0,0.0,85.0,63.0,188.26,400.7,0.0,0.0,0.15,0.03,0.0,0.0,0.0,0.0,2019-07-25,2023-02-23,"United States, Canada",ES_1082677_COE12T30_01302023094616_8440515
2408392,Electrolux Professional,Electrolux Professional,COE62T30,COE62T30,",COE62D30,; ,COE62D3K,; ,COE62T3K,",,Combination,"Type I - Table, countertop, and stand mounted units",Full-size,Electric,21.4,,0.0,1.0,3.83,0.0,2.0,6.73,1.12,0.0,0.0,0.0,Boiler/Steam Generator,12.0,,,12.0,1.42,0.0,0.0,0.0,86.0,61.0,118.04,239.17,0.0,0.0,0.15,0.04,0.0,0.0,0.0,0.0,2019-07-12,2023-02-21,"United States, Canada",ES_1082677_COE62T30_01272023173440_9839898
2408393,Electrolux Professional,Electrolux Professional,COG11T30,COG11T30,",COG11D30,; ,COG11D3K,; ,COG11T3K,",,Combination,"Type I - Table, countertop, and stand mounted units",Half-size,Gas,,124538.0,5537.0,0.0,4.67,8349.0,0.0,6.75,0.0,4223.0,0.16,4769.0,Boiler/Steam Generator,10.0,,10.0,,0.0,6232.0,0.09,6539.0,63.0,45.0,98.27,200.12,0.0,0.0,0.15,0.05,0.0,0.0,0.0,0.0,2020-01-08,2023-02-21,"United States, Canada",ES_1082677_COG11T30_02162023174101_7208215
2408418,Electrolux Professional,Electrolux Professional,COG12T30,COG12T30,",COG12D30,; ,COG12D3K,; ,COG12T3K,",,Combination,"Type I - Table, countertop, and stand mounted units",,Gas,,189025.0,5099.0,0.0,3.32,8506.0,0.0,7.12,0.0,6154.0,0.18,6769.0,Boiler/Steam Generator,20.0,,,20.0,0.0,9888.0,0.11,10264.0,58.0,47.0,190.87,319.24,0.0,0.0,0.14,0.13,0.0,0.0,0.0,0.0,2019-07-18,2023-02-22,"United States, Canada",ES_1082677_COG12T30_02022023140923_9504052
2408391,Electrolux Professional,Electrolux Professional,COG61T30,COG61T30,",COG61D30,; ,COG61D3K,; ,COG61T3K,",,Combination,"Type I - Table, countertop, and stand mounted units",Half-size,Gas,,76429.0,3686.0,,5.35,5523.0,0.0,7.47,0.0,3158.0,0.13,3602.0,Boiler/Steam Generator,6.0,,6.0,,0.0,5038.0,0.1,5376.0,58.0,43.0,62.95,126.07,0.0,0.0,0.14,0.06,0.0,0.0,0.0,0.0,2018-05-11,2023-02-21,"United States, Canada",ES_1082677_COG61T30_01302023160103_4959070
2452893,Electrolux Professional,Electrolux Professional,COG62T30,COG62T30,",COG62D30,; ,COG62D3K,; ,COG62T3K,",,Combination,"Type I - Table, countertop, and stand mounted units",Full-size,Gas,,128632.0,3393.0,0.0,3.25,6837.0,0.0,8.75,0.0,4480.0,0.17,5061.0,Boiler/Steam Generator,12.0,,,12.0,0.0,7828.0,0.12,8238.0,60.0,43.0,120.12,213.92,0.0,0.0,0.14,0.09,0.0,0.0,0.0,0.0,2019-08-27,2023-02-22,"United States, Canada",ES_1082677_COG62T30_01302023170949_3615838
3531132,Eloma GmbH,Eloma,COMPACT PRO,6-11,,,Combination,"Type I - Table, countertop, and stand mounted units",Full-size,Electric,6.4,,,0.0,5.42,,0.0,3.33,0.61,,,,Boiler-less/Spritzer/Injector,6.0,,,,1.15,,,,80.0,63.0,59.2,61.9,0.01,0.0,0.11,0.11,,,,,2024-05-01,2024-05-17,"United States, Canada",ES_1145862_6-11_05292024165924_80201637
3531131,Eloma GmbH,Eloma,COMPACT PRO,6-23,,,Combination,"Type I - Table, countertop, and stand mounted units",Two-thirds size,Electric,4.9,,,0.0,5.5,,0.0,2.42,0.59,,,,Boiler-less/Spritzer/Injector,,5.0,,,0.72,,,,76.0,67.0,34.1,51.3,0.05,0.0,0.05,0.31,,,,,2024-05-01,2024-05-17,"United States, Canada",ES_1145862_6-23_05292024165924_80201637
4510547,Eloma GmbH,Eloma Gmbh,Joker 6-11,Joker 6-11,,,Combination,"Type I - Table, countertop, and stand mounted units",Half-size,Electric,8.3,,,1.0,3.06,,1.0,1.18,0.63,,,,Boiler-less/Spritzer/Injector,5.0,,5.0,,0.99,,,,79.0,63.0,48.0,75.0,0.0,0.0,0.14,0.12,,,,,2025-09-30,2025-09-30,United States,Joker 6-11
4510548,Eloma GmbH,Eloma Gmbh,Joker 6-23,Joker 6-23,,,Combination,"Type I - Table, countertop, and stand mounted units",Two-thirds size,Electric,3.6,,,1.0,7.23,,1.0,4.0,0.62,,,,Boiler-less/Spritzer/Injector,,5.0,,,1.24,,,,72.0,57.0,34.0,55.0,0.0,0.01,0.01,0.34,,,,,2025-09-30,2025-09-30,United States,Joker 6-23
2765505,Hobart Corporation (A division of ITW Food Equipment Group),Vulcan,TCM-102E,TCM-102E,,,Combination,"Type I - Table, countertop, and stand mounted units",Full-size,Electric,32.0,,,1.0,3.93,,1.0,1.6,1.56,,,,Boiler-less/Spritzer/Injector,20.0,,,20.0,1.89,,,,83.0,66.0,198.0,321.0,0.0,0.0,0.2,0.12,,,,0.0,2023-12-01,2023-11-27,"United States, Canada",TCM-102E
3436253,HOUNÖ A/S,Bki,Invoq Combi 10 1/1 GN (PT),Combi 10 1/1,"101KBLE (PT),Combi 10 1/1,",,Combination,"Type I - Table, countertop, and stand mounted units",,Electric,19.3,,,1.0,4.13,,1.0,3.11,1.01,,,,Boiler-less/Spritzer/Injector,10.0,,,10.0,0.73,,,,78.0,62.0,83.96,96.78,0.01,0.01,0.16,0.16,,,,,2023-12-01,2024-04-05,"United States, Canada",ES_1148949_Hybrid 10 1/1_04122024162754_80198196
3998217,Angelo Po Grandi Cucine S.p.A. con Socio Unico,Angelo Po,AT82G,AT82G,,,Combination,Type II - Floor and roll-in units,Full-size,Gas,,100000.0,6455.0,,4.3,4250.0,,3.02,,5882.0,0.3,6917.0,Boiler-less/Spritzer/Injector,16.0,,,16.0,,8896.0,0.27,9830.0,59.0,52.0,130.0,194.0,0.05,,0.15,0.06,,,,,2025-03-01,2025-02-18,"United States, Canada",ES_1142603_AT82G_02182025222101_1863296
4016323,Angelo Po Grandi Cucine S.p.A. con Socio Unico,Angelo Po,AT82G**,AT82G**,,,Combination,Type II - Floor and roll-in units,Full-size,Gas,,100000.0,6455.0,,4.3,4250.0,,3.02,,5882.0,0.3,6917.0,Boiler-less/Spritzer/Injector,16.0,,,16.0,,8896.0,0.27,9830.0,59.0,52.0,130.0,194.0,0.05,,0.15,0.06,,,,,2025-05-01,2025-04-25,"United States, Canada",ES_1142603_AT82G**_042520252035945_9585322
3391677,Angelo Po Grandi Cucine S.p.A. con Socio Unico,Angelo Po,FX82G3,FX122E3T,"FX122E3,FX122E3,Available in 208V, 240V and 480V; FX122E3C,FX122E3C,Available in 208V, 240V and 480V; FX122E3CT,FX122E3CT,Available in 208V, 240V and 480V; FX122E3TR,FX122E3TR,Available in 208V, 240V and 480V",,Combination,"Type I - Table, countertop, and stand mounted units",Full-size,Electric,25.5,,,1.0,5.17,,1.0,5.08,2.12,,,,Boiler-less/Spritzer/Injector,24.0,,,24.0,3.1,,,,82.0,68.0,227.0,290.0,0.05,0.02,0.09,0.02,,,,,2023-12-15,2024-02-05,"United States, Canada",ES_1142603_FX122E3T_02052024201460_2486502
3391678,Angelo Po Grandi Cucine S.p.A. con Socio Unico,Angelo Po,FX82G3,FX122G3,"FX122G3C,FX122G3C,; FX122G3CT,FX122G3CT,; FX122G3T,FX122G3T,; FX122G3TR,FX122G3TR,",,Combination,"Type I - Table, countertop, and stand mounted units",Full-size,Gas,,120000.0,9304.0,,7.0,5857.0,,3.83,,6860.0,0.55,8737.0,Boiler-less/Spritzer/Injector,24.0,,,24.0,,8696.0,0.52,10470.0,63.0,55.0,216.0,223.0,0.06,0.02,0.09,0.06,,,,,2023-12-15,2024-02-05,"United States, Canada",ES_1142603_FX122G3_020520242014389_5602095
3391679,Angelo Po Grandi Cucine S.p.A. con Socio Unico,Angelo Po,FX82G3,FX202E3,,,Combination,Type II - Floor and roll-in units,Full-size,Electric,52.0,,,4.0,11.23,,2.0,1.9,3.34,,,,Boiler-less/Spritzer/Injector,40.0,,,40.0,5.43,,,,82.0,67.0,431.0,524.0,0.02,0.01,0.08,0.01,,,,,2023-12-15,2024-02-05,"United States, Canada",ES_1142603_FX202E3_02052024201498_5654563
2649776,Angelo Po Grandi Cucine S.p.A. con Socio Unico,Angelo Po,FX82E3T,FX82E3T,"FX82E3,FX82E3,Available in 208V, 240V and 480V; FX82E3CT,FX82E3CT,Available in 208V, 240V and 480V; FX82E3R,FX82E3R,Available in 208V, 240V and 480V; FX82E3TR,FX82E3TR,Available in 208V, 240V and 480V",,Combination,"Type I - Table, countertop, and stand mounted units",Full-size,Electric,19.73,,,1.0,4.58,,1.0,2.66,1.57,,,,Boiler-less/Spritzer/Injector,16.0,,,16.0,2.57,,,,80.0,66.0,149.0,186.0,0.06,0.02,0.12,0.07,,,,,2023-09-01,2023-08-30,"United States, Canada",ES_1142603_FX82E3T_083020231834429_5325982
3391680,Angelo Po Grandi Cucine S.p.A. con Socio Unico,Angelo Po,FX82G3,FX82G3,"FX82G3CT,FX82G3CT,; FX82G3R,FX82G3R,; FX82G3T,FX82G3T,; FX82G3TR,FX82G3TR,",,Combination,"Type I - Table, countertop, and stand mounted units",Full-size,Gas,,92500.0,7387.0,,8.42,4332.0,,3.67,,5920.0,0.44,7421.0,Boiler-less/Spritzer/Injector,16.0,,,16.0,,7334.0,0.41,8733.0,60.0,54.0,145.0,191.0,0.1,0.06,0.1,0.03,,,,,2023-12-15,2024-02-05,"United States, Canada",ES_1142603_FX82G3_020520242014973_5072667
4005907,Baxter Manufacturing (A division of ITW),Baxter,CS500G1,CS500G1,,,Rack,Type II - Floor and roll-in units,,Gas,,177156.0,45044.0,,23.98,,,,,,,,Boiler-less/Spritzer/Injector,,,,,,,,,,,,,,,,,51.0,129.0,,1.73,2025-03-31,2025-03-10,"United States, Canada",ES_1135550_CS500G1_03272025174036_2377804
3550090,Baxter Manufacturing (A division of ITW),Baxter,CS500G2,CS500G2,,,Rack,Type II - Floor and roll-in units,,Gas,,275000.0,62281.0,1.0,22.87,,,,,23321.0,0.49,25002.0,Boiler-less/Spritzer/Injector,,,,,,,,,,,,,,,,,56.0,,,3.08,2024-07-01,2024-06-27,"United States, Canada",ES_1135550_CS500G2_062720242003973_3540665
2470928,Baxter Manufacturing (A division of ITW),Baxter Mfg.,OV500G1EE,OV500G1EE,,,Rack,Type II - Floor and roll-in units,Full-size,Gas,,175000.0,42274.0,,16.67,,,,,21364.0,0.54,22081.0,Boiler-less/Spritzer/Injector,,,,15.0,,,,,,,,,,,,,48.0,142.0,,2.0,2023-04-01,2023-05-04,"United States, Canada",ES_1017903_OV500G1EE_042820231856238_2156137
2470929,Baxter Manufacturing (A division of ITW),Baxter Mfg.,OV500G2EE,OV500G2EE,,,Rack,Type II - Floor and roll-in units,Full-size,Gas,,275000.0,53452.0,,12.56,,,,,26016.0,1.01,29462.0,Boiler-less/Spritzer/Injector,,,,30.0,,,,,,,,,,,,,55.0,277.0,,3.0,2023-04-01,2023-05-04,"United States, Canada",ES_1017903_OV500G2EE_042820231900490_2052612
2470930,Baxter Manufacturing (A division of ITW),Baxter Mfg.,OV520G1,OV520G1,,,Rack,Type II - Floor and roll-in units,Full-size,Gas,,180000.0,37010.0,,12.33,,,,,18898.0,0.18,19649.0,Boiler-less/Spritzer/Injector,,,,15.0,,,,,,,,,,,,,49.0,150.0,,2.0,2023-04-01,2023-05-04,"United States, Canada",ES_1017903_OV520G1_042820231902765_3028654
2470931,Baxter Manufacturing (A division of ITW),Baxter Mfg.,OV520G2,OV520G2,,,Rack,Type II - Floor and roll-in units,Full-size,Gas,,275000.0,51162.0,,11.33,,,,,22293.0,0.27,23214.0,Boiler-less/Spritzer/Injector,,,,30.0,,,,,,,,,,,,,59.0,284.0,,3.0,2023-04-01,2023-05-04,"United States, Canada",ES_1017903_OV520G2_042820231903289_8042418
2635633,Blodgett Oven Company,Blodgett,BCT-62,BCT-62,",BCT-62E,",,Combination,"Type I - Table, countertop, and stand mounted units",Full-size,Electric,21.0,,,1.0,6.75,,1.0,6.25,1.05,,,,Boiler/Steam Generator,,,,12.0,1.35,,,,78.0,58.0,113.8,99.2,0.0,,,,,,,,2022-04-27,2022-06-02,"United States, Canada",ES_1100150_BCT-62_06022022124244_7379724
4431396,Blodgett Oven Company,Blodgett,BLCT-6E,BLCT-6E,,,Combination,"Type I - Table, countertop, and stand mounted units",Half-size,Electric,6.9,,,1.0,4.2,,1.0,4.21,0.73,,,,Boiler-less/Spritzer/Injector,4.0,,6.0,,1.0,,,,75.0,60.0,36.46,52.98,,,0.11,0.44,,,,,2025-05-08,2025-06-10,"United States, Canada",ES_1100150_BLCT-6E_05232025103126_591546
2407750,Blodgett Oven Company,Blodgett,CTB-5.6,CTB-5.6,",CTB/R-5.6,",,Convection,"Type I - Table, countertop, and stand mounted units",Half-size,Electric,5.6,,,1.0,7.0,,,,0.95,,,,Boiler-less/Spritzer/Injector,,,5.0,,,,,,73.0,,50.07,,,,,,,,,,2013-11-25,2014-01-15,"United States, Canada",ES_1100150_CTB-5.6_01142014101226_2313043
2407873,Blodgett Oven Company,Blodgett,CTB-6.8,CTB-6.8,",CTB/R-6.8,",,Convection,"Type I - Table, countertop, and stand mounted units",Half-size,Electric,6.8,,,1.0,8.55,,,,0.93,,,,Boiler-less/Spritzer/Injector,,,5.0,,,,,,76.0,,53.3,,,,,,,,,,2013-11-25,2014-01-15,"United States, Canada",ES_1100150_CTB-6.8_01032014034240_9771844
2407747,Blodgett Oven Company,Blodgett,CTB-8,CTB-8,",CTB/R-8,",,Convection,"Type I - Table, countertop, and stand mounted units",Half-size,Electric,8.0,,,1.0,7.0,,,,0.94,,,,Boiler-less/Spritzer/Injector,,,5.0,,,,,,72.0,,52.98,,,,,,,,,,2013-11-25,2014-01-15,"United States, Canada",ES_1100150_CTB-8_01142014101046_5592462
2407748,Blodgett Oven Company,Blodgett,DFG-100-ES,DFG-100-ES,",BDO-100-G-ES,; ,DFG-100-K12-ES,; ,Zephaire-100-G-ES,",663137579360;663137579391;663137580533,Convection,"Type I - Table, countertop, and stand mounted units",Full-size,Gas,,45000.0,8914.0,,13.0,,,,,7620.0,0.17,8194.0,Boiler-less/Spritzer/Injector,,,,5.0,,,,,54.0,,97.71,,,,,,,,,,2013-11-25,2014-01-16,"United States, Canada",ES_1100150_DFG-100-G-ES_01032014032513_9549829
2406821,Blodgett Oven Company,Blodgett,HV-100E,HV-100E,",HVH-100E,",663137592567,Convection,Type II - Floor and roll-in units,Full-size,Electric,15.0,,,1.0,6.75,,,,1.31,,,,Boiler-less/Spritzer/Injector,,,,5.0,,,,,76.0,,114.0,,,,,,,,,,2013-01-01,2014-08-27,"United States, Canada",ES_1100150_HV-100E_08272014120611_1065637
2406610,Blodgett Oven Company,Blodgett,HV-100G,HV-100G,",HVH-100G,",663137592574,Convection,Type II - Floor and roll-in units,Full-size,Gas,,60000.0,8039.0,,7.4,,,,,6435.0,0.43,7902.0,Boiler-less/Spritzer/Injector,,,,5.0,,,,,49.0,,114.9,,,,,,,,,,2013-01-01,2014-09-05,"United States, Canada",ES_1100150_HV-100G_08102014213703_5752679
2409654,Blodgett Oven Company,Blodgett,Zephaire 100 E,Zephaire 100 E,",BDO 100 E,; ,MARK V 100 K12,; ,MARK V 100,; ,SHO 100 E,",663137350211;663137371063;663137580915;663137582803,Convection,Type II - Floor and roll-in units,,Electric,11.0,,,1.0,8.33,,,,1.21,,,,Boiler-less/Spritzer/Injector,,,,5.0,,,,,78.0,,99.3,,,,,,,,,,2013-11-25,2014-01-15,"United States, Canada",ES_1100150_Zephaire 100 E_01032014025202_199853
2494946,Blodgett Oven Company,Blodgett,Zephaire 200 E,Zephaire 200 E,",MARK V 200 K12,; ,MARK V 200,",663137579452;663137580922,Convection,Type II - Floor and roll-in units,,Electric,11.0,,,1.0,9.17,,,,1.17,,,,Boiler-less/Spritzer/Injector,,,,5.0,,,,,78.0,,106.3,,,,,,,,,,2013-11-25,2014-01-02,United States,ES_1100150_Zephaire 200 E_01032014023142_5411188
2407749,Blodgett Oven Company,Blodgett,Zephaire-200-G-ES,Zephaire-200-G-ES,",DFG-200-ES,; ,DFG-200-K12-ES,",663137580540;663137581318,Convection,"Type I - Table, countertop, and stand mounted units",Full-size,Gas,,50000.0,8859.0,,12.48,,,,,9842.0,0.17,9265.0,Boiler-less/Spritzer/Injector,,,,5.0,,,,,54.0,,104.59,,,,,,,,,,2013-11-25,2014-01-02,"United States, Canada",ES_1100150_Zephaire-200-G-ES_01032014035752_3060113
4471336,"Clark Core Services, LLC",Cpg,351COFD4M,351COFD4M,",351COFT4M,",,Convection,"Type I - Table, countertop, and stand mounted units",Full-size,Electric,5.6,,,6.0,5.92,,,,1.16,,,,Boiler-less/Spritzer/Injector,,,,7.0,,,,,86.0,,61.43,,0.0,0.0,,,,,0.0,,2023-12-24,2025-07-11,"United States, Canada",ES_1138870_351COFD4M_05292025105116_1499902
4471334,"Clark Core Services, LLC",Cpg,351COHD3A,351COHD3A,",351COHT3A,",,Convection,"Type I - Table, countertop, and stand mounted units",Half-size,Electric,1.65,,,2.0,11.58,,,,0.61,,,,Boiler-less/Spritzer/Injector,,,3.0,,,,,,74.0,,16.38,,0.0,0.0,,,,,0.0,,2024-06-08,2025-07-11,"United States, Canada",ES_1138870_351COHD3A_05292025100005_149042
4471335,"Clark Core Services, LLC",Cpg,351COHD4M,351COHD4M,",351COHT4M,",,Convection,"Type I - Table, countertop, and stand mounted units",Half-size,Electric,2.73,,,3.0,6.33,,,,0.73,,,,Boiler-less/Spritzer/Injector,,,4.0,,,,,,75.0,,28.46,,0.0,0.0,,,,,0.0,,2024-06-08,2025-07-11,"United States, Canada",ES_1138870_351COHD4M_05292025103639_1074334
4471338,"Clark Core Services, LLC",Cpg,351FECD100B,351FECD100B,",351FECD100C,",,Convection,"Type I - Table, countertop, and stand mounted units",Full-size,Electric,11.0,,,11.0,7.92,,,,1.29,,,,Boiler-less/Spritzer/Injector,,,,5.0,,,,,77.0,,90.96,,0.0,0.0,,,,,0.0,,2024-08-01,2025-07-11,"United States, Canada",ES_1138870_351FECD100B_06232025131522_8302728
4471337,"Clark Core Services, LLC",Cpg,351FECD100D,351FECD100D,",351FECD100E,",,Convection,"Type I - Table, countertop, and stand mounted units",Full-size,Electric,11.82,,,12.0,7.58,,,,1.33,,,,Boiler-less/Spritzer/Injector,,,,5.0,,,,,78.0,,99.6,,0.0,0.0,,,,,0.0,,2024-08-01,2025-07-11,"United States, Canada",ES_1138870_351FECD100D_06232025123029_1580469
4439628,Convotherm (A division of Welbilt),Convotherm,C4eD 10.10 ES-N,C4eD 10.10 ES-N,,,Combination,Type II - Floor and roll-in units,Full-size,Electric,15.9,,,1.0,4.0,,1.0,2.17,1.09,,,,Boiler-less/Spritzer/Injector,11.0,,,,0.88,,,,80.0,72.0,,,,0.0,,0.01,,,,,2025-06-06,2025-07-01,"United States, Canada",ES_1123347_C4eD 10.10 ES-N_061020250910459_7322597
2409305,Convotherm (A division of Welbilt),Convotherm,C4eD 10.20 EB,C4eD 10.20 EB,,,Combination,Type II - Floor and roll-in units,Full-size,Electric,22.1,,,2.0,3.7,,2.0,5.08,1.74,,,,Boiler-less/Spritzer/Injector,22.0,,,22.0,2.52,,,,81.0,65.0,216.0,348.0,0.0,0.0,0.25,0.02,,,,,2023-02-28,2023-02-28,"United States, Canada",ES_1123347_C4eD 10.20 EB_05022016202644_0804621
2409306,Convotherm (A division of Welbilt),Convotherm,C4eD 10.20 EB-N,C4eD 10.20 EB-N,,,Combination,Type II - Floor and roll-in units,Full-size,Electric,22.1,,,2.0,3.7,,2.0,5.08,1.74,,,,Boiler-less/Spritzer/Injector,22.0,,,22.0,2.52,,,,81.0,65.0,216.0,348.0,0.0,0.0,0.25,0.02,,,,,2023-02-28,2023-02-28,"United States, Canada",ES_1123347_C4eD 10.20 EB-N_022820232223433_3440587
2409303,Convotherm (A division of Welbilt),Convotherm,C4eD 10.20 ES-N,C4eD 10.20 ES-N,,,Combination,Type II - Floor and roll-in units,Full-size,Electric,27.4,,,1.0,3.64,,1.0,1.92,1.68,,,,Boiler-less/Spritzer/Injector,22.0,,,22.0,1.56,,,,83.0,76.0,232.0,337.0,0.0,0.0,0.07,0.03,,,,,2023-02-28,2023-02-28,"United States, Canada",ES_1123347_C4eD 10.20 ES-N_022820232224873_9781566
3722617,Convotherm (A division of Welbilt),Convotherm,C4eD 10.20 GS-N,C4eD 10.20 GS-N,,,Combination,"Type I - Table, countertop, and stand mounted units",Full-size,Gas,,114010.0,8377.0,,4.33,4095.0,,2.17,,6444.0,0.38,7741.0,Boiler-less/Spritzer/Injector,22.0,,,22.0,,6899.0,0.33,8026.0,57.0,56.0,199.0,237.0,0.01,,0.1,0.02,,,,,2024-11-21,2024-11-08,"United States, Canada",ES_1123347_C4eD 10.20 GS-N_110820242210318_5719648
2453106,Convotherm (A division of Welbilt),Convotherm,C4eD 6.20 EB,C4eD 6.20 EB,,,Combination,"Type I - Table, countertop, and stand mounted units",Full-size,Electric,15.9,,,1.0,5.64,,2.0,8.26,1.42,,,,Boiler-less/Spritzer/Injector,14.0,,,14.0,1.85,,,,80.0,61.0,80.0,61.0,,,0.3,0.03,,,,,2023-03-01,2023-04-10,"United States, Canada",ES_1123347_C4eD 6.20 EB_041020231544350_2795758
2453107,Convotherm (A division of Welbilt),Convotherm,C4eD 6.20 EB-N,C4eD 6.20 EB-N,,,Combination,"Type I - Table, countertop, and stand mounted units",Full-size,Electric,15.9,,,1.0,5.64,,2.0,8.26,1.42,,,,Boiler-less/Spritzer/Injector,14.0,,,14.0,1.85,,,,80.0,61.0,80.0,61.0,,,0.3,0.03,,,,,2023-03-01,2023-04-10,"United States, Canada",ES_1123347_C4eD 6.20 EB-N_041020231547746_9035511
2409295,Convotherm (A division of Welbilt),Convotherm,C4eD 6.20 ES,C4eD 6.20 ES,,,Combination,"Type I - Table, countertop, and stand mounted units",Full-size,Electric,15.9,,,1.0,4.42,,1.0,2.17,1.36,,,,Boiler-less/Spritzer/Injector,14.0,,,14.0,1.41,,,,81.0,70.0,139.0,183.0,0.0,0.0,0.09,0.06,,,,,2023-02-28,2023-02-28,"United States, Canada",ES_1123347_C4eD 6.20 ES_09102015173855_6735915
2409294,Convotherm (A division of Welbilt),Convotherm,C4eD 6.20 ES-N,C4eD 6.20 ES-N,,,Combination,"Type I - Table, countertop, and stand mounted units",Full-size,Electric,15.9,,,1.0,4.42,,1.0,2.17,1.36,,,,Boiler-less/Spritzer/Injector,14.0,,,14.0,1.41,,,,81.0,70.0,139.0,183.0,0.0,0.0,0.09,0.06,,,,,2023-02-28,2023-02-28,"United States, Canada",ES_1123347_C4eD 6.20 ES-N_022820232222439_5533069
2409301,Convotherm (A division of Welbilt),Convotherm,C4eD 6.20 GB,C4eD 6.20 GB,,,Combination,"Type I - Table, countertop, and stand mounted units",Full-size,Gas,,68200.0,5187.0,,4.69,9020.0,,12.67,,5438.0,0.4,6803.0,Boiler-less/Spritzer/Injector,14.0,,,14.0,,7439.0,0.38,8736.0,62.0,51.0,132.0,167.0,0.0,0.0,0.21,0.05,,,,,2023-02-28,2023-02-28,"United States, Canada",ES_1123347_C4eD 6.20 GB_05012015152341_3821633
2409300,Convotherm (A division of Welbilt),Convotherm,C4eD 6.20 GB-N,C4eD 6.20 GB-N,,,Combination,"Type I - Table, countertop, and stand mounted units",Full-size,Gas,,68200.0,5187.0,,4.69,9020.0,,12.67,,5438.0,0.4,6803.0,Boiler-less/Spritzer/Injector,14.0,,,14.0,,7439.0,0.38,8736.0,62.0,51.0,132.0,167.0,0.0,0.0,0.21,0.05,,,,,2023-02-28,2023-02-28,"United States, Canada",ES_1123347_C4eD 6.20 GB-N_022820232223158_2212890
2409328,Convotherm (A division of Welbilt),Convotherm,C4eD 6.20 GS,C4eD 6.20 GS,,,Combination,"Type I - Table, countertop, and stand mounted units",Full-size,Gas,,68200.0,4977.0,,4.64,2317.0,,2.33,,5101.0,0.42,6534.0,Boiler-less/Spritzer/Injector,14.0,,,14.0,,5003.0,0.39,6334.0,62.0,58.0,141.0,204.0,0.0,0.0,0.1,0.06,,,,,2023-02-28,2023-02-28,"United States, Canada",ES_1123347_C4eD 6.20 GS_022820232223686_3289700
2409291,Convotherm (A division of Welbilt),Convotherm,C4eD 6.20 GS-N,C4eD 6.20 GS-N,,,Combination,"Type I - Table, countertop, and stand mounted units",Full-size,Gas,,68200.0,4977.0,,4.64,2317.0,,2.33,,5101.0,0.42,6534.0,Boiler-less/Spritzer/Injector,14.0,,,14.0,,5003.0,0.39,6334.0,62.0,58.0,141.0,204.0,0.0,0.0,0.1,0.06,,,,,2023-02-28,2023-02-28,"United States, Canada",ES_1123347_C4eD 6.20 GS-N_022820232223843_9814672
4439629,Convotherm (A division of Welbilt),Convotherm,C4eT 10.10 ES-N,C4eT 10.10 ES-N,,,Combination,Type II - Floor and roll-in units,Full-size,Electric,15.9,,,1.0,4.0,,1.0,2.17,1.09,,,,Boiler-less/Spritzer/Injector,11.0,,,,0.88,,,,80.0,72.0,,,,0.0,,0.01,,,,,2025-06-06,2025-07-01,"United States, Canada",ES_1123347_C4eT 10.10 ES-N_06102025091025_9750640
2409307,Convotherm (A division of Welbilt),Convotherm,C4eT 10.20 EB,C4eT 10.20 EB,,,Combination,Type II - Floor and roll-in units,Full-size,Electric,22.1,,,2.0,3.7,,2.0,5.08,1.74,,,,Boiler-less/Spritzer/Injector,22.0,,,22.0,2.52,,,,81.0,65.0,216.0,348.0,0.0,0.0,0.25,0.02,,,,,2023-02-28,2023-02-28,"United States, Canada",ES_1123347_C4eT 10.20 EB_05022016202511_0711414
2409308,Convotherm (A division of Welbilt),Convotherm,C4eT 10.20 EB-N,C4eT 10.20 EB-N,,,Combination,Type II - Floor and roll-in units,Full-size,Electric,22.1,,,2.0,3.7,,2.0,5.08,1.74,,,,Boiler-less/Spritzer/Injector,22.0,,,22.0,2.52,,,,81.0,65.0,216.0,348.0,0.0,0.0,0.25,0.02,,,,,2023-02-28,2023-02-28,"United States, Canada",ES_1123347_C4eT 10.20 EB-N_022820232225302_2867063
2409304,Convotherm (A division of Welbilt),Convotherm,C4eT 10.20 ES-N,C4eT 10.20 ES-N,,,Combination,Type II - Floor and roll-in units,Full-size,Electric,27.4,,,1.0,3.64,,1.0,1.92,1.68,,,,Boiler-less/Spritzer/Injector,22.0,,,22.0,1.56,,,,83.0,76.0,232.0,337.0,0.0,0.0,0.07,0.03,,,,,2023-02-28,2023-02-28,"United States, Canada",ES_1123347_C4eT 10.20 ES-N_022820232225927_3308544
3703900,Convotherm (A division of Welbilt),Convotherm,C4eT 10.20 GS-N,C4eT 10.20 GS-N,,,Combination,"Type I - Table, countertop, and stand mounted units",Full-size,Gas,,109200.0,8377.0,,4.33,4095.0,,2.17,,6444.0,0.38,7741.0,Boiler-less/Spritzer/Injector,,,,22.0,,6899.0,0.33,8025.0,57.0,56.0,199.0,237.0,0.01,,0.1,0.02,,,,,2024-11-01,2024-10-14,"United States, Canada",ES_1123347_C4eT 10.20 GS-N_101420242009166_2499396
2409299,Convotherm (A division of Welbilt),Convotherm,C4eT 6.20 EB,C4eT 6.20 EB,,,Combination,"Type I - Table, countertop, and stand mounted units",Full-size,Electric,15.9,,,1.0,5.64,,2.0,8.26,1.42,,,,Boiler-less/Spritzer/Injector,14.0,,,14.0,1.85,,,,80.0,61.0,80.0,213.0,0.0,0.0,0.3,0.03,,,,,2023-02-28,2023-02-28,"United States, Canada",ES_1123347_C4eT 6.20 EB_05012015152443_3883825
2409298,Convotherm (A division of Welbilt),Convotherm,C4eT 6.20 EB-N,C4eT 6.20 EB-N,,,Combination,"Type I - Table, countertop, and stand mounted units",Full-size,Electric,15.9,,,1.0,5.64,,2.0,8.26,1.42,,,,Boiler-less/Spritzer/Injector,14.0,,,14.0,1.85,,,,80.0,61.0,80.0,213.0,0.0,0.0,0.3,0.03,,,,,2023-02-28,2023-02-28,"United States, Canada",ES_1123347_C4eT 6.20 EB-N_022820232224572_8356524
2409296,Convotherm (A division of Welbilt),Convotherm,C4eT 6.20 ES,C4eT 6.20 ES,,,Combination,"Type I - Table, countertop, and stand mounted units",Full-size,Electric,15.9,,,1.0,4.42,,1.0,2.17,1.36,,,,Boiler-less/Spritzer/Injector,14.0,,,14.0,1.41,,,,81.0,70.0,139.0,183.0,0.0,0.0,0.09,0.06,,,,,2023-02-28,2023-02-28,"United States, Canada",ES_1123347_C4eT 6.20 ES_09102015174318_6998291
2409297,Convotherm (A division of Welbilt),Convotherm,C4eT 6.20 ES-N,C4eT 6.20 ES-N,,,Combination,"Type I - Table, countertop, and stand mounted units",Full-size,Electric,15.9,,,1.0,4.42,,1.0,2.17,1.36,,,,Boiler-less/Spritzer/Injector,14.0,,,14.0,1.41,,,,81.0,70.0,139.0,183.0,0.0,0.0,0.09,0.06,,,,,2023-02-28,2023-02-28,"United States, Canada",ES_1123347_C4eT 6.20 ES-N_022820232224658_2815441
2409309,Convotherm (A division of Welbilt),Convotherm,C4eT 6.20 GB,C4eT 6.20 GB,,,Combination,"Type I - Table, countertop, and stand mounted units",Full-size,Gas,,68200.0,5187.0,,4.69,9020.0,,12.67,,5438.0,0.4,6803.0,Boiler-less/Spritzer/Injector,14.0,,,14.0,,7439.0,0.38,8736.0,62.0,51.0,132.0,167.0,0.0,0.0,0.21,0.05,,,,,2023-02-28,2023-02-28,"United States, Canada",ES_1123347_C4eT 6.20 GB_05012015152137_3697204
2409302,Convotherm (A division of Welbilt),Convotherm,C4eT 6.20 GB-N,C4eT 6.20 GB-N,,,Combination,"Type I - Table, countertop, and stand mounted units",Full-size,Gas,,68200.0,5187.0,,4.69,9020.0,,12.67,,5438.0,0.4,6803.0,Boiler-less/Spritzer/Injector,14.0,,,14.0,,7439.0,0.38,8736.0,62.0,51.0,132.0,167.0,0.0,0.0,0.21,0.05,,,,,2023-02-28,2023-02-28,"United States, Canada",ES_1123347_C4eT 6.20 GB-N_022820232224667_2539639
2409293,Convotherm (A division of Welbilt),Convotherm,C4eT 6.20 GS,C4eT 6.20 GS,,,Combination,"Type I - Table, countertop, and stand mounted units",Full-size,Gas,,68200.0,4977.0,,4.64,2317.0,,2.33,,5101.0,0.42,6534.0,Boiler-less/Spritzer/Injector,14.0,,,14.0,,5003.0,0.39,6334.0,62.0,58.0,141.0,204.0,0.0,0.0,0.1,0.06,,,,,2023-02-28,2023-02-28,"United States, Canada",ES_1123347_C4eT 6.20 GS_11242015224059_4859981
2409292,Convotherm (A division of Welbilt),Convotherm,C4eT 6.20 GS-N,C4eT 6.20 GS-N,,,Combination,"Type I - Table, countertop, and stand mounted units",Full-size,Gas,,68200.0,4977.0,,4.64,2317.0,,2.33,,5101.0,0.42,6534.0,Boiler-less/Spritzer/Injector,14.0,,,14.0,,5003.0,0.39,6334.0,62.0,58.0,141.0,204.0,0.0,0.0,0.1,0.06,,,,,2023-02-28,2023-02-28,"United States, Canada",ES_1123347_C4eT 6.20 GS-N_022820232224510_9590569
4439623,Convotherm (A division of Welbilt),Convotherm,Cmn 10.10 pro,Cmn 10.10 pro,,,Combination,Type II - Floor and roll-in units,Full-size,Electric,8.3,,,1.0,4.92,,0.0,2.08,0.72,,,,Boiler-less/Spritzer/Injector,8.0,,,,0.89,,,,80.0,70.0,,,,0.0,,0.13,,,,,2025-06-06,2025-07-01,"United States, Canada",ES_1123347_Cmn 10.10 pro_061020250910421_5141589
3436247,HOUNÖ A/S,Houno,Invoq Combi 10 1/1 GN (PT),Combi 10 1/1,,,Combination,"Type I - Table, countertop, and stand mounted units",,Electric,19.3,,,1.0,4.13,,1.0,3.11,1.01,,,,Boiler-less/Spritzer/Injector,10.0,,,10.0,0.73,,,,78.0,62.0,83.96,96.78,0.01,0.01,0.16,0.16,,,,,2023-12-01,2024-04-05,"United States, Canada",ES_1148949_Hybrid 10 1/1_04122024162410_80198196
3436279,HOUNÖ A/S,Houno,Invoq Combi 10 2/1 GN,Combi 10 2/1,,,Combination,"Type I - Table, countertop, and stand mounted units",Full-size,Electric,31.3,,,2.0,3.09,,1.0,1.45,1.2,,,,Boiler-less/Spritzer/Injector,20.0,,,20.0,0.61,,,,81.0,73.0,161.3,134.1,0.0,0.01,0.07,0.01,,,,,2023-12-01,2024-04-05,"United States, Canada",ES_1148949_Hybrid 10 2/1_04122024162997_80198196
3436295,HOUNÖ A/S,Houno,Invoq Combi 20 1/1 GN,Combi 20 1/1,,,Combination,Type II - Floor and roll-in units,Half-size,Electric,38.2,,,3.0,4.33,,1.0,2.12,1.74,,,,Boiler-less/Spritzer/Injector,20.0,,,20.0,0.93,,,,78.0,70.0,173.34,176.72,1.34,0.01,0.09,0.02,,,,,2023-12-01,2024-04-05,"United States, Canada",ES_1148949_Hybrid 20 1/1_04122024162194_80198196
3436311,HOUNÖ A/S,Houno,Invoq Combi 20 2/1 GN,Combi 20 2/1,,,Combination,Type II - Floor and roll-in units,Full-size,Electric,62.2,,,3.0,2.59,,2.0,1.57,2.0,,,,Boiler-less/Spritzer/Injector,40.0,,,40.0,0.99,,,,81.0,78.0,329.63,307.93,0.0,0.0,0.05,0.01,,,,,2023-12-01,2024-04-05,"United States, Canada",ES_1148949_Hybrid 20 2/1_04122024161111_80198196
3436231,HOUNÖ A/S,Houno,Invoq Combi 6 1/1 GN (PT),Combi 6 1/1,,,Combination,"Type I - Table, countertop, and stand mounted units",,Electric,10.3,,,1.0,6.57,,1.0,9.42,0.8,,,,Boiler-less/Spritzer/Injector,7.0,,,7.0,0.62,,,,78.0,58.0,59.56,71.43,0.02,0.02,0.22,0.22,,,,,2023-12-01,2024-04-05,"United States, Canada",ES_1148949_Hybrid 6 1/1_04122024162450_80198196
3436263,HOUNÖ A/S,Houno,Invoq Combi 6 2/1 GN,Combi 6 2/1,,,Combination,"Type I - Table, countertop, and stand mounted units",Full-size,Electric,22.3,,,2.0,4.25,,1.0,2.43,1.1,,,,Boiler-less/Spritzer/Injector,14.0,,,14.0,0.64,,,,80.0,75.0,112.6,168.2,0.09,0.02,0.07,0.01,,,,,2023-12-01,2024-04-05,"United States, Canada",ES_1148949_Hybrid 6 2/1_04122024162754_80198196
3436248,HOUNÖ A/S,Houno,Invoq Hybrid 10 1/1 GN (PT),Hybrid 10 1/1,,,Combination,"Type I - Table, countertop, and stand mounted units",,Electric,19.3,,,1.0,4.13,,1.0,7.4,1.01,,,,Boiler/Steam Generator,10.0,,,10.0,0.83,,,,78.0,59.0,83.96,114.11,0.01,0.01,0.11,0.11,,,,,2023-12-01,2024-04-05,"United States, Canada",ES_1148949_Combi 6 2/1_04122024162420_80198196
3436280,HOUNÖ A/S,Houno,Invoq Hybrid 10 2/1 GN,Hybrid 10 2/1,,,Combination,"Type I - Table, countertop, and stand mounted units",Full-size,Electric,31.3,,,2.0,3.09,,2.0,7.06,1.2,,,,Boiler/Steam Generator,20.0,,,20.0,0.69,,,,81.0,72.0,161.3,155.5,0.0,0.01,0.08,0.01,,,,,2023-12-01,2024-04-05,"United States, Canada",ES_1148949_Combi 20 1/1_04122024162998_80198196
3436296,HOUNÖ A/S,Houno,Invoq Hybrid 20 1/1 GN,Hybrid 20 1/1,,,Combination,Type II - Floor and roll-in units,Half-size,Electric,38.2,,,3.0,4.33,,3.0,11.41,1.74,,,,Boiler/Steam Generator,20.0,,,20.0,1.05,,,,78.0,67.0,173.34,225.95,1.34,0.01,0.08,0.02,,,,,2023-12-01,2024-04-05,"United States, Canada",ES_1148949_Combi 20 2/1_04122024162193_80198196
3436312,HOUNÖ A/S,Houno,Invoq Hybrid 20 2/1 GN,Hybrid 20 2/1,,,Combination,Type II - Floor and roll-in units,Full-size,Electric,62.2,,,3.0,2.59,,3.0,11.4,2.0,,,,Boiler/Steam Generator,40.0,,,40.0,1.08,,,,81.0,77.0,329.63,389.34,0.0,0.0,0.06,0.01,,,,,2023-12-01,2024-04-05,"United States, Canada",ES_1148949_Combi 6 1/1_04122024162222_80198196
3436232,HOUNÖ A/S,Houno,Invoq Hybrid 6 1/1 GN (PT),Hybrid 6 1/1,,,Combination,"Type I - Table, countertop, and stand mounted units",,Electric,10.3,,,1.0,6.57,,1.0,9.42,0.8,,,,Boiler/Steam Generator,7.0,,,7.0,0.62,,,,78.0,64.0,59.56,76.11,0.02,0.02,0.11,0.11,,,,,2023-12-01,2024-04-05,"United States, Canada",ES_1148949_Combi 10 1/1_04122024162451_80198196
3436264,HOUNÖ A/S,Houno,Invoq Hybrid 6 2/1 GN,Hybrid 6 2/1,,,Combination,"Type I - Table, countertop, and stand mounted units",Full-size,Electric,22.3,,,2.0,4.25,,1.0,3.09,1.1,,,,Boiler/Steam Generator,14.0,,,14.0,0.67,,,,80.0,71.0,112.6,166.3,0.09,0.02,0.09,0.01,,,,,2023-12-01,2024-04-05,"United States, Canada",ES_1148949_Combi 10 2/1_04122024162457_80198196
3436257,HOUNÖ A/S,Leventi,Invoq Combi 10 1/1 GN (PT),Combi 10 1/1,,,Combination,"Type I - Table, countertop, and stand mounted units",,Electric,19.3,,,1.0,4.13,,1.0,3.11,1.01,,,,Boiler-less/Spritzer/Injector,10.0,,,10.0,0.73,,,,78.0,62.0,83.96,96.78,0.01,0.01,0.16,0.16,,,,,2023-12-01,2024-04-05,"United States, Canada",ES_1148949_Hybrid 10 1/1_04122024162411_80198196
3436287,HOUNÖ A/S,Leventi,Invoq Combi 10 2/1 GN,Combi 10 2/1,,,Combination,"Type I - Table, countertop, and stand mounted units",Full-size,Electric,31.3,,,2.0,3.09,,1.0,1.45,1.2,,,,Boiler-less/Spritzer/Injector,20.0,,,20.0,0.61,,,,81.0,73.0,161.3,134.1,0.0,0.01,0.07,0.01,,,,,2023-12-01,2024-04-05,"United States, Canada",ES_1148949_Hybrid 10 2/1_04122024162991_80198196
3436305,HOUNÖ A/S,Leventi,Invoq Combi 20 1/1 GN,Combi 20 1/1,,,Combination,Type II - Floor and roll-in units,Half-size,Electric,38.2,,,3.0,4.33,,1.0,2.12,1.74,,,,Boiler-less/Spritzer/Injector,20.0,,,20.0,0.93,,,,78.0,70.0,173.34,176.72,1.34,0.01,0.09,0.02,,,,,2023-12-01,2024-04-05,"United States, Canada",ES_1148949_Hybrid 20 1/1_04122024162184_80198196
3436321,HOUNÖ A/S,Leventi,Invoq Combi 20 2/1 GN,Combi 20 2/1,,,Combination,Type II - Floor and roll-in units,Full-size,Electric,62.2,,,3.0,2.59,,2.0,1.57,2.0,,,,Boiler-less/Spritzer/Injector,40.0,,,40.0,0.99,,,,81.0,78.0,329.63,307.93,0.0,0.0,0.05,0.01,,,,,2023-12-01,2024-04-05,"United States, Canada",ES_1148949_Hybrid 20 2/1_04122024165498_80198196
3436241,HOUNÖ A/S,Leventi,Invoq Combi 6 1/1 GN (PT),Combi 6 1/1,,,Combination,"Type I - Table, countertop, and stand mounted units",,Electric,10.3,,,1.0,6.57,,1.0,9.42,0.8,,,,Boiler-less/Spritzer/Injector,7.0,,,7.0,0.62,,,,78.0,58.0,59.56,71.43,0.02,0.02,0.22,0.22,,,,,2023-12-01,2024-04-05,"United States, Canada",ES_1148949_Hybrid 6 1/1_041220241624510_80198196
3436273,HOUNÖ A/S,Leventi,Invoq Combi 6 2/1 GN,Combi 6 2/1,,,Combination,"Type I - Table, countertop, and stand mounted units",Full-size,Electric,22.3,,,2.0,4.25,,1.0,2.43,1.1,,,,Boiler-less/Spritzer/Injector,14.0,,,14.0,0.64,,,,80.0,75.0,112.6,168.2,0.09,0.02,0.07,0.01,,,,,2023-12-01,2024-04-05,"United States, Canada",ES_1148949_Hybrid 6 2/1_04122024162764_80198196
3436258,HOUNÖ A/S,Leventi,Invoq Hybrid 10 1/1 GN (PT),Hybrid 10 1/1,,,Combination,"Type I - Table, countertop, and stand mounted units",,Electric,19.3,,,1.0,4.13,,1.0,7.4,1.01,,,,Boiler/Steam Generator,10.0,,,10.0,0.83,,,,78.0,59.0,83.96,114.11,0.01,0.01,0.11,0.11,,,,,2023-12-01,2024-04-05,"United States, Canada",ES_1148949_Combi 6 2/1_04122024162433_80198196
3436288,HOUNÖ A/S,Leventi,Invoq Hybrid 10 2/1 GN,Hybrid 10 2/1,,,Combination,"Type I - Table, countertop, and stand mounted units",Full-size,Electric,31.3,,,2.0,3.09,,2.0,7.06,1.2,,,,Boiler/Steam Generator,20.0,,,20.0,0.69,,,,81.0,72.0,161.3,155.5,0.0,0.01,0.08,0.01,,,,,2023-12-01,2024-04-05,"United States, Canada",ES_1148949_Combi 20 1/1_04122024162691_80198196
4015840,LAINOX ALI Group S.r.l,Lainox,NAE062BS,NAE062BS,",SAE062BS,",,Combination,"Type I - Table, countertop, and stand mounted units",Full-size,Electric,22.2,,0.0,,5.67,0.0,,5.83,1.09,0.0,0.0,0.0,Boiler/Steam Generator,12.0,,,12.0,1.43,0.0,0.0,0.0,81.0,67.0,116.76,226.09,0.15,0.0,0.25,0.06,0.0,0.0,0.0,0.0,2025-03-28,2025-04-16,"United States, Canada","ES_1138848_NAE062BS, SAE062BS_04072025111932_2187311"
4015839,LAINOX ALI Group S.r.l,Lainox,NAE062BV,NAE062BV,",SAE062BV,",,Combination,"Type I - Table, countertop, and stand mounted units",Full-size,Electric,22.2,,0.0,,5.67,0.0,,1.83,1.09,0.0,0.0,0.0,Boiler-less/Spritzer/Injector,12.0,,,12.0,1.4,0.0,0.0,0.0,81.0,69.0,116.76,139.47,0.15,0.0,0.18,0.11,0.0,0.0,0.0,0.0,2025-03-28,2025-04-16,"United States, Canada",ES_1138848_NAE062BV_04162025113942_1837884
3798590,LAINOX ALI Group S.r.l,Lainox,NAE101BS,NAE101BS,",SAE101BS,",,Combination,"Type I - Table, countertop, and stand mounted units",Half-size,Electric,18.7,,0.0,,3.83,0.0,,7.0,1.1,0.0,0.0,0.0,Boiler/Steam Generator,10.0,,10.0,,1.9,0.0,0.0,0.0,79.0,58.0,87.36,212.68,0.01,0.0,0.28,0.09,0.0,0.0,0.0,0.0,2024-05-10,2024-11-12,"United States, Canada","ES_1138848_NAE101BS, SAE101BS._10162024115246_7944909"
3891798,LAINOX ALI Group S.r.l,Lainox,NAE101BV,NAE101BV,",SAE101BV,",,Combination,"Type I - Table, countertop, and stand mounted units",Half-size,Electric,18.7,,0.0,,3.83,0.0,,2.33,1.1,0.0,0.0,0.0,Boiler-less/Spritzer/Injector,10.0,,10.0,,1.62,0.0,0.0,0.0,79.0,60.0,87.36,112.06,0.01,0.0,0.28,0.07,0.0,0.0,0.0,0.0,2024-05-10,2024-12-20,"United States, Canada",ES_1138848_NAE101BV_11262024183305_2710077
4015838,LAINOX ALI Group S.r.l,Lainox,NAE102BS,NAE102BS,",SAE102BS,",,Combination,"Type I - Table, countertop, and stand mounted units",Full-size,Electric,36.7,,0.0,,2.83,0.0,,4.33,1.08,0.0,0.0,0.0,Boiler/Steam Generator,20.0,,,20.0,1.51,0.0,0.0,0.0,82.0,66.0,177.77,329.8,0.21,0.0,0.38,0.04,0.0,0.0,0.0,0.0,2025-03-28,2025-04-16,"United States, Canada",ES_1138848_NAE102BS_04162025114527_2161218
4015987,LAINOX ALI Group S.r.l,Lainox,NAE102BV,NAE102BV,",SAE102BV,",,Combination,"Type I - Table, countertop, and stand mounted units",Full-size,Electric,36.7,,0.0,,2.83,0.0,,1.83,1.08,0.0,0.0,0.0,Boiler-less/Spritzer/Injector,20.0,,,20.0,1.46,0.0,0.0,0.0,81.0,78.0,177.77,270.94,0.21,0.0,0.21,0.2,0.0,0.0,0.0,0.0,2025-03-28,2025-04-21,"United States, Canada","ES_1138848_NAE102BV, SAE102BV_04162025115053_5314905"
4481068,LAINOX ALI Group S.r.l,Lainox,NAE201BS,NAE201BS,",SAE201BS,",,Combination,Type II - Floor and roll-in units,Half-size,Electric,37.2,,0.0,2.0,4.0,0.0,3.0,5.83,1.97,0.0,0.0,0.0,Boiler/Steam Generator,20.0,,20.0,,2.6,0.0,0.0,0.0,78.0,68.0,189.2,372.57,0.11,0.0,0.15,0.03,0.0,0.0,0.0,0.0,2025-06-27,2025-08-04,"United States, Canada",ES_1138848_NAE201BS_07242025171049_262262
4012674,LAINOX ALI Group S.r.l,Lainox,NAG061BS,NAG061BS,",SAG061BS,",,Combination,"Type I - Table, countertop, and stand mounted units",Half-size,Gas,,51200.0,4416.0,,6.0,10380.0,,21.0,,4129.0,0.09,4449.0,Boiler/Steam Generator,6.0,,6.0,,,5007.0,0.42,6435.0,58.0,46.0,55.09,103.13,0.0,0.0,0.19,0.17,,,0.0,,2024-08-16,2025-04-10,"United States, Canada",ES_1138848_NAG061BS_01282025134650_3581354
4481292,LAINOX ALI Group S.r.l,Lainox,NAG061BV,NAG061BV,",SAG061BV,",,Combination,"Type I - Table, countertop, and stand mounted units",Half-size,Gas,,44400.0,4416.0,,6.0,3984.0,,5.17,,4129.0,0.09,4449.0,Boiler-less/Spritzer/Injector,6.0,,6.0,,,5961.0,0.43,7434.0,58.0,46.0,55.09,85.07,0.0,0.0,0.36,0.94,,,0.0,,2025-07-02,2025-08-13,"United States, Canada",ES_1138848_NAG061BV_08042025173221_341455
4481069,LAINOX ALI Group S.r.l,Lainox,NAG062BS,NAG062BS,",SAG062BS,",,Combination,"Type I - Table, countertop, and stand mounted units",Full-size,Gas,,102400.0,5926.0,,4.67,8398.0,,8.67,,4534.0,0.07,4776.0,Boiler/Steam Generator,12.0,,,12.0,,5146.0,0.43,6618.0,61.0,48.0,96.18,187.69,0.05,0.0,0.21,0.05,,,0.0,,2025-04-24,2025-08-04,"United States, Canada",ES_1138848_NAG062BS_07242025161418_6217004
4481067,LAINOX ALI Group S.r.l,Lainox,NAG101BS,NAG101BS,",SAG101BS,",,Combination,"Type I - Table, countertop, and stand mounted units",Half-size,Gas,,85400.0,6526.0,,9.5,8476.0,,10.17,,4823.0,0.07,5067.0,Boiler/Steam Generator,10.0,,10.0,,,6201.0,0.36,7417.0,61.0,49.0,94.61,200.39,0.09,,0.22,0.06,,,0.0,,2025-06-06,2025-08-04,"United States, Canada",ES_1138848_NAG101BS_07242025173814_1078149
4498391,LAINOX ALI Group S.r.l,Lainox,NAG101BV,NAG101BV,",SAG101BV,",,Combination,"Type I - Table, countertop, and stand mounted units",Half-size,Gas,,75100.0,6526.0,,9.5,6320.0,,4.83,,4823.0,0.07,5067.0,Boiler-less/Spritzer/Injector,10.0,,10.0,,,6388.0,0.36,7604.0,61.0,54.0,94.61,140.83,0.09,0.0,0.1,0.39,,,0.0,,2025-05-27,2025-09-04,"United States, Canada",ES_1138848_NAG101BV_08052025134651_1607324
4015989,LAINOX ALI Group S.r.l,Lainox,NAG102BS,NAG102BS,",SAG102BS,",,Combination,"Type I - Table, countertop, and stand mounted units",Full-size,Gas,,170700.0,8321.0,,9.83,13169.0,,5.83,,6097.0,0.12,6498.0,Boiler/Steam Generator,20.0,,,20.0,,8874.0,0.39,10204.0,58.0,48.0,187.63,333.74,0.17,0.0,0.22,0.08,,,0.0,,2025-04-16,2025-04-21,"United States, Canada","ES_1138848_NAG102BS, SAG102BS_04162025115515_7555810"
2406441,LBC Bakery Equipment,Lbc Bakery,LRO-1G6,LRO-1G6,,,Rack,Type II - Floor and roll-in units,Full-size,Gas,,175000.0,,,20.0,,,,,,,14413.0,Boiler-less/Spritzer/Injector,,,,,,,,,,,,,,,,,61.0,152.76,,1.56,2022-12-01,2023-01-03,"United States, Canada",LRO-1G6
2406442,LBC Bakery Equipment,Lbc Bakery,LRO-2G6,LRO-2G6,,,Rack,Type II - Floor and roll-in units,Full-size,Gas,,290000.0,,,20.0,,,,,,,17369.0,Boiler-less/Spritzer/Injector,,,,,,,,,,,,,,,,,71.0,304.7,,3.42,2022-12-01,2023-01-03,"United States, Canada",LRO-2G6
2470756,MKN Maschinenfabrik Kurt Neubauer,Henny Penny,FPE115,115,,,Combination,"Type I - Table, countertop, and stand mounted units",Full-size,Electric,15.7,,,2.0,60.0,,1.0,60.0,1.06,,,,Boiler-less/Spritzer/Injector,10.0,,10.0,,1.64,,,,80.0,56.0,99.5,137.63,0.0,0.0,0.24,0.24,,,,,2014-01-01,2023-04-21,"United States, Canada",ES_1138805_115_04242023141119_80159997
2470751,MKN Maschinenfabrik Kurt Neubauer,Henny Penny,FPE121,121,,,Combination,"Type I - Table, countertop, and stand mounted units",Full-size,Electric,27.3,,,2.0,60.0,,3.0,60.0,1.11,,,,Boiler-less/Spritzer/Injector,20.0,,20.0,10.0,2.13,,,,90.0,68.0,197.71,252.67,0.0,0.0,0.19,0.22,,,,,2014-01-01,2023-04-21,"United States, Canada",ES_1138805_121_04242023141118_80159997
2470754,MKN Maschinenfabrik Kurt Neubauer,Henny Penny,FPE215,215,,,Combination,Type II - Floor and roll-in units,Full-size,Electric,31.6,,,4.0,60.0,,5.0,60.0,1.5,,,,Boiler-less/Spritzer/Injector,20.0,,20.0,,3.14,,,,90.0,60.0,173.56,391.62,0.0,0.0,0.22,0.36,,,,,2014-01-01,2023-04-21,"United States, Canada",ES_1138805_215_04242023141119_80159997
2470758,MKN Maschinenfabrik Kurt Neubauer,Henny Penny,FSE610,610,,,Combination,"Type I - Table, countertop, and stand mounted units",Full-size,Electric,7.4,,,1.0,60.0,,1.0,60.0,0.63,,,,Boiler-less/Spritzer/Injector,6.0,,6.0,,1.09,,,,80.0,62.0,55.99,95.87,0.0,0.0,0.26,0.32,,,,,2014-01-01,2023-04-21,"United States, Canada",ES_1138805_610_04242023141119_80159997
2636219,MKN Maschinenfabrik Kurt Neubauer,Henny Penny,FSEN610,610,,,Combination,"Type I - Table, countertop, and stand mounted units",Full-size,Electric,7.4,,,1.0,60.0,,1.0,60.0,0.63,,,,Boiler-less/Spritzer/Injector,6.0,,6.0,,1.09,,,,80.0,62.0,55.99,95.87,0.0,0.0,0.26,0.32,,,,,2014-01-01,2023-04-21,"United States, Canada",ES_1138805_610_08212023113332_80174816
2470750,MKN Maschinenfabrik Kurt Neubauer,Henny Penny,FPE621,621,,,Combination,"Type I - Table, countertop, and stand mounted units",Full-size,Electric,17.4,,,1.0,4.38,,1.0,6.22,0.92,,,,Boiler-less/Spritzer/Injector,12.0,,12.0,6.0,2.02,,,,90.0,59.0,107.1,172.12,0.0,0.0,0.25,0.36,,,,,2014-01-01,2023-04-21,"United States, Canada",ES_1138805_621_04242023141119_80159997
2470755,MKN Maschinenfabrik Kurt Neubauer,Mkn Maschinenfabrik Kurt Neubauer Gmbh & Co.Kg,FKECOD115T,115,,,Combination,"Type I - Table, countertop, and stand mounted units",Full-size,Electric,15.7,,,2.0,60.0,,1.0,60.0,1.06,,,,Boiler-less/Spritzer/Injector,10.0,,10.0,,1.64,,,,80.0,56.0,99.5,137.63,0.0,0.0,0.24,0.24,,,,,2014-01-01,2023-04-21,"United States, Canada",ES_1138805_115_04242023141118_80159997
2470752,MKN Maschinenfabrik Kurt Neubauer,Mkn Maschinenfabrik Kurt Neubauer Gmbh & Co.Kg,FKECOD121T,121,,,Combination,"Type I - Table, countertop, and stand mounted units",Full-size,Electric,27.3,,,2.0,60.0,,3.0,60.0,1.11,,,,Boiler-less/Spritzer/Injector,20.0,,20.0,10.0,2.13,,,,90.0,68.0,197.71,252.67,0.0,0.0,0.19,0.22,,,,,2014-01-01,2023-04-21,"United States, Canada",ES_1138805_121_04242023141119_80159997
2470753,MKN Maschinenfabrik Kurt Neubauer,Mkn Maschinenfabrik Kurt Neubauer Gmbh & Co.Kg,FKECOD215T,215,,,Combination,Type II - Floor and roll-in units,Full-size,Electric,31.6,,,4.0,60.0,,5.0,60.0,1.5,,,,Boiler-less/Spritzer/Injector,20.0,,20.0,,3.14,,,,90.0,60.0,173.56,319.62,0.0,0.0,0.22,0.36,,,,,2014-01-01,2023-04-21,"United States, Canada",ES_1138805_215_04242023141118_80159997
2470757,MKN Maschinenfabrik Kurt Neubauer,Mkn Maschinenfabrik Kurt Neubauer Gmbh & Co.Kg,SKECOD610T,610,,,Combination,"Type I - Table, countertop, and stand mounted units",Full-size,Electric,7.4,,,1.0,60.0,,1.0,60.0,0.63,,,,Boiler-less/Spritzer/Injector,6.0,,6.0,,1.09,,,,80.0,62.0,55.99,95.87,0.0,0.0,0.26,0.32,,,,,2014-01-01,2023-04-21,"United States, Canada",ES_1138805_610_04242023141118_80159997
2470749,MKN Maschinenfabrik Kurt Neubauer,Mkn Maschinenfabrik Kurt Neubauer Gmbh & Co.Kg,FKECOD621T,621,,,Combination,"Type I - Table, countertop, and stand mounted units",Full-size,Electric,17.4,,,1.0,4.38,,1.0,6.22,0.92,,,,Boiler-less/Spritzer/Injector,12.0,,12.0,6.0,2.02,,,,90.0,59.0,107.1,172.12,0.0,0.0,0.25,0.36,,,,,2014-01-01,2023-04-21,"United States, Canada",ES_1138805_621_04242023141118_80159997
3891044,Moffat Limited,Moffat Limited,E22M3,E22M3,,,Convection,"Type I - Table, countertop, and stand mounted units",Half-size,Electric,2.7,,,0.0,7.35,,,,0.62,,,,Boiler-less/Spritzer/Injector,,,3.0,,,,,,71.0,,27.3,,,,,,,,,,2010-05-24,2024-08-23,"United States, Canada",ES_1086631_E22M3_12132024152912_1002713
3891776,Moffat Limited,Moffat Limited,E23D3,E23D3,,,Convection,"Type I - Table, countertop, and stand mounted units",Half-size,Electric,2.7,,,0.0,7.35,,,,0.62,,,,Boiler-less/Spritzer/Injector,,,3.0,,,,,,71.0,,27.3,,,,,,,,,,2010-05-24,2024-08-23,"United States, Canada",ES_1086631_E23D3_12132024152912_1002715
3891775,Moffat Limited,Moffat Limited,E23M3,E23M3,,,Convection,"Type I - Table, countertop, and stand mounted units",Half-size,Electric,2.7,,,0.0,7.35,,,,0.62,,,,Boiler-less/Spritzer/Injector,,,3.0,,,,,,71.0,,27.3,,,,,,,,,,2010-05-24,2024-08-23,"United States, Canada",ES_1086631_E23M3_12132024152912_1002714
2406731,Moffat Limited,Moffat Limited,E32D4,E32D4,,,Convection,"Type I - Table, countertop, and stand mounted units",Full-size,Electric,5.8,,,1.0,7.8,,,,0.95,,,,Boiler-less/Spritzer/Injector,,,,4.0,,,,,78.0,,68.5,,,,,,,,,0.06,2014-08-01,2014-11-05,"United States, Canada",EES_1086631_E32D4_11052014131801_1002268
2406730,Moffat Limited,Moffat Limited,E32D5,E32D5,"E32T5,E32T5,",,Convection,"Type I - Table, countertop, and stand mounted units",Full-size,Electric,5.8,,,1.0,7.8,,,,0.95,,,,Boiler-less/Spritzer/Injector,,,,5.0,,,,,81.0,,79.1,,,,,,,,,0.06,2013-05-01,2023-03-06,"United States, Canada",ES_1086631_E32D5_07292013092025_1002238
2406729,Moffat Limited,Moffat Limited,E33T5,E33T5,"E33D5,E33D5,",,Convection,"Type I - Table, countertop, and stand mounted units",Half-size,Electric,6.0,,,1.0,7.8,,,,0.76,,,,Boiler-less/Spritzer/Injector,,,5.0,,,,,,79.0,,59.8,,,,,,,,,0.06,2017-11-08,2017-11-08,"United States, Canada",ES_1086631_E33T5_07292013092025_1002237
3360649,MVP Group Corp.,Ikon,IGCO,IGCO,",IGCO-2,",,Convection,Type II - Floor and roll-in units,Full-size,Gas,,54000.0,9041.0,,10.06,,,,,8272.0,,8272.0,Boiler-less/Spritzer/Injector,,,,5.0,,,,,50.0,,80.1,,,,,,,,,,2024-01-03,2024-01-09,"United States, Canada",ES_1092313_IGCO_01082024134443_6310388
2407118,Rational,Rational Ag,iCombiPro 6-2/3 elec.,LM100AE,",,6-2/3 elec.",,Combination,"Type I - Table, countertop, and stand mounted units",Two-thirds size,Electric,5.7,,,0.0,8.5,,0.0,5.34,0.46,,,,Boiler/Steam Generator,4.0,4.0,,,0.41,,,,76.0,57.0,28.0,56.3,0.0,0.0,0.11,0.03,,,,,2020-05-05,2023-01-19,"United States, Canada",ES_1088380_LM100AE_01192023124852_80151055
2407120,Rational,Rational Ag,iCombiPro 6-half elec.,LM100BE,",,6-1/1 elec.",,Combination,"Type I - Table, countertop, and stand mounted units",Half-size,Electric,10.8,,,1.0,3.42,,1.0,6.17,0.71,,,,Boiler/Steam Generator,6.0,,6.0,,0.82,,,,80.0,59.0,65.6,103.3,0.0,0.0,0.24,0.05,,,,,2020-05-05,2023-01-19,"United States, Canada",ES_1088380_LM100BE_01192023124852_80151055
2407114,Rational,Rational Ag,iCombiPro 6-half gas,LM100BG,",,6-1/1 gas",,Combination,"Type I - Table, countertop, and stand mounted units",Half-size,Gas,,49500.0,2830.0,,10.83,4129.0,,5.67,,3061.0,0.06,3266.0,Boiler/Steam Generator,6.0,,6.0,,,3960.0,0.09,4267.0,62.0,50.0,63.3,118.9,0.0,0.0,0.15,0.05,,,,,2020-05-05,2023-01-19,"United States, Canada",ES_1088380_LM100BG_01192023124852_80151055
2407117,Rational,Rational Ag,iCombiPro 6-full elec.,LM100CE,",,6-2/1 elec.",,Combination,"Type I - Table, countertop, and stand mounted units",Full-size,Electric,22.4,,,1.0,3.27,,2.0,6.46,0.98,,,,Boiler/Steam Generator,12.0,,,6.0,0.84,,,,82.0,57.0,116.6,217.03,0.0,0.0,0.39,0.02,,,,,2020-05-05,2023-01-19,"United States, Canada",ES_1088380_LM100CE_01192023124852_80151055
2407111,Rational,Rational Ag,iCombiPro 6-full gas,LM100CG,",,6-2/1 gas",,Combination,"Type I - Table, countertop, and stand mounted units",Full-size,Gas,,106500.0,3636.0,,2.4,5919.0,,4.92,,3847.0,0.17,4427.0,Boiler/Steam Generator,12.0,,,6.0,,4106.0,0.13,4536.0,66.0,55.0,106.97,238.94,0.0,0.0,0.19,0.02,,,,,2020-05-05,2023-01-19,"United States, Canada",ES_1088380_LM100CG_01192023124852_80151055
2407122,Rational,Rational Ag,iCombiPro 10-half elec.,LM100DE,",,10-1/1 elec.",,Combination,"Type I - Table, countertop, and stand mounted units",Half-size,Electric,18.9,,,1.0,3.17,,1.0,3.75,0.84,,,,Boiler/Steam Generator,10.0,,10.0,,0.77,,,,80.0,63.0,108.5,199.2,0.0,0.0,0.33,0.08,,,,,2020-05-05,2023-01-19,"United States, Canada",ES_1088380_LM100DE_01192023124852_80151055
2407115,Rational,Rational Ag,iCombiPro 10-half gas,LM100DG,",,10-1/1 gas",,Combination,"Type I - Table, countertop, and stand mounted units",Half-size,Gas,,83500.0,4307.0,,3.33,8114.0,,7.93,,3759.0,0.16,4305.0,Boiler/Steam Generator,10.0,,10.0,,,6109.0,0.12,6518.0,64.0,55.0,97.93,194.03,0.01,0.01,0.17,0.06,,,,,2020-05-05,2023-01-19,"United States, Canada",ES_1088380_LM100DG_01192023124852_80151055
2407119,Rational,Rational Ag,iCombiPro 10-full elec.,LM100EE,",,10-2/1 elec.",,Combination,"Type I - Table, countertop, and stand mounted units",Full-size,Electric,37.4,,,1.0,7.0,,2.0,3.5,1.22,,,,Boiler/Steam Generator,20.0,,,10.0,1.19,,,,82.0,64.0,205.7,383.2,0.0,0.0,0.16,0.03,,,,,2020-05-05,2023-01-19,"United States, Canada",ES_1088380_LM100EE_01192023124852_80151055
2407116,Rational,Rational Ag,iCombiPro 10-full gas,LM100EG,",,10-2/1 gas",,Combination,"Type I - Table, countertop, and stand mounted units",Full-size,Gas,,152000.0,6729.0,,2.67,9497.0,,3.75,,5140.0,0.23,5925.0,Boiler/Steam Generator,20.0,,,10.0,,6653.0,0.14,7131.0,64.0,57.0,190.66,374.79,0.0,0.0,0.13,0.03,,,,,2020-05-05,2023-01-19,"United States, Canada",ES_1088380_LM100EG_01192023124852_80151055
2407121,Rational,Rational Ag,iCombiPro 20-half elec.,LM100FE,",,20-1/1 elec.",,Combination,Type II - Floor and roll-in units,Half-size,Electric,37.0,,,2.0,3.0,,2.0,3.83,1.59,,,,Boiler/Steam Generator,20.0,,20.0,,1.63,,,,80.0,64.0,207.9,447.3,0.0,0.0,0.27,0.08,,,,,2020-05-05,2023-01-19,"United States, Canada",ES_1088380_LM100FE_01192023124852_80151055
2407112,Rational,Rational Ag,iCombiPro 20-half gas,LM100FG,",,20-1/1 gas",,Combination,Type II - Floor and roll-in units,Half-size,Gas,,159500.0,6681.0,,4.67,9847.0,,6.25,,6015.0,0.94,9222.0,Boiler/Steam Generator,20.0,,20.0,,,6538.0,0.23,7323.0,65.0,52.0,190.4,407.4,0.0,0.0,0.24,0.04,,,,,2020-05-05,2023-01-19,"United States, Canada",ES_1088380_LM100FG_01192023124852_80151055
2407123,Rational,Rational Ag,iCombiPro 20-full elec.,LM100GE,",,20-2/1 elec.",,Combination,Type II - Floor and roll-in units,Full-size,Electric,67.9,,,2.0,1.75,,4.0,7.42,2.25,,,,Boiler/Steam Generator,40.0,,,20.0,1.84,,,,82.0,61.0,355.64,735.11,0.0,0.0,0.22,0.01,,,,,2020-05-05,2023-01-19,"United States, Canada",ES_1088380_LM100GE_01192023124852_80151055
2407113,Rational,Rational Ag,iCombiPro 20-full gas,LM100GG,",,20-2/1 gas",,Combination,Type II - Floor and roll-in units,Full-size,Gas,,303500.0,14615.0,,8.5,14551.0,,5.0,,7401.0,0.48,9039.0,Boiler/Steam Generator,40.0,,,20.0,,7813.0,0.24,8632.0,62.0,58.0,414.2,667.5,0.0,0.0,0.25,0.02,,,,,2020-05-05,2023-01-19,"United States, Canada",ES_1088380_LM100GG_01192023124852_80151055
2407128,Rational,Rational Ag,iCombiClassic 6-half elec.,LM200BE,",,6-1/1 elec.",,Combination,"Type I - Table, countertop, and stand mounted units",Half-size,Electric,10.8,,,1.0,3.67,,1.0,6.53,0.75,,,,Boiler/Steam Generator,6.0,,6.0,,0.81,,,,78.0,60.0,54.51,103.88,0.0,0.0,0.23,0.05,,,,,2020-05-05,2023-01-19,"United States, Canada",ES_1088380_LM200BE_01192023124852_80151055
2407127,Rational,Rational Ag,iCombiClassic 6-half gas,LM200BG,",,6-1/1 gas",,Combination,"Type I - Table, countertop, and stand mounted units",Half-size,Gas,,49500.0,2492.0,,3.0,5174.0,,7.32,,3581.0,0.33,4707.0,Boiler/Steam Generator,6.0,,6.0,,,3293.0,0.4,4658.0,60.0,52.0,54.0,107.11,0.02,0.03,0.2,0.07,,,,,2020-05-05,2023-01-19,"United States, Canada",ES_1088380_LM200BG_01192023124852_80151055
2407126,Rational,Rational Ag,iCombiClassic 6-full elec.,LM200CE,",,6-2/1 elec.",,Combination,"Type I - Table, countertop, and stand mounted units",Full-size,Electric,22.4,,,1.0,2.0,,2.0,6.32,1.13,,,,Boiler/Steam Generator,12.0,,,6.0,0.98,,,,78.0,59.0,109.33,210.35,0.0,0.0,0.24,0.02,,,,,2020-05-05,2023-01-19,"United States, Canada",ES_1088380_LM200CE_01192023124852_80151055
2407124,Rational,Rational Ag,iCombiClassic 6-full gas,LM200CG,",,6-2/1 gas",,Combination,"Type I - Table, countertop, and stand mounted units",Full-size,Gas,,106500.0,3987.0,,2.32,4966.0,,5.62,,4910.0,0.44,6411.0,Boiler/Steam Generator,12.0,,,6.0,,3973.0,0.63,6123.0,63.0,48.0,109.9,239.2,0.0,0.01,0.25,0.02,,,,,2020-05-05,2023-01-19,"United States, Canada",ES_1088380_LM200CG_01192023124852_80151055
2407125,Rational,Rational Ag,iCombiClassic 10-half elec.,LM200DE,",,10-1/1 elec.",,Combination,"Type I - Table, countertop, and stand mounted units",Half-size,Electric,18.9,,,1.0,2.78,,1.0,4.77,1.04,,,,Boiler/Steam Generator,10.0,,10.0,,1.01,,,,78.0,62.0,103.1,189.2,0.0,0.0,0.21,0.04,,,,,2020-05-05,2023-01-19,"United States, Canada",ES_1088380_LM200DE_01192023124852_80151055
2452996,Retigo s.r.o.,Retigo S.R.O.,B 1011 i,B 1011 i,,,Combination,"Type I - Table, countertop, and stand mounted units",Half-size,Electric,18.6,,,172263.0,60.0,,247909.0,60.0,1.01,,,,Boiler-less/Spritzer/Injector,10.0,,10.0,,1.13,,,,81.0,68.0,96.61,179.0,0.0,0.0,,0.21,,,,,2018-06-29,2023-03-30,"United States, Canada",ES_1142075_B 1011 i5__04032023152053_80161055
2814190,Retigo s.r.o.,Retigo S.R.O.,B 621 i,B 621 i,,,Combination,"Type I - Table, countertop, and stand mounted units",Full-size,Electric,15.3,,,1.0,4.11,,0.0,1.95,1.1,,,,Boiler-less/Spritzer/Injector,12.0,,12.0,6.0,1.25,,,,80.0,68.0,118.2,170.1,0.0,0.0,0.33,0.18,,,,,2022-09-01,2023-11-29,"United States, Canada",ES_1142075_B 621 i_11302023105426_80183533
2452930,Revent International AB,Revent,724,724,,,Rack,Type II - Floor and roll-in units,Full-size,Gas,,335600.0,69750.0,,13.67,,,,,19942.0,0.45,21477.0,Boiler/Steam Generator,,,,20.0,,,,,,,,,,,,,59.0,294.7,1.0,,2016-10-06,2016-10-07,"United States, Canada",ES_1116902_724_10062016093031_6208154
2452928,Revent International AB,Revent,726 G CG U,726 G CG U,,,Rack,Type II - Floor and roll-in units,Full-size,Gas,,170000.0,40710.0,,15.5,,,,,21980.0,0.74,24504.0,Boiler/Steam Generator,,,,15.0,,,,,,,,,,,,,49.0,131.1,1.0,,2016-07-07,2016-07-08,"United States, Canada",ES_1116902_726 G CG U_07072016091215_8265497
2452931,Revent International AB,Revent,ONE26,ONE26,,,Rack,Type II - Floor and roll-in units,Full-size,Gas,,173400.0,31100.0,,11.0,,,,,16650.0,0.99,20028.0,Boiler/Steam Generator,,,,15.0,,,,,,,,,,,,,53.0,136.4,1.0,,2016-10-06,2016-10-07,"United States, Canada",ES_1116902_ONE26_03152023120651_207025
2452929,Revent International AB,Revent,ONE39,ONE39,,,Convection,Type II - Floor and roll-in units,Full-size,Gas,,88813.0,12461.0,,9.25,,,,,3516.0,0.63,5666.0,Boiler/Steam Generator,,,,8.0,,,,,69.0,,127.0,,,,,,,,1.0,,2016-10-06,2016-10-07,"United States, Canada",ES_1116902_ONE39_10062016093652_8334619
2430178,"Royal Range Of California, Inc.",Royal Range,RCOS-1,RCOS-1,"RCOS-2,,",469092,Convection,Type II - Floor and roll-in units,Full-size,Gas,,70000.0,12465.0,,10.03,,,,,8866.0,0.43,10332.0,Boiler-less/Spritzer/Injector,,,,5.0,,,,,54.0,,95.3,,,,,,,,,,2021-01-01,2021-02-16,"United States, Canada",ES_1091953_RCOS-13_03202023082825_80156174
4016394,"Royal Range Of California, Inc.","Royal Range Of California, Inc.",RCOS-1-HE,RCOS-1-HE,"RCOS-2-HE,,",,Convection,Type II - Floor and roll-in units,Full-size,Gas,,70000.0,9533.0,,8.52,,,,,6906.0,0.69,9260.0,Boiler-less/Spritzer/Injector,,,,5.0,,,,,56.0,,115.64,,,,,,,,,,2025-01-01,2024-04-18,"United States, Canada",ES_1091953_RCOS-1-HE_04242025123611_80238841
3436306,HOUNÖ A/S,Leventi,Invoq Hybrid 20 1/1 GN,Hybrid 20 1/1,,,Combination,Type II - Floor and roll-in units,Half-size,Electric,38.2,,,3.0,4.33,,3.0,11.41,1.74,,,,Boiler/Steam Generator,20.0,,,20.0,1.05,,,,78.0,67.0,173.34,225.95,1.34,0.01,0.08,0.02,,,,,2023-12-01,2024-04-05,"United States, Canada",ES_1148949_Combi 20 2/1_04122024162183_80198196
3436322,HOUNÖ A/S,Leventi,Invoq Hybrid 20 2/1 GN,Hybrid 20 2/1,,,Combination,Type II - Floor and roll-in units,Full-size,Electric,62.2,,,3.0,2.59,,3.0,11.4,2.0,,,,Boiler/Steam Generator,40.0,,,40.0,1.08,,,,81.0,77.0,329.63,389.34,0.0,0.0,0.06,0.01,,,,,2023-12-01,2024-04-05,"United States, Canada",ES_1148949_Combi 6 1/1_04122024164987_80198196
3436242,HOUNÖ A/S,Leventi,Invoq Hybrid 6 1/1 GN (PT),Hybrid 6 1/1,,,Combination,"Type I - Table, countertop, and stand mounted units",,Electric,10.3,,,1.0,6.57,,1.0,9.42,0.8,,,,Boiler/Steam Generator,7.0,,,7.0,0.62,,,,78.0,64.0,59.56,76.11,0.02,0.02,0.11,0.11,,,,,2023-12-01,2024-04-05,"United States, Canada",ES_1148949_Combi 10 1/1_04122024162411_80198196
3436274,HOUNÖ A/S,Leventi,Invoq Hybrid 6 2/1 GN,Hybrid 6 2/1,,,Combination,"Type I - Table, countertop, and stand mounted units",Full-size,Electric,22.3,,,2.0,4.25,,1.0,3.09,1.1,,,,Boiler/Steam Generator,14.0,,,14.0,0.67,,,,80.0,71.0,112.6,166.3,0.09,0.02,0.09,0.01,,,,,2023-12-01,2024-04-05,"United States, Canada",ES_1148949_Combi 10 2/1_04122024162765_80198196
3436259,HOUNÖ A/S,Sveba Dahlen,Invoq Combi 10 1/1 GN (PT),Combi 10 1/1,,,Combination,"Type I - Table, countertop, and stand mounted units",,Electric,19.3,,,1.0,4.13,,1.0,3.11,1.01,,,,Boiler-less/Spritzer/Injector,10.0,,,10.0,0.73,,,,78.0,62.0,83.96,96.78,0.01,0.01,0.16,0.16,,,,,2023-12-01,2024-04-05,"United States, Canada",ES_1148949_Hybrid 10 1/1_041220241624544_80198196
3436289,HOUNÖ A/S,Sveba Dahlen,Invoq Combi 10 2/1 GN,Combi 10 2/1,,,Combination,"Type I - Table, countertop, and stand mounted units",Full-size,Electric,31.3,,,2.0,3.09,,1.0,1.45,1.2,,,,Boiler-less/Spritzer/Injector,20.0,,,20.0,0.61,,,,81.0,73.0,161.3,134.1,0.0,0.01,0.07,0.01,,,,,2023-12-01,2024-04-05,"United States, Canada",ES_1148949_Hybrid 10 2/1_04122024162692_80198196
3436307,HOUNÖ A/S,Sveba Dahlen,Invoq Combi 20 1/1 GN,Combi 20 1/1,,,Combination,Type II - Floor and roll-in units,Half-size,Electric,38.2,,,3.0,4.33,,1.0,2.12,1.74,,,,Boiler-less/Spritzer/Injector,20.0,,,20.0,0.93,,,,78.0,70.0,173.34,176.72,1.34,0.01,0.09,0.02,,,,,2023-12-01,2024-04-05,"United States, Canada",ES_1148949_Hybrid 20 1/1_04122024162182_80198196
3436323,HOUNÖ A/S,Sveba Dahlen,Invoq Combi 20 2/1 GN,Combi 20 2/1,,,Combination,Type II - Floor and roll-in units,Full-size,Electric,62.2,,,3.0,2.59,,2.0,1.57,2.0,,,,Boiler-less/Spritzer/Injector,40.0,,,40.0,0.99,,,,81.0,78.0,329.63,307.93,0.0,0.0,0.05,0.01,,,,,2023-12-01,2024-04-05,"United States, Canada",ES_1148949_Hybrid 20 2/1_04122024167254_80198196
3436243,HOUNÖ A/S,Sveba Dahlen,Invoq Combi 6 1/1 GN (PT),Combi 6 1/1,,,Combination,"Type I - Table, countertop, and stand mounted units",,Electric,10.3,,,1.0,6.57,,1.0,9.42,0.8,,,,Boiler-less/Spritzer/Injector,7.0,,,7.0,0.62,,,,78.0,58.0,59.56,71.43,0.02,0.02,0.22,0.22,,,,,2023-12-01,2024-04-05,"United States, Canada",ES_1148949_Hybrid 6 1/1_04122024162412_80198196
3436275,HOUNÖ A/S,Sveba Dahlen,Invoq Combi 6 2/1 GN,Combi 6 2/1,,,Combination,"Type I - Table, countertop, and stand mounted units",Full-size,Electric,22.3,,,2.0,4.25,,1.0,2.43,1.1,,,,Boiler-less/Spritzer/Injector,14.0,,,14.0,0.64,,,,80.0,75.0,112.6,168.2,0.09,0.02,0.07,0.01,,,,,2023-12-01,2024-04-05,"United States, Canada",ES_1148949_Hybrid 6 2/1_04122024162767_80198196
3436260,HOUNÖ A/S,Sveba Dahlen,Invoq Hybrid 10 1/1 GN (PT),Hybrid 10 1/1,,,Combination,"Type I - Table, countertop, and stand mounted units",,Electric,19.3,,,1.0,4.13,,1.0,7.4,1.01,,,,Boiler/Steam Generator,10.0,,,10.0,0.83,,,,78.0,59.0,83.96,114.11,0.01,0.01,0.11,0.11,,,,,2023-12-01,2024-04-05,"United States, Canada",ES_1148949_Combi 6 2/1_04122024162447_80198196
3436290,HOUNÖ A/S,Sveba Dahlen,Invoq Hybrid 10 2/1 GN,Hybrid 10 2/1,,,Combination,"Type I - Table, countertop, and stand mounted units",Full-size,Electric,31.3,,,2.0,3.09,,2.0,7.06,1.2,,,,Boiler/Steam Generator,20.0,,,20.0,0.69,,,,81.0,72.0,161.3,155.5,0.0,0.01,0.08,0.01,,,,,2023-12-01,2024-04-05,"United States, Canada",ES_1148949_Combi 20 1/1_04122024162693_80198196
3436308,HOUNÖ A/S,Sveba Dahlen,Invoq Hybrid 20 1/1 GN,Hybrid 20 1/1,,,Combination,Type II - Floor and roll-in units,Half-size,Electric,38.2,,,3.0,4.33,,3.0,11.41,1.74,,,,Boiler/Steam Generator,20.0,,,20.0,1.05,,,,78.0,67.0,173.34,225.95,1.34,0.01,0.08,0.02,,,,,2023-12-01,2024-04-05,"United States, Canada",ES_1148949_Combi 20 2/1_04122024162181_80198196
3436324,HOUNÖ A/S,Sveba Dahlen,Invoq Hybrid 20 2/1 GN,Hybrid 20 2/1,,,Combination,Type II - Floor and roll-in units,Full-size,Electric,62.2,,,3.0,2.59,,3.0,11.4,2.0,,,,Boiler/Steam Generator,40.0,,,40.0,1.08,,,,81.0,77.0,329.63,389.34,0.0,0.0,0.06,0.01,,,,,2023-12-01,2024-04-05,"United States, Canada",ES_1148949_Combi 6 1/1_04122024162014_80198196
3436244,HOUNÖ A/S,Sveba Dahlen,Invoq Hybrid 6 1/1 GN (PT),Hybrid 6 1/1,,,Combination,"Type I - Table, countertop, and stand mounted units",,Electric,10.3,,,1.0,6.57,,1.0,9.42,0.8,,,,Boiler/Steam Generator,7.0,,,7.0,0.62,,,,78.0,64.0,59.56,76.11,0.02,0.02,0.11,0.11,,,,,2023-12-01,2024-04-05,"United States, Canada",ES_1148949_Combi 10 1/1_04122024162413_80198196
3436276,HOUNÖ A/S,Sveba Dahlen,Invoq Hybrid 6 2/1 GN,Hybrid 6 2/1,,,Combination,"Type I - Table, countertop, and stand mounted units",Full-size,Electric,22.3,,,2.0,4.25,,1.0,3.09,1.1,,,,Boiler/Steam Generator,14.0,,,14.0,0.67,,,,80.0,71.0,112.6,166.3,0.09,0.02,0.09,0.01,,,,,2023-12-01,2024-04-05,"United States, Canada",ES_1148949_Combi 10 2/1_04122024162897_80198196
2631792,Imperial Commercial Cooking Equipment,Imperial,PCV-1,PCV-1,,818667020060,Convection,Type II - Floor and roll-in units,,Gas,,62115.0,15887.0,,15.7,,,,,,0.62,9173.0,Boiler/Steam Generator,,,,5.0,,,,,49.0,,92.85,,,,,,,,,,2021-01-19,2023-07-10,"United States, Canada",ES_1084100_PCV-1_08032023073347_3158354
2631793,Imperial Commercial Cooking Equipment,Imperial,PCV-2,PCV-2,,818667020077,Convection,Type II - Floor and roll-in units,,Gas,,62115.0,15887.0,,15.7,,,,,,0.62,9173.0,Boiler/Steam Generator,,,,5.0,,,,,49.0,,92.85,,,,,,,,,,2021-01-19,2023-07-10,"United States, Canada",ES_1084100_PCV-2_08032023073347_3125882
2631772,Imperial Commercial Cooking Equipment,Imperial,PCVG-1,PCVG-1,"PCVG-1,PCV-1,",818667020060,Convection,Type II - Floor and roll-in units,,Gas,,62115.0,15887.0,,15.7,,,,,,0.62,9173.0,Boiler/Steam Generator,,,,5.0,,,,,49.0,,92.85,,,,,,,,,,2021-01-19,2023-07-10,"United States, Canada",ES_1084100_PCVG-1_08022023140647_581837
2631791,Imperial Commercial Cooking Equipment,Imperial,PCVG-2,PCVG-2,,818667020077,Convection,Type II - Floor and roll-in units,,Gas,,62115.0,15887.0,,15.7,,,,,,0.62,9173.0,Boiler/Steam Generator,,,,5.0,,,,,49.0,,92.85,,,,,,,,,,2021-01-19,2023-07-10,"United States, Canada",ES_1084100_PCVG-2_08032023073347_8624183
3436285,HOUNÖ A/S,Bki,Invoq Combi 10 2/1 GN,Combi 10 2/1,"102KBLE,Combi 10 2/1,",,Combination,"Type I - Table, countertop, and stand mounted units",Full-size,Electric,31.3,,,2.0,3.09,,1.0,1.45,1.2,,,,Boiler-less/Spritzer/Injector,20.0,,,20.0,0.61,,,,81.0,73.0,161.3,134.1,0.0,0.01,0.07,0.01,,,,,2023-12-01,2024-04-05,"United States, Canada",ES_1148949_Hybrid 10 2/1_04122024162993_80198196
3436299,HOUNÖ A/S,Bki,Invoq Combi 20 1/1 GN,Combi 20 1/1,"201BKLE,Combi 20 1/1,",,Combination,Type II - Floor and roll-in units,Half-size,Electric,38.2,,,3.0,4.33,,1.0,2.12,1.74,,,,Boiler-less/Spritzer/Injector,20.0,,,20.0,0.93,,,,78.0,70.0,173.34,176.72,1.34,0.01,0.09,0.02,,,,,2023-12-01,2024-04-05,"United States, Canada",ES_1148949_Hybrid 20 1/1_04122024162190_80198196
3436317,HOUNÖ A/S,Bki,Invoq Combi 20 2/1 GN,Combi 20 2/1,"202KBLE,Combi 20 2/1,",,Combination,Type II - Floor and roll-in units,Full-size,Electric,62.2,,,3.0,2.59,,2.0,1.57,2.0,,,,Boiler-less/Spritzer/Injector,40.0,,,40.0,0.99,,,,81.0,78.0,329.63,307.93,0.0,0.0,0.05,0.01,,,,,2023-12-01,2024-04-05,"United States, Canada",ES_1148949_Hybrid 20 2/1_04122024167777_80198196
3436239,HOUNÖ A/S,Bki,Invoq Combi 6 1/1 GN (PT),Combi 6 1/1,"61KBLE (PT),Combi 6 1/1,",,Combination,"Type I - Table, countertop, and stand mounted units",,Electric,10.3,,,1.0,6.57,,1.0,9.42,0.8,,,,Boiler-less/Spritzer/Injector,7.0,,,7.0,0.62,,,,78.0,58.0,59.56,71.43,0.02,0.02,0.22,0.22,,,,,2023-12-01,2024-04-05,"United States, Canada",ES_1148949_Hybrid 6 1/1_04122024162458_80198196
3436271,HOUNÖ A/S,Bki,Invoq Combi 6 2/1 GN,Combi 6 2/1,"62KBLE,Combi 6 2/1,",,Combination,"Type I - Table, countertop, and stand mounted units",Full-size,Electric,22.3,,,2.0,4.25,,1.0,2.43,1.1,,,,Boiler-less/Spritzer/Injector,14.0,,,14.0,0.64,,,,80.0,75.0,112.6,168.2,0.09,0.02,0.07,0.01,,,,,2023-12-01,2024-04-05,"United States, Canada",ES_1148949_Hybrid 6 2/1_04122024162762_80198196
3436254,HOUNÖ A/S,Bki,Invoq Hybrid 10 1/1 GN (PT),Hybrid 10 1/1,"101KBE (PT),Hybrid 10 1/1,",,Combination,"Type I - Table, countertop, and stand mounted units",,Electric,19.3,,,1.0,4.13,,1.0,7.4,1.01,,,,Boiler/Steam Generator,10.0,,,10.0,0.83,,,,78.0,59.0,83.96,114.11,0.01,0.01,0.11,0.11,,,,,2023-12-01,2024-04-05,"United States, Canada",ES_1148949_Combi 6 2/1_04122024162455_80198196
3436286,HOUNÖ A/S,Bki,Invoq Hybrid 10 2/1 GN,Hybrid 10 2/1,"102KBE,Hybrid 10 2/1,",,Combination,"Type I - Table, countertop, and stand mounted units",Full-size,Electric,31.3,,,2.0,3.09,,2.0,7.06,1.2,,,,Boiler/Steam Generator,20.0,,,20.0,0.69,,,,81.0,72.0,161.3,155.5,0.0,0.01,0.08,0.01,,,,,2023-12-01,2024-04-05,"United States, Canada",ES_1148949_Combi 20 1/1_04122024162992_80198196
3436300,HOUNÖ A/S,Bki,Invoq Hybrid 20 1/1 GN,Hybrid 20 1/1,"201KBE,Hybrid 20 1/1,",,Combination,Type II - Floor and roll-in units,Half-size,Electric,38.2,,,3.0,4.33,,3.0,11.41,1.74,,,,Boiler/Steam Generator,20.0,,,20.0,1.05,,,,78.0,67.0,173.34,225.95,1.34,0.01,0.08,0.02,,,,,2023-12-01,2024-04-05,"United States, Canada",ES_1148949_Combi 20 2/1_04122024162189_80198196
3436318,HOUNÖ A/S,Bki,Invoq Hybrid 20 2/1 GN,Hybrid 20 2/1,"202KBE,Hybrid 20 2/1,",,Combination,Type II - Floor and roll-in units,Full-size,Electric,62.2,,,3.0,2.59,,3.0,11.4,2.0,,,,Boiler/Steam Generator,40.0,,,40.0,1.08,,,,81.0,77.0,329.63,389.34,0.0,0.0,0.06,0.01,,,,,2023-12-01,2024-04-05,"United States, Canada",ES_1148949_Combi 6 1/1_04122024168888_80198196
3436240,HOUNÖ A/S,Bki,Invoq Hybrid 6 1/1 GN (PT),Hybrid 6 1/1,"61KBE (PT),Hybrid 6 1/1,",,Combination,"Type I - Table, countertop, and stand mounted units",,Electric,10.3,,,1.0,6.57,,1.0,9.42,0.8,,,,Boiler/Steam Generator,7.0,,,7.0,0.62,,,,78.0,64.0,59.56,76.11,0.02,0.02,0.11,0.11,,,,,2023-12-01,2024-04-05,"United States, Canada",ES_1148949_Combi 10 1/1_04122024162459_80198196
3436272,HOUNÖ A/S,Bki,Invoq Hybrid 6 2/1 GN,Hybrid 6 2/1,"62KBE,Hybrid 6 2/1,",,Combination,"Type I - Table, countertop, and stand mounted units",Full-size,Electric,22.3,,,2.0,4.25,,1.0,3.09,1.1,,,,Boiler/Steam Generator,14.0,,,14.0,0.67,,,,80.0,71.0,112.6,166.3,0.09,0.02,0.09,0.01,,,,,2023-12-01,2024-04-05,"United States, Canada",ES_1148949_Combi 10 2/1_04122024162763_80198196
3436251,HOUNÖ A/S,Blodgett,Invoq Combi 10 1/1 GN (PT),Combi 10 1/1,"101BLE (PT),Combi 10 1/1,",,Combination,"Type I - Table, countertop, and stand mounted units",,Electric,19.3,,,1.0,4.13,,1.0,3.11,1.01,,,,Boiler-less/Spritzer/Injector,10.0,,,10.0,0.73,,,,78.0,62.0,83.96,96.78,0.01,0.01,0.16,0.16,,,,,2023-12-01,2024-04-05,"United States, Canada",ES_1148949_Hybrid 10 1/1_04122024162450_80198196
3436283,HOUNÖ A/S,Blodgett,Invoq Combi 10 2/1 GN,Combi 10 2/1,"102BLE,Combi 10 2/1,",,Combination,"Type I - Table, countertop, and stand mounted units",Full-size,Electric,31.3,,,2.0,3.09,,1.0,1.45,1.2,,,,Boiler-less/Spritzer/Injector,20.0,,,20.0,0.61,,,,81.0,73.0,161.3,134.1,0.0,0.01,0.07,0.01,,,,,2023-12-01,2024-04-05,"United States, Canada",ES_1148949_Hybrid 10 2/1_04122024162995_80198196
3436301,HOUNÖ A/S,Blodgett,Invoq Combi 20 1/1 GN,Combi 20 1/1,"201BLE,Combi 20 1/1,",,Combination,Type II - Floor and roll-in units,Half-size,Electric,38.2,,,3.0,4.33,,1.0,2.12,1.74,,,,Boiler-less/Spritzer/Injector,20.0,,,20.0,0.93,,,,78.0,70.0,173.34,176.72,1.34,0.01,0.09,0.02,,,,,2023-12-01,2024-04-05,"United States, Canada",ES_1148949_Hybrid 20 1/1_04122024162188_80198196
3436315,HOUNÖ A/S,Blodgett,Invoq Combi 20 2/1 GN,Combi 20 2/1,"202BLE,Combi 20 2/1,",,Combination,Type II - Floor and roll-in units,Full-size,Electric,62.2,,,3.0,2.59,,2.0,1.57,2.0,,,,Boiler-less/Spritzer/Injector,40.0,,,40.0,0.99,,,,81.0,78.0,329.63,307.93,0.0,0.0,0.05,0.01,,,,,2023-12-01,2024-04-05,"United States, Canada",ES_1148949_Hybrid 20 2/1_04122024165555_80198196
3436235,HOUNÖ A/S,Blodgett,Invoq Combi 6 1/1 GN (PT),Combi 6 1/1,"61BLE (PT),Combi 6 1/1,",,Combination,"Type I - Table, countertop, and stand mounted units",,Electric,10.3,,,1.0,6.57,,1.0,9.42,0.8,,,,Boiler-less/Spritzer/Injector,7.0,,,7.0,0.62,,,,78.0,58.0,59.56,71.43,0.02,0.02,0.22,0.22,,,,,2023-12-01,2024-04-05,"United States, Canada",ES_1148949_Hybrid 6 1/1_04122024162454_80198196
3436267,HOUNÖ A/S,Blodgett,Invoq Combi 6 2/1 GN,Combi 6 2/1,"62BLE,Combi 6 2/1,",,Combination,"Type I - Table, countertop, and stand mounted units",Full-size,Electric,22.3,,,2.0,4.25,,1.0,2.43,1.1,,,,Boiler-less/Spritzer/Injector,14.0,,,14.0,0.64,,,,80.0,75.0,112.6,168.2,0.09,0.02,0.07,0.01,,,,,2023-12-01,2024-04-05,"United States, Canada",ES_1148949_Hybrid 6 2/1_04122024162758_80198196
3436252,HOUNÖ A/S,Blodgett,Invoq Hybrid 10 1/1 GN (PT),Hybrid 10 1/1,"101BE (PT),Hybrid 10 1/1,",,Combination,"Type I - Table, countertop, and stand mounted units",,Electric,19.3,,,1.0,4.13,,1.0,7.4,1.01,,,,Boiler/Steam Generator,10.0,,,10.0,0.83,,,,78.0,59.0,83.96,114.11,0.01,0.01,0.11,0.11,,,,,2023-12-01,2024-04-05,"United States, Canada",ES_1148949_Combi 6 2/1_041220241624603_80198196
3436284,HOUNÖ A/S,Blodgett,Invoq Hybrid 10 2/1 GN,Hybrid 10 2/1,"102BE,Hybrid 10 2/1,",,Combination,"Type I - Table, countertop, and stand mounted units",Full-size,Electric,31.3,,,2.0,3.09,,2.0,7.06,1.2,,,,Boiler/Steam Generator,20.0,,,20.0,0.69,,,,81.0,72.0,161.3,155.5,0.0,0.01,0.08,0.01,,,,,2023-12-01,2024-04-05,"United States, Canada",ES_1148949_Combi 20 1/1_04122024162994_80198196
3436302,HOUNÖ A/S,Blodgett,Invoq Hybrid 20 1/1 GN,Hybrid 20 1/1,"201BE,Hybrid 20 1/1,",,Combination,Type II - Floor and roll-in units,Half-size,Electric,38.2,,,3.0,4.33,,3.0,11.41,1.74,,,,Boiler/Steam Generator,20.0,,,20.0,1.05,,,,78.0,67.0,173.34,225.95,1.34,0.01,0.08,0.02,,,,,2023-12-01,2024-04-05,"United States, Canada",ES_1148949_Combi 20 2/1_04122024162187_80198196
3436316,HOUNÖ A/S,Blodgett,Invoq Hybrid 20 2/1 GN,Hybrid 20 2/1,"202BE,Hybrid 20 2/1,",,Combination,Type II - Floor and roll-in units,Full-size,Electric,62.2,,,3.0,2.59,,3.0,11.4,2.0,,,,Boiler/Steam Generator,40.0,,,40.0,1.08,,,,81.0,77.0,329.63,389.34,0.0,0.0,0.06,0.01,,,,,2023-12-01,2024-04-05,"United States, Canada",ES_1148949_Combi 6 1/1_04122024166666_80198196
3436236,HOUNÖ A/S,Blodgett,Invoq Hybrid 6 1/1 GN (PT),Hybrid 6 1/1,"61BE (PT),Hybrid 6 1/1,",,Combination,"Type I - Table, countertop, and stand mounted units",,Electric,10.3,,,1.0,6.57,,1.0,9.42,0.8,,,,Boiler/Steam Generator,7.0,,,7.0,0.62,,,,78.0,64.0,59.56,76.11,0.02,0.02,0.11,0.11,,,,,2023-12-01,2024-04-05,"United States, Canada",ES_1148949_Combi 10 1/1_04122024162455_80198196
3436268,HOUNÖ A/S,Blodgett,Invoq Hybrid 6 2/1 GN,Hybrid 6 2/1,"62BE,Hybrid 6 2/1,",,Combination,"Type I - Table, countertop, and stand mounted units",Full-size,Electric,22.3,,,2.0,4.25,,1.0,3.09,1.1,,,,Boiler/Steam Generator,14.0,,,14.0,0.67,,,,80.0,71.0,112.6,166.3,0.09,0.02,0.09,0.01,,,,,2023-12-01,2024-04-05,"United States, Canada",ES_1148949_Combi 10 2/1_04122024162759_80198196
3436255,HOUNÖ A/S,Dieta,Invoq Combi 10 1/1 GN (PT),Combi 10 1/1,,,Combination,"Type I - Table, countertop, and stand mounted units",,Electric,19.3,,,1.0,4.13,,1.0,3.11,1.01,,,,Boiler-less/Spritzer/Injector,10.0,,,10.0,0.73,,,,78.0,62.0,83.96,96.78,0.01,0.01,0.16,0.16,,,,,2023-12-01,2024-04-05,"United States, Canada",ES_1148949_Hybrid 10 1/1_04122024162457_80198196
3436293,HOUNÖ A/S,Dieta,Invoq Combi 10 2/1 GN,Combi 10 2/1,,,Combination,"Type I - Table, countertop, and stand mounted units",Full-size,Electric,31.3,,,2.0,3.09,,1.0,1.45,1.2,,,,Boiler-less/Spritzer/Injector,20.0,,,20.0,0.61,,,,81.0,73.0,161.3,134.1,0.0,0.01,0.07,0.01,,,,,2023-12-01,2024-04-05,"United States, Canada",ES_1148949_Hybrid 10 2/1_04122024162696_80198196
3436303,HOUNÖ A/S,Dieta,Invoq Combi 20 1/1 GN,Combi 20 1/1,,,Combination,Type II - Floor and roll-in units,Half-size,Electric,38.2,,,3.0,4.33,,1.0,2.12,1.74,,,,Boiler-less/Spritzer/Injector,20.0,,,20.0,0.93,,,,78.0,70.0,173.34,176.72,1.34,0.01,0.09,0.02,,,,,2023-12-01,2024-04-05,"United States, Canada",ES_1148949_Hybrid 20 1/1_04122024162186_80198196
3436319,HOUNÖ A/S,Dieta,Invoq Combi 20 2/1 GN,Combi 20 2/1,,,Combination,Type II - Floor and roll-in units,Full-size,Electric,62.2,,,3.0,2.59,,2.0,1.57,2.0,,,,Boiler-less/Spritzer/Injector,40.0,,,40.0,0.99,,,,81.0,78.0,329.63,307.93,0.0,0.0,0.05,0.01,,,,,2023-12-01,2024-04-05,"United States, Canada",ES_1148949_Hybrid 20 2/1_04122024169999_80198196
3436237,HOUNÖ A/S,Dieta,Invoq Combi 6 1/1 GN (PT),Combi 6 1/1,,,Combination,"Type I - Table, countertop, and stand mounted units",,Electric,10.3,,,1.0,6.57,,1.0,9.42,0.8,,,,Boiler-less/Spritzer/Injector,7.0,,,7.0,0.62,,,,78.0,58.0,59.56,71.43,0.02,0.02,0.22,0.22,,,,,2023-12-01,2024-04-05,"United States, Canada",ES_1148949_Hybrid 6 1/1_04122024162456_80198196
3436269,HOUNÖ A/S,Dieta,Invoq Combi 6 2/1 GN,Combi 6 2/1,,,Combination,"Type I - Table, countertop, and stand mounted units",Full-size,Electric,22.3,,,2.0,4.25,,1.0,2.43,1.1,,,,Boiler-less/Spritzer/Injector,14.0,,,14.0,0.64,,,,80.0,75.0,112.6,168.2,0.09,0.02,0.07,0.01,,,,,2023-12-01,2024-04-05,"United States, Canada",ES_1148949_Hybrid 6 2/1_04122024162760_80198196
3436256,HOUNÖ A/S,Dieta,Invoq Hybrid 10 1/1 GN (PT),Hybrid 10 1/1,,,Combination,"Type I - Table, countertop, and stand mounted units",,Electric,19.3,,,1.0,4.13,,1.0,7.4,1.01,,,,Boiler/Steam Generator,10.0,,,10.0,0.83,,,,78.0,59.0,83.96,114.11,0.01,0.01,0.11,0.11,,,,,2023-12-01,2024-04-05,"United States, Canada",ES_1148949_Combi 6 2/1_04122024162499_80198196
3436294,HOUNÖ A/S,Dieta,Invoq Hybrid 10 2/1 GN,Hybrid 10 2/1,,,Combination,"Type I - Table, countertop, and stand mounted units",Full-size,Electric,31.3,,,2.0,3.09,,2.0,7.06,1.2,,,,Boiler/Steam Generator,20.0,,,20.0,0.69,,,,81.0,72.0,161.3,155.5,0.0,0.01,0.08,0.01,,,,,2023-12-01,2024-04-05,"United States, Canada",ES_1148949_Combi 20 1/1_04122024162699_80198196
3436304,HOUNÖ A/S,Dieta,Invoq Hybrid 20 1/1 GN,Hybrid 20 1/1,,,Combination,Type II - Floor and roll-in units,Half-size,Electric,38.2,,,3.0,4.33,,3.0,11.41,1.74,,,,Boiler/Steam Generator,20.0,,,20.0,1.05,,,,78.0,67.0,173.34,225.95,1.34,0.01,0.08,0.02,,,,,2023-12-01,2024-04-05,"United States, Canada",ES_1148949_Combi 20 2/1_04122024162185_80198196
3436320,HOUNÖ A/S,Dieta,Invoq Hybrid 20 2/1 GN,Hybrid 20 2/1,,,Combination,Type II - Floor and roll-in units,Full-size,Electric,62.2,,,3.0,2.59,,3.0,11.4,2.0,,,,Boiler/Steam Generator,40.0,,,40.0,1.08,,,,81.0,77.0,329.63,389.34,0.0,0.0,0.06,0.01,,,,,2023-12-01,2024-04-05,"United States, Canada",ES_1148949_Combi 6 1/1_04122024166547_80198196
3436238,HOUNÖ A/S,Dieta,Invoq Hybrid 6 1/1 GN (PT),Hybrid 6 1/1,,,Combination,"Type I - Table, countertop, and stand mounted units",,Electric,10.3,,,1.0,6.57,,1.0,9.42,0.8,,,,Boiler/Steam Generator,7.0,,,7.0,0.62,,,,78.0,64.0,59.56,76.11,0.02,0.02,0.11,0.11,,,,,2023-12-01,2024-04-05,"United States, Canada",ES_1148949_Combi 10 1/1_04122024162457_80198196
3436270,HOUNÖ A/S,Dieta,Invoq Hybrid 6 2/1 GN,Hybrid 6 2/1,,,Combination,"Type I - Table, countertop, and stand mounted units",Full-size,Electric,22.3,,,2.0,4.25,,1.0,3.09,1.1,,,,Boiler/Steam Generator,14.0,,,14.0,0.67,,,,80.0,71.0,112.6,166.3,0.09,0.02,0.09,0.01,,,,,2023-12-01,2024-04-05,"United States, Canada",ES_1148949_Combi 10 2/1_04122024162761_80198196
3436261,HOUNÖ A/S,Firex,Invoq Combi 10 1/1 GN (PT),Combi 10 1/1,,,Combination,"Type I - Table, countertop, and stand mounted units",,Electric,19.3,,,1.0,4.13,,1.0,3.11,1.01,,,,Boiler-less/Spritzer/Injector,10.0,,,10.0,0.73,,,,78.0,62.0,83.96,96.78,0.01,0.01,0.16,0.16,,,,,2023-12-01,2024-04-05,"United States, Canada",ES_1148949_Hybrid 10 1/1_04122024162428_80198196
3436291,HOUNÖ A/S,Firex,Invoq Combi 10 2/1 GN,Combi 10 2/1,,,Combination,"Type I - Table, countertop, and stand mounted units",Full-size,Electric,31.3,,,2.0,3.09,,1.0,1.45,1.2,,,,Boiler-less/Spritzer/Injector,20.0,,,20.0,0.61,,,,81.0,73.0,161.3,134.1,0.0,0.01,0.07,0.01,,,,,2023-12-01,2024-04-05,"United States, Canada",ES_1148949_Hybrid 10 2/1_04122024162694_80198196
3436309,HOUNÖ A/S,Firex,Invoq Combi 20 1/1 GN,Combi 20 1/1,,,Combination,Type II - Floor and roll-in units,Half-size,Electric,38.2,,,3.0,4.33,,1.0,2.12,1.74,,,,Boiler-less/Spritzer/Injector,20.0,,,20.0,0.93,,,,78.0,70.0,173.34,176.72,1.34,0.01,0.09,0.02,,,,,2023-12-01,2024-04-05,"United States, Canada",ES_1148949_Hybrid 20 1/1_04122024162180_80198196
3436325,HOUNÖ A/S,Firex,Invoq Combi 20 2/1 GN,Combi 20 2/1,,,Combination,Type II - Floor and roll-in units,Full-size,Electric,62.2,,,3.0,2.59,,2.0,1.57,2.0,,,,Boiler-less/Spritzer/Injector,40.0,,,40.0,0.99,,,,81.0,78.0,329.63,307.93,0.0,0.0,0.05,0.01,,,,,2023-12-01,2024-04-05,"United States, Canada",ES_1148949_Hybrid 20 2/1_04122024162013_80198196
3436245,HOUNÖ A/S,Firex,Invoq Combi 6 1/1 GN (PT),Combi 6 1/1,,,Combination,"Type I - Table, countertop, and stand mounted units",,Electric,10.3,,,1.0,6.57,,1.0,9.42,0.8,,,,Boiler-less/Spritzer/Injector,7.0,,,7.0,0.62,,,,78.0,58.0,59.56,71.43,0.02,0.02,0.22,0.22,,,,,2023-12-01,2024-04-05,"United States, Canada",ES_1148949_Hybrid 6 1/1_04122024162414_80198196
3436277,HOUNÖ A/S,Firex,Invoq Combi 6 2/1 GN,Combi 6 2/1,,,Combination,"Type I - Table, countertop, and stand mounted units",Full-size,Electric,22.3,,,2.0,4.25,,1.0,2.43,1.1,,,,Boiler-less/Spritzer/Injector,14.0,,,14.0,0.64,,,,80.0,75.0,112.6,168.2,0.09,0.02,0.07,0.01,,,,,2023-12-01,2024-04-05,"United States, Canada",ES_1148949_Hybrid 6 2/1_04122024162213_80198196
3436262,HOUNÖ A/S,Firex,Invoq Hybrid 10 1/1 GN (PT),Hybrid 10 1/1,,,Combination,"Type I - Table, countertop, and stand mounted units",,Electric,19.3,,,1.0,4.13,,1.0,7.4,1.01,,,,Boiler/Steam Generator,10.0,,,10.0,0.83,,,,78.0,59.0,83.96,114.11,0.01,0.01,0.11,0.11,,,,,2023-12-01,2024-04-05,"United States, Canada",ES_1148949_Combi 6 2/1_041220241624333_80198196
3436292,HOUNÖ A/S,Firex,Invoq Hybrid 10 2/1 GN,Hybrid 10 2/1,,,Combination,"Type I - Table, countertop, and stand mounted units",Full-size,Electric,31.3,,,2.0,3.09,,2.0,7.06,1.2,,,,Boiler/Steam Generator,20.0,,,20.0,0.69,,,,81.0,72.0,161.3,155.5,0.0,0.01,0.08,0.01,,,,,2023-12-01,2024-04-05,"United States, Canada",ES_1148949_Combi 20 1/1_04122024162695_80198196
3436310,HOUNÖ A/S,Firex,Invoq Hybrid 20 1/1 GN,Hybrid 20 1/1,,,Combination,Type II - Floor and roll-in units,Half-size,Electric,38.2,,,3.0,4.33,,3.0,11.41,1.74,,,,Boiler/Steam Generator,20.0,,,20.0,1.05,,,,78.0,67.0,173.34,225.95,1.34,0.01,0.08,0.02,,,,,2023-12-01,2024-04-05,"United States, Canada",ES_1148949_Combi 20 2/1_04122024162179_80198196
3436326,HOUNÖ A/S,Firex,Invoq Hybrid 20 2/1 GN,Hybrid 20 2/1,,,Combination,Type II - Floor and roll-in units,Full-size,Electric,62.2,,,3.0,2.59,,3.0,11.4,2.0,,,,Boiler/Steam Generator,40.0,,,40.0,1.08,,,,81.0,77.0,329.63,389.34,0.0,0.0,0.06,0.01,,,,,2023-12-01,2024-04-05,"United States, Canada",ES_1148949_Hybrid 20 2/1_04122024161313_80198196
3436246,HOUNÖ A/S,Firex,Invoq Hybrid 6 1/1 GN (PT),Hybrid 6 1/1,,,Combination,"Type I - Table, countertop, and stand mounted units",,Electric,10.3,,,1.0,6.57,,1.0,9.42,0.8,,,,Boiler/Steam Generator,7.0,,,7.0,0.62,,,,78.0,64.0,59.56,76.11,0.02,0.02,0.11,0.11,,,,,2023-12-01,2024-04-05,"United States, Canada",ES_1148949_Combi 10 1/1_0412202416233_80198196
3436278,HOUNÖ A/S,Firex,Invoq Hybrid 6 2/1 GN,Hybrid 6 2/1,,,Combination,"Type I - Table, countertop, and stand mounted units",Full-size,Electric,22.3,,,2.0,4.25,,1.0,3.09,1.1,,,,Boiler/Steam Generator,14.0,,,14.0,0.67,,,,80.0,71.0,112.6,166.3,0.09,0.02,0.09,0.01,,,,,2023-12-01,2024-04-05,"United States, Canada",ES_1148949_Combi 10 2/1_04122024162321_80198196
3436249,HOUNÖ A/S,Fri-Jado,Invoq Combi 10 1/1 GN (PT),Combi 10 1/1,,,Combination,"Type I - Table, countertop, and stand mounted units",,Electric,19.3,,,1.0,4.13,,1.0,3.11,1.01,,,,Boiler-less/Spritzer/Injector,10.0,,,10.0,0.73,,,,78.0,62.0,83.96,96.78,0.01,0.01,0.16,0.16,,,,,2023-12-01,2024-04-05,"United States, Canada",ES_1148949_Hybrid 10 1/1_04122024162430_80198196
3436281,HOUNÖ A/S,Fri-Jado,Invoq Combi 10 2/1 GN,Combi 10 2/1,,,Combination,"Type I - Table, countertop, and stand mounted units",Full-size,Electric,31.3,,,2.0,3.09,,1.0,1.45,1.2,,,,Boiler-less/Spritzer/Injector,20.0,,,20.0,0.61,,,,81.0,73.0,161.3,134.1,0.0,0.01,0.07,0.01,,,,,2023-12-01,2024-04-05,"United States, Canada",ES_1148949_Hybrid 10 2/1_04122024162999_80198196
3436297,HOUNÖ A/S,Fri-Jado,Invoq Combi 20 1/1 GN,Combi 20 1/1,,,Combination,Type II - Floor and roll-in units,Half-size,Electric,38.2,,,3.0,4.33,,1.0,2.12,1.74,,,,Boiler-less/Spritzer/Injector,20.0,,,20.0,0.93,,,,78.0,70.0,173.34,176.72,1.34,0.01,0.09,0.02,,,,,2023-12-01,2024-04-05,"United States, Canada",ES_1148949_Hybrid 20 1/1_04122024162192_80198196
3436313,HOUNÖ A/S,Fri-Jado,Invoq Combi 20 2/1 GN,Combi 20 2/1,,,Combination,Type II - Floor and roll-in units,Full-size,Electric,62.2,,,3.0,2.59,,2.0,1.57,2.0,,,,Boiler-less/Spritzer/Injector,40.0,,,40.0,0.99,,,,81.0,78.0,329.63,307.93,0.0,0.0,0.05,0.01,,,,,2023-12-01,2024-04-05,"United States, Canada",ES_1148949_Hybrid 20 2/1_0412202413333_80198196
3436233,HOUNÖ A/S,Fri-Jado,Invoq Combi 6 1/1 GN (PT),Combi 6 1/1,,,Combination,"Type I - Table, countertop, and stand mounted units",,Electric,10.3,,,1.0,6.57,,1.0,9.42,0.8,,,,Boiler-less/Spritzer/Injector,7.0,,,7.0,0.62,,,,78.0,58.0,59.56,71.43,0.02,0.02,0.22,0.22,,,,,2023-12-01,2024-04-05,"United States, Canada",ES_1148949_Hybrid 6 1/1_04122024162452_80198196
3436265,HOUNÖ A/S,Fri-Jado,Invoq Combi 6 2/1 GN,Combi 6 2/1,,,Combination,"Type I - Table, countertop, and stand mounted units",Full-size,Electric,22.3,,,2.0,4.25,,1.0,2.43,1.1,,,,Boiler-less/Spritzer/Injector,14.0,,,14.0,0.64,,,,80.0,75.0,112.6,168.2,0.09,0.02,0.07,0.01,,,,,2023-12-01,2024-04-05,"United States, Canada",ES_1148949_Hybrid 6 2/1_04122024162756_80198196
3436250,HOUNÖ A/S,Fri-Jado,Invoq Hybrid 10 1/1 GN (PT),Hybrid 10 1/1,,,Combination,"Type I - Table, countertop, and stand mounted units",,Electric,19.3,,,1.0,4.13,,1.0,7.4,1.01,,,,Boiler/Steam Generator,10.0,,,10.0,0.83,,,,78.0,59.0,83.96,114.11,0.01,0.01,0.11,0.11,,,,,2023-12-01,2024-04-05,"United States, Canada",ES_1148949_Combi 6 2/1_04122024162400_80198196
3436282,HOUNÖ A/S,Fri-Jado,Invoq Hybrid 10 2/1 GN,Hybrid 10 2/1,,,Combination,"Type I - Table, countertop, and stand mounted units",Full-size,Electric,31.3,,,2.0,3.09,,2.0,7.06,1.2,,,,Boiler/Steam Generator,20.0,,,20.0,0.69,,,,81.0,72.0,161.3,155.5,0.0,0.01,0.08,0.01,,,,,2023-12-01,2024-04-05,"United States, Canada",ES_1148949_Combi 20 1/1_04122024162996_80198196
3436298,HOUNÖ A/S,Fri-Jado,Invoq Hybrid 20 1/1 GN,Hybrid 20 1/1,,,Combination,Type II - Floor and roll-in units,Half-size,Electric,38.2,,,3.0,4.33,,3.0,11.41,1.74,,,,Boiler/Steam Generator,20.0,,,20.0,1.05,,,,78.0,67.0,173.34,225.95,1.34,0.01,0.08,0.02,,,,,2023-12-01,2024-04-05,"United States, Canada",ES_1148949_Combi 20 2/1_04122024162191_80198196
3436314,HOUNÖ A/S,Fri-Jado,Invoq Hybrid 20 2/1 GN,Hybrid 20 2/1,,,Combination,Type II - Floor and roll-in units,Full-size,Electric,62.2,,,3.0,2.59,,3.0,11.4,2.0,,,,Boiler/Steam Generator,40.0,,,40.0,1.08,,,,81.0,77.0,329.63,389.34,0.0,0.0,0.06,0.01,,,,,2023-12-01,2024-04-05,"United States, Canada",ES_1148949_Combi 6 1/1_04122024164444_80198196
3436234,HOUNÖ A/S,Fri-Jado,Invoq Hybrid 6 1/1 GN (PT),Hybrid 6 1/1,,,Combination,"Type I - Table, countertop, and stand mounted units",,Electric,10.3,,,1.0,6.57,,1.0,9.42,0.8,,,,Boiler/Steam Generator,7.0,,,7.0,0.62,,,,78.0,64.0,59.56,76.11,0.02,0.02,0.11,0.11,,,,,2023-12-01,2024-04-05,"United States, Canada",ES_1148949_Combi 10 1/1_04122024162453_80198196
3436266,HOUNÖ A/S,Fri-Jado,Invoq Hybrid 6 2/1 GN,Hybrid 6 2/1,,,Combination,"Type I - Table, countertop, and stand mounted units",Full-size,Electric,22.3,,,2.0,4.25,,1.0,3.09,1.1,,,,Boiler/Steam Generator,14.0,,,14.0,0.67,,,,80.0,71.0,112.6,166.3,0.09,0.02,0.09,0.01,,,,,2023-12-01,2024-04-05,"United States, Canada",ES_1148949_Combi 10 2/1_04122024162757_80198196
2649774,Wells Mfg.,Wells,M4200,M4200,,,Convection,"Type I - Table, countertop, and stand mounted units",Half-size,Electric,9.4,,,1.0,5.42,,,,0.75,,,,Boiler-less/Spritzer/Injector,5.0,,5.0,,,,,,77.0,,51.0,,0.0,0.0,,,,,,0.0,2013-08-15,2023-08-28,"United States, Canada",ES_1100413_M4200_083020231552327_4499336
2404399,"Yindu Kitchen Equipment Co., LTD","Atosa, Starbridge",EPA-0621E2,EPA-0621E2,",AEC-0621E,",,Combination,"Type I - Table, countertop, and stand mounted units",Full-size,Electric,19.0,,,1.0,5.25,,1.0,3.1,1.32,,,,Boiler-less/Spritzer/Injector,12.0,,,,2.21,,,,78.0,59.0,104.76,130.71,0.0,0.0,0.11,0.08,,,,,2022-07-29,2022-11-11,"United States, Canada",ES_1117523_EPA-0621E2_10122022115057_2929956
2404400,"Yindu Kitchen Equipment Co., LTD","Atosa, Starbridge",EPA-0711E2,EPA-0711E2,",AEC-0711E,",,Combination,"Type I - Table, countertop, and stand mounted units",Half-size,Electric,15.2,,,1.0,2.93,,0.0,1.48,0.91,,,,Boiler-less/Spritzer/Injector,7.0,,,,1.29,,,,79.0,57.0,79.37,77.21,0.0,0.0,0.1,0.07,,,,,2022-06-28,2022-11-11,"United States, Canada",ES_1117523_EPA-0711E2_06282022131656_1966821
2404397,"Yindu Kitchen Equipment Co., LTD","Atosa, Starbridge",EPA-1011E2,EPA-1011E2,",AEC-1011E,",,Combination,"Type I - Table, countertop, and stand mounted units",Half-size,Electric,19.0,,,1.0,2.87,,1.0,2.23,1.11,,,,Boiler-less/Spritzer/Injector,10.0,,,,1.94,,,,79.0,60.0,90.51,148.77,0.0,0.0,0.17,0.11,,,,,2022-06-28,2022-10-10,"United States, Canada",ES_1117523_EPA-1011E2_07292022141732_7538263
2404398,"Yindu Kitchen Equipment Co., LTD","Atosa, Starbridge",EPA-1021E3,EPA-1021E3,",AEC-1021E,",,Combination,"Type I - Table, countertop, and stand mounted units",Full-size,Electric,28.8,,,2.0,4.6,,1.0,3.43,1.44,,,,Boiler-less/Spritzer/Injector,20.0,,,,2.08,,,,80.0,73.0,171.59,201.48,0.0,0.0,0.11,0.07,,,,,2022-06-28,2022-11-11,"United States, Canada",ES_1117523_EPA-1021E3_10032022121325_8004571
2408142,Southbend,Southbend,BES/17SC,BES/17SC,"BES/27SC, BES/17CCH, BES/27CCH, SLES/17SC, SLES/27SC, SLES/17CCH, SLES/27CCH, ES/17SC, ES/27SC, ES/17CCH,  ES/27CCH, KES/17SC, KES/27SC, KES/17CCH, KES/27CCH, BES/17TC, BES/27TC, SLES/17TC, SLES/27TC,ES/17TC, ES/27TC, KES/17TC, KES/27TC, KLES/17SC, KLES/27SC, KLES/17CCH, KLES/27CCH, KS/17SC, KS/27SC, KS/17CCH, KS/27CCH, PCE75S/S *, PCE15S/S *, PCE75S/T *, PCE15S/T*,*may be other characters for customer options",,Convection,Type II - Floor and roll-in units,Full-size,Electric,8.4,,,11.0,11.28,,,,1.34,,,,Boiler-less/Spritzer/Injector,,,,5.0,,,,,76.0,,91.8,,,,,,,,,,2015-08-19,2023-02-14,"United States, Canada",ES_1062537_BES/17SC_02152023034205_80152033
2408141,Southbend,Southbend,BGS/13SC,BGS/13SC,"BGS/23SC, BGS/13CCH, BGS/23CCH, KLGS/13SC, KLGS/23SC, KLGS/13CCH, KLGS/23CCH, SLGS/13SC, SLGS/23SC, SLGS/13CCH, SLGS/23CCH,GS/13SC, GS/23SC, GS/13CCH, GS/23CCH, BGS/13TC, BGS/23TC, KLGS/13TC, KLGS/23TC, SLGS/13TC, SLGS/23TC, GS/13TC, GS/23TC,",,Convection,Type II - Floor and roll-in units,Full-size,Gas,,40000.0,10389.0,,16.17,,,,,6798.0,0.41,,Boiler-less/Spritzer/Injector,,,,5.0,,,,,51.0,,78.2,,,,,,,,,,2015-08-19,2023-02-14,"United States, Canada",ES_1062537_BGS/13SC_02152023034205_80152033
2408139,Southbend,Southbend,GS/15SC,GS/15SC,"GS/25SC, GS/15CCH, GS/25CCH, GS/15TC, GS/25TC,GS/25SC, GS/15CCH, GS/25CCH, GS/15TC, GS/25TC,",,Convection,Type II - Floor and roll-in units,Full-size,Gas,,90000.0,8858.0,,6.03,,,,,8983.0,0.44,,Boiler-less/Spritzer/Injector,,,,5.0,,,,,49.0,,94.0,,,,,,,,,,2014-05-05,2023-02-14,"United States, Canada",ES_1062537_GS/15SC_02152023034205_80152033
2408140,Southbend,Southbend,KLGS/17SC,KLGS/17SC,"KLGS/27SC, KLGS/17CCH, KLGS/27CCH, GS/17SC, GS/27SC, GS/17CCH, GS/27CCH, SLGS/17SC, SLGS/27SC, SLGS/17CCH, SLGS/27CCH,BGS/17SC, BGS/27SC, BGS/17CCH, BGS/27CCH, PCR-1G, PCR-2G, KLGS/17TC, KLGS/27TC, GS/17TC, GS/27TC, SLGS/17TC, SLGS/27TC, BGS/17TC, BGS/27TC, PCG50S/S *, PCG100S/S *, PCG50S/T *, PCG100S/T*,*may be other characters for customer options",,Convection,Type II - Floor and roll-in units,Full-size,Gas,,53000.0,10317.0,,11.73,,,,,8930.0,0.42,,Boiler-less/Spritzer/Injector,,,,5.0,,,,,51.0,,86.9,,,,,,,,,,2015-08-19,2023-02-14,"United States, Canada",ES_1062537_KLGS/17SC_02152023034205_80152033
3998212,UNOX S.p.A.,Unox Spa,XAVC-0511-EQxM,XAVC-0511-EQxM,,,Convection,"Type I - Table, countertop, and stand mounted units",Half-size,Electric,7.8,,,1.0,4.45,,,,0.84,,,,Boiler-less/Spritzer/Injector,5.0,,5.0,,,,,,74.0,,45.0,,,,,,,,,,2025-02-28,2025-02-14,"United States, Canada",ES_1134474_XAVC-0511-EQxM_021820252117954_4815636
3998213,UNOX S.p.A.,Unox Spa,XAVC-06FS-EQxM,XAVC-06FS-EQxM,,,Convection,"Type I - Table, countertop, and stand mounted units",Full-size,Electric,19.1,,,1.0,2.3,,,,1.39,,,,Boiler-less/Spritzer/Injector,6.0,,,6.0,,,,,78.0,,110.0,,,,,,,,,,2025-02-28,2025-02-12,"United States, Canada",ES_1134474_XAVC-06FS-EQxM_021820252118668_3767338
3555220,UNOX S.p.A.,Unox S.P.A.,XA*A-0611-EX*S-***,XA*A-0611-EX*S-***,,,Combination,"Type I - Table, countertop, and stand mounted units",Half-size,Electric,12.5,,,1.0,2.6,,1.0,2.8,0.8,,,,Boiler-less/Spritzer/Injector,6.0,,6.0,,0.99,,,,78.0,64.0,54.0,114.0,,,0.21,0.21,,,,,2024-07-01,2024-07-22,"United States, Canada",ES_1134474_XA*A-0611-EX*S-***_072220242056295_3695095
3555219,UNOX S.p.A.,Unox S.P.A.,XA*A-0611-GX*S-***,XA*A-0611-GX*S-***,,,Combination,"Type I - Table, countertop, and stand mounted units",Half-size,Gas,,51180.0,3944.0,1.0,8.0,2636.0,,3.8,,2484.0,0.43,3951.0,Boiler-less/Spritzer/Injector,6.0,,6.0,,,3911.0,0.41,5310.0,58.0,43.0,58.0,108.0,0.11,,0.42,0.11,,,,,2024-07-01,2024-07-22,"United States, Canada",ES_1134474_XA*A-0611-GX*S-***_072220242048233_3520249
3555221,UNOX S.p.A.,Unox S.P.A.,XA*A-0611-NX*S-***,XA*A-0611-NX*S-***,,,Combination,"Type I - Table, countertop, and stand mounted units",Half-size,Gas,,51180.0,3925.0,1.0,8.1,2677.0,,3.3,,2470.0,0.43,3937.0,Boiler-less/Spritzer/Injector,6.0,,6.0,,,3870.0,0.44,5371.0,57.0,44.0,56.0,108.0,0.15,,0.41,0.11,,,,,2024-07-01,2024-07-22,"United States, Canada",ES_1134474_XA*A-0611-NX*S-***_072220242055269_7924436
3555222,UNOX S.p.A.,Unox S.P.A.,XA*A-06FS-EX*S-***,XA*A-06FS-EX*S-***,,,Combination,"Type I - Table, countertop, and stand mounted units",Full-size,Electric,25.0,,,1.0,10.7,,1.0,3.1,0.93,,,,Boiler-less/Spritzer/Injector,6.0,,12.0,6.0,1.47,,,,80.0,68.0,102.0,175.0,,,0.24,0.2,,,,,2024-07-01,2024-07-22,"United States, Canada",ES_1134474_XA*A-06FS-EX*S-***_072220242049263_1852115
3555223,UNOX S.p.A.,Unox S.P.A.,XA*A-06FS-GX*S-***,XA*A-06FS-GX*S-***,,,Combination,"Type I - Table, countertop, and stand mounted units",Full-size,Gas,,92128.0,6947.0,1.0,10.4,5137.0,,5.5,,2999.0,1.49,8083.0,Boiler-less/Spritzer/Injector,6.0,,12.0,6.0,,6940.0,0.44,8441.0,58.0,46.0,103.0,223.0,0.01,,0.45,0.05,,,,,2024-07-01,2024-07-22,"United States, Canada",ES_1134474_XA*A-06FS-GX*S-***_072220241904826_1881150
3555225,UNOX S.p.A.,Unox S.P.A.,XA*A-06FS-NX*S-***,XA*A-06FS-NX*S-***,,,Combination,"Type I - Table, countertop, and stand mounted units",Full-size,Gas,,92124.0,6933.0,1.0,10.1,5176.0,,5.6,,2966.0,1.53,8181.0,Boiler-less/Spritzer/Injector,6.0,,12.0,6.0,,6979.0,0.45,8514.0,58.0,46.0,105.0,220.0,0.01,,0.45,0.05,,,,,2024-07-01,2024-07-22,"United States, Canada",ES_1134474_XA*A-06FS-NX*S-***_072220242047363_9330494
3555224,UNOX S.p.A.,Unox S.P.A.,XA*A-1011-EX*S-***,XA*A-1011-EX*S-***,,,Combination,"Type I - Table, countertop, and stand mounted units",Half-size,Electric,21.2,,,1.0,7.2,,1.0,2.6,1.07,,,,Boiler-less/Spritzer/Injector,10.0,,10.0,,1.44,,,,78.0,64.0,89.0,191.0,,,0.22,0.25,,,,,2024-07-01,2024-07-22,"United States, Canada",ES_1134474_XA*A-1011-EX*S-***_072220242100394_6178348
3555226,UNOX S.p.A.,Unox S.P.A.,XA*A-1011-GX*S-***,XA*A-1011-GX*S-***,,,Combination,"Type I - Table, countertop, and stand mounted units",Half-size,Gas,,85300.0,5200.0,1.0,8.2,3695.0,,2.9,,2928.0,0.69,5282.0,Boiler-less/Spritzer/Injector,10.0,,10.0,,,5203.0,0.63,7353.0,62.0,49.0,90.0,185.0,,,0.35,0.16,,,,,2024-07-01,2024-07-22,"United States, Canada",ES_1134474_XA*A-1011-GX*S-***_072220242058510_9685831
3555227,UNOX S.p.A.,Unox S.P.A.,XA*A-1011-NX*S-***,XA*A-1011-NX*S-***,,,Combination,"Type I - Table, countertop, and stand mounted units",Half-size,Gas,,85300.0,5203.0,1.0,8.1,3708.0,,2.9,,2940.0,0.69,5294.0,Boiler-less/Spritzer/Injector,10.0,,10.0,,,5261.0,0.63,7411.0,62.0,49.0,92.0,188.0,,,0.34,0.16,,,,,2024-07-01,2024-07-22,"United States, Canada",ES_1134474_XA*A-1011-NX*S-***_072220242049832_4127332
3555228,UNOX S.p.A.,Unox S.P.A.,XA*A-10FS-EX*S-***,XA*A-10FS-EX*S-***,,,Combination,"Type I - Table, countertop, and stand mounted units",Full-size,Electric,38.8,,,2.0,11.6,,1.0,3.1,1.34,,,,Boiler-less/Spritzer/Injector,10.0,,20.0,10.0,2.08,,,,82.0,60.0,166.0,320.0,,,0.34,0.2,,,,,2024-07-01,2024-07-22,"United States, Canada",ES_1134474_XA*A-10FS-EX*S-***_072220242059338_4395240
3555229,UNOX S.p.A.,Unox S.P.A.,XA*A-10FS-GX*S-***,XA*A-10FS-GX*S-***,,,Combination,"Type I - Table, countertop, and stand mounted units",Full-size,Gas,,136480.0,8682.0,1.0,4.1,7326.0,,4.7,,3545.0,0.84,6411.0,Boiler-less/Spritzer/Injector,10.0,,20.0,10.0,,8751.0,0.74,11276.0,60.0,48.0,175.0,280.0,0.03,,0.36,0.16,,,,,2024-07-01,2024-07-22,"United States, Canada",ES_1134474_XA*A-10FS-GX*S-***_072220242047913_9589811
3555230,UNOX S.p.A.,Unox S.P.A.,XA*A-10FS-NX*S-***,XA*A-10FS-NX*S-***,,,Combination,"Type I - Table, countertop, and stand mounted units",Full-size,Gas,,136480.0,8703.0,1.0,4.0,7340.0,,5.0,,3579.0,0.85,6479.0,Boiler-less/Spritzer/Injector,10.0,,20.0,10.0,,8807.0,0.77,11434.0,60.0,48.0,174.0,282.0,0.02,,0.35,0.16,,,,,2024-07-01,2024-07-22,"United States, Canada",ES_1134474_XA*A-10FS-NX*S-***_072220242046757_5072740
2406720,UNOX S.p.A.,Unox S.P.A.,XACC-0513-EP*M-***,XACC-0513-EP*M-***,,,Combination,"Type I - Table, countertop, and stand mounted units",Half-size,Electric,5.8,,,1.0,3.52,,1.0,2.02,0.68,,,,Boiler-less/Spritzer/Injector,5.0,,5.0,,1.12,,,,78.0,67.0,45.9,60.8,0.0,0.0,0.34,0.08,,,,,2022-12-30,2023-11-30,"United States, Canada",ES_1134474_XACC-0513-EP*-*_09032019191340_8020893
2406681,UNOX S.p.A.,Unox S.P.A.,XAF*-03FS-E***-***,XAF*-03FS-E***-***,,,Convection,"Type I - Table, countertop, and stand mounted units",Full-size,Electric,3.8,,,1.0,6.43,,,,0.85,,,,Boiler-less/Spritzer/Injector,3.0,,,3.0,,,,,82.0,,47.0,,0.0,0.0,,,,,,,2023-01-01,2023-11-30,"United States, Canada",ES_1134474_XAFT-03FS-E***_01312018192003_6403539
2406721,UNOX S.p.A.,Unox S.P.A.,XAF*-03HS-E***-***,XAF*-03HS-E***-***,,,Convection,"Type I - Table, countertop, and stand mounted units",Half-size,Electric,3.3,,,1.0,5.35,,,,0.76,,,,Boiler-less/Spritzer/Injector,3.0,,3.0,,,,,,82.0,,29.6,,0.0,0.0,,,,,,,2023-01-01,2023-11-30,"United States, Canada",ES_1134474_XAFT-03HS-E***_01312018195140_8300580
2406813,UNOX S.p.A.,Unox S.P.A.,XAF*-03HS-L***-***,XAF*-03HS-L***-***,,,Convection,"Type I - Table, countertop, and stand mounted units",Half-size,Electric,1.44,,,1.0,15.8,,,,0.74,,,,Boiler/Steam Generator,3.0,,3.0,,,,,,73.0,,12.5,,0.0,0.0,,,,,,,2023-01-01,2023-11-30,"United States, Canada",ES_1134474_XAFT-03HS-L****_01312018195851_8731634
2406818,UNOX S.p.A.,Unox S.P.A.,XAF*-04FS-E***-***,XAF*-04FS-E***-***,,,Convection,"Type I - Table, countertop, and stand mounted units",Full-size,Electric,7.6,,,1.0,3.57,,,,1.11,,,,Boiler-less/Spritzer/Injector,5.0,,,5.0,,,,,80.0,,80.9,,0.0,0.0,,,,,,,2023-01-01,2023-11-30,"United States, Canada",ES_1134474_XAFT-04-FS-E***_01312018194545_7945680
2406820,UNOX S.p.A.,Unox S.P.A.,XAF*-04HS-E***-***,XAF*-04HS-E***-***,,,Convection,"Type I - Table, countertop, and stand mounted units",Half-size,Electric,3.8,,,1.0,5.05,,,,0.79,,,,Boiler-less/Spritzer/Injector,4.0,,4.0,,,,,,74.0,,33.3,,0.0,0.0,,,,,,,2023-01-01,2023-11-30,"United States, Canada",ES_1134474_XAFT-04HS-E***_01312018201102_9462864
2406789,UNOX S.p.A.,Unox S.P.A.,XAVC-0511-EP*M-***,XAVC-0511-EP*M-***,,,Combination,"Type I - Table, countertop, and stand mounted units",Half-size,Electric,5.9,,,1.0,6.0,,1.0,5.33,0.74,,,,Boiler-less/Spritzer/Injector,5.0,,5.0,,1.02,,,,78.0,65.0,45.3,89.7,0.0,0.0,0.36,0.09,,,,,2023-01-02,2023-11-30,"United States, Canada",ES_1134474_XAVC-0511-EP*M_011320230947780_5562986
2406790,UNOX S.p.A.,Unox S.P.A.,XAVC-06FS-EP*M-***,XAVC-06FS-EP*M-***,,,Combination,"Type I - Table, countertop, and stand mounted units",Half-size,Electric,14.3,,,1.0,4.11,,1.0,1.86,1.13,,,,Boiler-less/Spritzer/Injector,12.0,,12.0,6.0,1.33,,,,79.0,65.0,116.6,179.1,0.0,0.0,0.31,0.04,,,,,2022-12-30,2023-11-30,"United States, Canada",ES_1134474_XAVC-06FS-EPR_11062015185237_5957457
2406791,UNOX S.p.A.,Unox S.P.A.,XAVC-06FS-GP*M-***,XAVC-06FS-GP*M-***,,,Combination,"Type I - Table, countertop, and stand mounted units",Half-size,Gas,,92124.0,6195.0,1.0,3.42,5050.0,1.0,3.4,,2838.0,0.68,5158.0,Boiler-less/Spritzer/Injector,12.0,,12.0,6.0,,5624.0,0.63,7773.0,59.0,50.0,114.3,211.3,0.0,0.0,0.4,0.09,,,,,2023-01-01,2023-11-30,"United States, Canada",ES_1134474_XAVC-06FS-GP*M_011320230950377_9426653
2406794,UNOX S.p.A.,Unox S.P.A.,XAVC-1011-EP*M-***,XAVC-1011-EP*M-***,,,Combination,"Type I - Table, countertop, and stand mounted units",Half-size,Electric,15.7,,,1.0,4.1,,1.0,2.0,1.16,,,,Boiler-less/Spritzer/Injector,10.0,,10.0,,1.45,,,,78.0,69.0,93.1,167.5,0.0,0.0,0.28,0.05,,,,,2022-12-30,2023-11-30,"United States, Canada",ES_1134474_XAVC-1011-EP*M_011320231008455_1584301
2406793,UNOX S.p.A.,Unox S.P.A.,XAVC-1011-GP*-*,XAVC-1011-GP*M-***,,,Convection,"Type I - Table, countertop, and stand mounted units",Half-size,Gas,,81891.0,3014.0,,3.72,2672.0,,,,2825.0,0.8,5559.0,Boiler-less/Spritzer/Injector,,,,,,,3190.0,5758.0,,,,145.0,,,,,,,,,2017-04-28,2024-02-12,"United States, Canada",ES_1134474_XAVC-1011-GP*-*_04292017191011_3011869
2406792,UNOX S.p.A.,Unox S.P.A.,XAVC-10FS-EP*M-***,XAVC-10FS-EP*M-***,,,Combination,"Type I - Table, countertop, and stand mounted units",Half-size,Electric,21.3,,,2.0,4.42,,1.0,2.1,1.57,,,,Boiler-less/Spritzer/Injector,20.0,,20.0,10.0,1.65,,,,83.0,63.0,191.7,287.4,0.0,0.0,0.41,0.06,,,,,2023-01-01,2023-11-30,"United States, Canada",ES_1134474_XAVC-10FS-EPR_11062015184347_5427687
2447101,UNOX S.p.A.,Unox S.P.A.,XAVC-10FS-GP*M-***,XAVC-10FS-GP*M-***,,,Combination,"Type I - Table, countertop, and stand mounted units",Half-size,Gas,,145010.0,10923.0,1.0,3.93,7906.0,1.0,4.12,,3911.0,1.05,7494.0,Boiler-less/Spritzer/Injector,20.0,,20.0,10.0,,7917.0,0.9,10987.0,59.0,49.0,180.0,323.0,0.0,0.0,0.3,0.06,,,,,2023-01-02,2023-01-11,"United States, Canada",ES_1134474_XAVC-10FS-GP*M_032320231543418_9432207
3414145,UNOX S.p.A.,Unox S.P.A.,XAVC-10FS-GPa-xx,XAVC-10FS-GP*M-***,,,Combination,"Type I - Table, countertop, and stand mounted units",Full-size,Gas,,119424.0,7975.0,,6.67,3964.0,,2.69,,4051.0,1.09,7770.0,Boiler-less/Spritzer/Injector,20.0,,,10.0,,,,,,49.0,188.6,260.0,,,,,,,,,2015-09-25,2024-02-12,"United States, Canada",ES_1134474_XAVC-10FS-GPa-xx_03312016190838_1318844
2581047,UNOX S.p.A.,Unox S.P.A.,XAVL-2021-DP*S,XAVL-2021-DP*S-***,,,Combination,Type II - Floor and roll-in units,Full-size,Electric,71.0,,,2.0,2.4,,3.0,3.8,2.06,,,,Boiler-less/Spritzer/Injector,40.0,,,40.0,2.95,,,,83.0,63.0,340.0,719.0,0.0,0.0,0.33,0.03,,,,,2023-07-20,2023-06-27,"United States, Canada",ES_1134474_XAVL-2021-DP*S_071820231738674_9708210
2406795,UNOX S.p.A.,Unox S.P.A.,XAVL-2021-GP*S,XAVL-2021-GP*S-***,,,Combination,Type II - Floor and roll-in units,Full-size,Gas,,307093.0,15502.0,1.0,4.87,18960.0,1.0,5.88,,6439.0,1.69,12206.0,Boiler-less/Spritzer/Injector,40.0,,,20.0,,9023.0,1.61,14515.0,61.0,41.0,324.1,584.7,0.0,0.0,0.47,0.03,,,,,2023-01-01,2023-01-11,"United States, Canada",ES_1134474_XAVL-2021-GP*S-**_06292020145235_2355282
2406796,UNOX S.p.A.,Unox S.P.A.,XAVL-2021-NP*S,XAVL-2021-NP*S-***,,,Combination,Type II - Floor and roll-in units,Full-size,Gas,,307093.0,14190.0,1.0,4.6,18006.0,1.0,5.68,,5803.0,1.84,12081.0,Boiler-less/Spritzer/Injector,40.0,,,20.0,,8546.0,1.7,14347.0,60.0,43.0,332.7,603.0,0.0,0.0,0.44,0.03,,,,,2023-01-02,2023-01-11,"United States, Canada",ES_1134474_XAVL-2021-NP*S-**_06292020150449_3089929
3555231,UNOX S.p.A.,Unox S.P.A.,XE*A-0611-EX*S-LP,XE*A-0611-EX*S-LP,,,Combination,"Type I - Table, countertop, and stand mounted units",Half-size,Electric,10.1,,,1.0,9.3,,1.0,2.2,0.75,,,,Boiler-less/Spritzer/Injector,6.0,,6.0,,1.12,,,,78.0,60.0,54.0,125.0,,,0.28,0.31,,,,,2024-07-01,2024-07-22,"United States, Canada",ES_1134474_XE*A-0611-EX*S-LP_072220242058155_1732182
2406797,UNOX S.p.A.,Unox S.P.A.,XECL-2013-YP*S-***,XECL-2013-YP*S-***,,,Combination,Type II - Floor and roll-in units,Half-size,Electric,38.5,,,2.0,2.9,,2.0,2.48,1.81,,,,Boiler-less/Spritzer/Injector,20.0,,20.0,,2.32,,,,78.0,58.0,179.6,387.5,0.0,0.0,0.25,0.03,,,,,2022-12-30,2023-11-30,"United States, Canada",ES_1134474_XECL-2013-YP*S_01132023101148_6732523
2581055,UNOX S.p.A.,Unox S.P.A.,XEDA-0611-EX*S,XEDA-0611-EX*S-***,,,Combination,"Type I - Table, countertop, and stand mounted units",Full-size,Electric,11.6,,,1.0,3.1,,1.0,2.7,0.81,,,,Boiler-less/Spritzer/Injector,6.0,,,6.0,1.08,,,,78.0,66.0,57.0,118.0,0.0,0.0,0.21,0.21,,,,,2023-07-20,2023-06-27,"United States, Canada",ES_1134474_XEDA-0611-EX*S_071820231740850_8547790
2581050,UNOX S.p.A.,Unox S.P.A.,XEDA-0611-GX*S,XEDA-0611-GX*S-***,,,Combination,"Type I - Table, countertop, and stand mounted units",Full-size,Gas,,51182.0,1098.0,1.0,1.23,1980.0,,2.37,,2739.0,0.44,4240.0,Boiler-less/Spritzer/Injector,6.0,,,6.0,,4950.0,0.39,6281.0,58.0,47.0,55.0,117.0,0.0,0.0,0.36,0.2,,,,,2023-07-20,2023-06-27,"United States, Canada",ES_1134474_XEDA-0611-GX*S_071820231742964_4731057
2581053,UNOX S.p.A.,Unox S.P.A.,XEDA-0621-EX*S,XEDA-0621-EX*S-***,,,Combination,"Type I - Table, countertop, and stand mounted units",Full-size,Electric,23.1,,,1.0,2.05,,1.0,2.57,1.11,,,,Boiler-less/Spritzer/Injector,12.0,,,12.0,1.76,,,,78.0,61.0,102.0,201.0,0.0,0.0,0.32,0.23,,,,,2023-07-20,2023-06-27,"United States, Canada",ES_1134474_XEDA-0621-EX*S_071820231742418_5493414
2581054,UNOX S.p.A.,Unox S.P.A.,XEDA-0621-GX*S,XEDA-0621-GX*S-***,,,Combination,"Type I - Table, countertop, and stand mounted units",Full-size,Gas,,92128.0,4221.0,1.0,4.6,4014.0,1.0,3.72,,3299.0,0.44,4800.0,Boiler-less/Spritzer/Injector,12.0,,,12.0,,5074.0,0.5,6780.0,57.0,49.0,108.0,172.0,0.02,0.0,0.32,0.09,,,,,2023-07-20,2023-06-27,"United States, Canada",ES_1134474_XEDA-0621-GX*S_071820231743865_9248510
2581056,UNOX S.p.A.,Unox S.P.A.,XEDA-1011-EX*S,XEDA-1011-EX*S-***,,,Combination,"Type I - Table, countertop, and stand mounted units",Full-size,Electric,19.6,,,1.0,2.57,,1.0,1.85,1.16,,,,Boiler-less/Spritzer/Injector,10.0,,,10.0,1.48,,,,78.0,62.0,93.0,202.0,0.0,0.0,0.34,0.24,,,,,2023-07-20,2023-06-27,"United States, Canada",ES_1134474_XEDA-1011-EX*S_071820231745463_2243519
2581059,UNOX S.p.A.,Unox S.P.A.,XEDA-1011-GX*S,XEDA-1011-GX*S-***,,,Combination,"Type I - Table, countertop, and stand mounted units",Full-size,Gas,,85300.0,4341.0,,2.97,5460.0,,4.95,,3159.0,0.67,5445.0,Boiler-less/Spritzer/Injector,10.0,,,10.0,,6951.0,0.59,8964.0,61.0,52.0,95.0,179.0,0.0,0.0,0.31,0.28,,,,,2023-07-20,2023-06-27,"United States, Canada",ES_1134474_XEDA-1011-GX*S_071820231746828_5899272
2581060,UNOX S.p.A.,Unox S.P.A.,XEDA-1021-EX*S,XEDA-1021-EX*S-***,,,Combination,"Type I - Table, countertop, and stand mounted units",Full-size,Electric,35.8,,,1.0,2.23,,1.0,1.15,1.66,,,,Boiler-less/Spritzer/Injector,20.0,,,20.0,3.02,,,,81.0,66.0,170.0,320.0,0.0,0.0,0.3,0.08,,,,,2023-07-20,2023-06-27,"United States, Canada",ES_1134474_XEDA-1021-EX*S_071820231745472_9355318
2581068,UNOX S.p.A.,Unox S.P.A.,XEDA-1021-EX*S-SL,XEDA-1021-EX*S-SL,,,Combination,"Type I - Table, countertop, and stand mounted units",Full-size,Electric,35.4,,,1.0,2.15,,1.0,3.17,1.44,,,,Boiler-less/Spritzer/Injector,20.0,,,20.0,2.98,,,,82.0,65.0,177.0,329.0,0.0,0.0,0.28,0.08,,,,,2023-07-20,2023-06-27,"United States, Canada",ES_1134474_XEDA-1021-EX*S-SL_07182023174604_5154226
2581064,UNOX S.p.A.,Unox S.P.A.,XEDA-1021-GX*S-***,XEDA-1021-GX*S-***,,,Combination,"Type I - Table, countertop, and stand mounted units",Full-size,Gas,,136486.0,7846.0,,3.72,8180.0,,4.83,,4480.0,0.8,7210.0,Boiler-less/Spritzer/Injector,20.0,,,20.0,,8973.0,0.74,11498.0,58.0,48.0,179.0,290.0,0.03,0.0,0.36,0.22,,,,,2023-07-20,2023-06-27,"United States, Canada",ES_1134474_XEDA-1021-GX*S_071820231747512_9950377
2406798,UNOX S.p.A.,Unox S.P.A.,XEF*-03EU-****-***,XEF*-03EU-****-***,,,Convection,"Type I - Table, countertop, and stand mounted units",Full-size,Electric,3.5,,,1.0,7.85,,,,0.8,,,,Boiler-less/Spritzer/Injector,3.0,,,3.0,,,,,86.0,,49.5,,0.0,0.0,,,,,,,2023-01-01,2023-11-30,"United States, Canada",ES_1134474_XEFT-03EU-****-*_10202017150247_1767381
2406799,UNOX S.p.A.,Unox S.P.A.,XEF*-03HS-E****-***,XEF*-03HS-E****-***,,,Convection,"Type I - Table, countertop, and stand mounted units",Half-size,Electric,3.0,,,,5.33,,,,0.62,,,,Boiler-less/Spritzer/Injector,3.0,,3.0,,,,,,78.0,,29.9,,0.0,0.0,,,,,,,2023-01-01,2023-11-30,"United States, Canada",ES_1134474_XEFT-03HS-****-*_10202017145115_1075232
2406800,UNOX S.p.A.,Unox S.P.A.,XEF*-04EU-E***-***,XEF*-04EU-E***-***,,,Convection,"Type I - Table, countertop, and stand mounted units",Full-size,Electric,6.9,,,1.0,4.22,,,,1.04,,,,Boiler-less/Spritzer/Injector,5.0,,,5.0,,,,,79.0,,75.6,,0.0,0.0,,,,,,,2023-01-01,2023-11-30,"United States, Canada",ES_1134474_XEFT-04EU-****-*_10202017171655_9815823
2406719,UNOX S.p.A.,Unox S.P.A.,XEF*-04HS-E***-***,XEF*-04HS-E***-***,,,Convection,"Type I - Table, countertop, and stand mounted units",Half-size,Electric,3.5,,,1.0,5.58,,,,0.68,,,,Boiler-less/Spritzer/Injector,4.0,,4.0,,,,,,80.0,,38.1,,0.0,0.0,,,,,,,2023-01-01,2023-11-30,"United States, Canada",ES_1134474_XEFT-04HS-****-*_10202017151848_2728903
2406801,UNOX S.p.A.,Unox S.P.A.,XEF*-06EU-E***-***,XEF*-06EU-E***-***,,,Convection,"Type I - Table, countertop, and stand mounted units",Full-size,Electric,10.3,,,1.0,3.27,,,,1.26,,,,Boiler-less/Spritzer/Injector,6.0,,,6.0,,,,,80.0,,106.1,,0.0,0.0,,,,,,,2023-01-01,2023-11-30,"United States, Canada",ES_1134474_XEFT-06EU-****-*_10202017160707_5627194
2406802,UNOX S.p.A.,Unox S.P.A.,XEF*-06FS-E***-***,XEF*-06FS-E***-***,,,Convection,"Type I - Table, countertop, and stand mounted units",Full-size,Electric,10.3,,,1.0,3.13,,,,1.31,,,,Boiler-less/Spritzer/Injector,6.0,,,6.0,,,,,80.0,,111.8,,0.0,0.0,,,,,,,2023-01-01,2023-11-30,"United States, Canada",ES_1134474_XEFT-06FS-E***_01312018194052_7652888
2406803,UNOX S.p.A.,Unox S.P.A.,XEF*-06FS-E***-SW,XEF*-06FS-E***-SW,,,Convection,"Type I - Table, countertop, and stand mounted units",Full-size,Electric,7.2,,,1.0,6.0,,,,1.23,,,,Boiler-less/Spritzer/Injector,6.0,,,6.0,,,,,79.0,,87.0,,0.0,0.0,,,,,,,2023-01-01,2023-11-30,"United States, Canada",ES_1134474_XEFT-06FS-E***-SW_011320231014164_5991203
2581067,UNOX S.p.A.,Unox S.P.A.,XELA-10EU-EXRS,XELA-10EU-EX*S-***,,,Combination,"Type I - Table, countertop, and stand mounted units",Full-size,Electric,21.0,,,1.0,3.02,,1.0,1.73,1.37,,,,Boiler-less/Spritzer/Injector,13.0,,,13.0,1.68,,,,78.0,61.0,123.0,249.0,0.0,0.0,0.27,0.23,,,,,2023-07-20,2023-06-27,"United States, Canada",ES_1134474_XELA-10EU-EXRS_071820231745310_4284384
2406804,UNOX S.p.A.,Unox S.P.A.,XEVC-0511-EP*M-***,XEVC-0511-EP*M-***,,,Combination,"Type I - Table, countertop, and stand mounted units",Half-size,Electric,9.3,,,1.0,2.22,,1.0,1.22,0.73,,,,Boiler-less/Spritzer/Injector,5.0,,5.0,,0.66,,,,81.0,65.0,49.7,65.3,0.0,0.0,0.24,0.04,,,,,2022-12-30,2023-11-30,"United States, Canada",ES_1134474_XEVC-0511-EP*-*_04292017141828_5508048
2406805,UNOX S.p.A.,Unox S.P.A.,XEVC-0711-EP*M-***,XEVC-0711-EP*M-***,,,Combination,"Type I - Table, countertop, and stand mounted units",Half-size,Electric,11.7,,,1.0,3.77,,1.0,2.85,0.9,,,,Boiler-less/Spritzer/Injector,7.0,,7.0,,1.53,,,,78.0,59.0,64.1,118.7,0.0,0.0,0.25,0.07,,,,,2022-12-31,2023-11-30,"United States, Canada",ES_1134474_XEVC-0711-EP*-*_09032019192137_8497150
2406806,UNOX S.p.A.,Unox S.P.A.,XEVC-0711-GP*M-***,XEVC-0711-GP*M-***,,,Combination,"Type I - Table, countertop, and stand mounted units",Half-size,Gas,,64830.0,4028.0,1.0,4.32,2969.0,1.0,2.9,,4660.0,0.51,6400.0,Boiler-less/Spritzer/Injector,7.0,,7.0,,,5596.0,0.53,7403.0,58.0,46.0,73.9,120.3,0.0,0.0,0.19,0.04,,,,,2023-01-01,2023-11-30,"United States, Canada",ES_1134474_XEVC-0711-GP*-*_05152020195011_2211147
2406807,UNOX S.p.A.,Unox S.P.A.,XEVC-1011-EP*M-***,XEVC-1011-EP*M-***,,,Combination,"Type I - Table, countertop, and stand mounted units",Half-size,Electric,18.5,,,1.0,2.28,,1.0,1.2,1.08,,,,Boiler-less/Spritzer/Injector,10.0,,10.0,,1.14,,,,78.0,71.0,101.7,158.6,0.0,0.0,0.14,0.03,,,,,2023-01-01,2023-11-30,"United States, Canada",ES_1134474_XEVC-1011-EP*-*_04292017144807_7287288
2406808,UNOX S.p.A.,Unox S.P.A.,XEVC-1011-GP*M-***,XEVC-1011-GP*M-***,,,Combination,"Type I - Table, countertop, and stand mounted units",Half-size,Gas,,75067.0,4710.0,1.0,4.02,3744.0,1.0,3.87,,1968.0,0.57,6912.0,Boiler-less/Spritzer/Injector,10.0,,10.0,,,6002.0,0.49,7674.0,61.0,51.0,89.4,145.5,0.0,0.0,0.23,0.04,,,,,2023-01-01,2023-11-30,"United States, Canada",ES_1134474_XEVC-1011-GP*M-**_06292020152124_4084862
2406809,UNOX S.p.A.,Unox S.P.A.,XEVL-2011-DP*S-***,XEVL-2011-DP*S-***,,,Combination,Type II - Floor and roll-in units,Half-size,Electric,38.5,,,1.0,3.12,,2.0,1.57,1.98,,,,Boiler-less/Spritzer/Injector,20.0,,20.0,,3.06,,,,78.0,56.0,180.9,378.0,0.0,0.0,0.26,0.04,,,,,2023-01-01,2023-11-30,"United States, Canada",ES_1134474_XEVL-2011-DP*-*_05152020202732_4452050
2406810,UNOX S.p.A.,Unox S.P.A.,XEVL-2011-GP*S-***,XEVL-2011-GP*S-***,,,Combination,Type II - Floor and roll-in units,Half-size,Gas,,163783.0,11427.0,1.0,4.33,6837.0,1.0,2.6,,6111.0,1.3,10547.0,Boiler-less/Spritzer/Injector,20.0,,20.0,,,6837.0,1.78,12910.0,57.0,44.0,207.5,395.2,0.0,0.0,0.33,0.03,,,,,2022-12-30,2023-11-30,"United States, Canada",ES_1134474_XEVL-2011-GP*-*_05152020203529_4929270
2406811,UNOX S.p.A.,Unox S.P.A.,XEVL-2011-YP*S-***,XEVL-2011-YP*S-***,,,Combination,Type II - Floor and roll-in units,Half-size,Electric,38.5,,,1.0,3.12,,2.0,1.57,1.98,,,,Boiler-less/Spritzer/Injector,20.0,,20.0,,3.06,,,,78.0,56.0,180.9,378.0,0.0,0.0,0.26,0.04,,,,,2023-01-01,2023-11-30,"United States, Canada",ES_1134474_XEVL-2011-YP*-*_05152020204107_5267712
2406812,UNOX S.p.A.,Unox S.P.A.,XEVL-2021-GP*S-***,XEVL-2021-GP*S-***,,,Combination,Type II - Floor and roll-in units,Half-size,Electric,2.6,,15943.0,,6.43,13796.0,,,,9754.0,,13476.0,Boiler-less/Spritzer/Injector,20.0,,,,,,1.08,,57.0,44.0,351.3,642.4,,,,,,,,,2019-11-20,2024-02-12,United States,ES_1134474_XEVL-2021-GP*-*_05152020204746_5666649
2406727,Vulcan (A division of ITW Food Equipment Group),Hobart,HEC201D,HEC201D,"HEC202D,HEC202D,",,Convection,"Type I - Table, countertop, and stand mounted units",Half-size,Electric,5.4,,,1.0,8.8,,,,0.98,,,,Boiler-less/Spritzer/Injector,,,5.0,,,,,,76.0,,60.5,,,,,,,,,,2018-01-01,2018-11-12,"United States, Canada",ES_1017245_HEC201D_08122021154527_1002430
3360650,Vulcan (A division of ITW Food Equipment Group),Hobart,HEC501D,HEC501D,"HEC501, HEC501DX, HEC501X, HEC502, HEC502D, HEC502DX, HEC502,HEC501, HEC501DX, HEC501X, HEC502, HEC502D, HEC502DX, HEC503,",,Convection,"Type I - Table, countertop, and stand mounted units",Full-size,Electric,12.32,,,1.0,5.3,,,,1.22,,,,Boiler-less/Spritzer/Injector,,,,5.0,,,,,82.0,,130.8,,,,,,,,,,2013-04-04,2023-01-10,"United States, Canada",ES_1017245_HEC501D_01052024150008_1002668
3360652,Vulcan (A division of ITW Food Equipment Group),Hobart,HGC501D,HGC501D,"HGC501, HGC501D, HGC501DX, HGC501X, HGC502, HGC502D, HGC502DX, HGC502X,HGC501, HGC501D, HGC501DX, HGC501X, HGC502, HGC502D, HGC502DX, HGC502X,",,Convection,"Type I - Table, countertop, and stand mounted units",Full-size,Gas,,47779.0,6767.0,,12.2,,,,,8317.0,0.44,8317.0,Boiler-less/Spritzer/Injector,,,,5.0,,,,,54.0,,96.1,,,,,,,,,,2013-04-04,2023-01-10,"United States, Canada",ES_1017246_HGC501D_01052024151903_1002672
2406726,Vulcan (A division of ITW Food Equipment Group),Vulcan,ECO2D,ECO2D,"ECO22D,ECO22D,",,Convection,"Type I - Table, countertop, and stand mounted units",Half-size,Electric,5.4,,,1.0,8.8,,,,0.98,,,,Boiler-less/Spritzer/Injector,,,5.0,,,,,,76.0,,60.5,,,,,,,,,,2018-01-01,2018-11-12,"United States, Canada",ES_1017245_ECO2D_12182018100718_1002290
2406833,Vulcan (A division of ITW Food Equipment Group),Vulcan,SG4,SG4,"SG44, SG6, SG66,SG44, SG6, SG66,",,Convection,"Type I - Table, countertop, and stand mounted units",Full-size,Gas,,59312.0,8996.0,,9.06,,,,,8853.0,,8853.0,Boiler-less/Spritzer/Injector,,,,5.0,,,,,52.0,,96.7,,,,,,,,,,2013-03-15,2023-01-13,"United States, Canada",ES_1017245_SG4_01092014171741_1002247
2406724,Vulcan (A division of ITW Food Equipment Group),Vulcan,VC4ED,VC4ED,"VC44EC, VC44ED, VC4EC, VC66EC, VC66ED, VC6EC, VC6ED, X, VC5ED, VC55ED,VC44EC, VC44ED, VC4EC, VC66EC, VC66ED, VC6EC, VC6ED, X, VC5ED, VC55ED,",,Convection,"Type I - Table, countertop, and stand mounted units",Full-size,Electric,12.32,,,1.0,5.3,,,,1.22,,,,Boiler-less/Spritzer/Injector,,,,5.0,,,,,82.0,,130.8,,,,,,,,,,2013-04-04,2023-01-10,"United States, Canada",ES_1017245_VC4E_01302020145229_1002305
2406682,Vulcan (A division of ITW Food Equipment Group),Vulcan,VC4GD,VC4GD,"VC4GC, VC6GC, VC6GD, VC44GC, VC44GD, VC66GC, VC66GD,  VC5GD, VC55GD,VC4GC, VC6GC, VC6GD, VC44GC, VC44GD, VC66GC, VC66GD,  VC5GD, VC55GD,",,Convection,"Type I - Table, countertop, and stand mounted units",Full-size,Gas,,47779.0,6767.0,,12.2,,,,,8317.0,0.44,8317.0,Boiler-less/Spritzer/Injector,,,,5.0,,,,,,,,,,,,,,,,,2013-04-04,2023-01-10,"United States, Canada",ES_1017245_VC4GD_01092014171741_1002245
3360651,Vulcan (A division of ITW Food Equipment Group),Wolf,WC4ED,WC4ED,"WC4ED-ESF, WC44ED, WC44ED-SEF, WC4EC, WC4EC-SEF, WC44EC, WC44EC-SEF,WC4ED-ESF, WC44ED, WC44ED-SEF, WC4EC, WC4EC-SEF, WC44EC, WC44EC-SEF,",,Convection,"Type I - Table, countertop, and stand mounted units",Full-size,Electric,12.32,,,1.0,5.3,,,,1.22,,,,Boiler-less/Spritzer/Injector,,,,5.0,,,,,82.0,,130.8,,,,,,,,,,2013-04-04,2023-01-10,"United States, Canada",ES_1017245_WC4ED_01052024150008_1002669
3361141,Vulcan (A division of ITW Food Equipment Group),Wolf,WC4GD,WC4GD,"WC4GD-SEF, WC44GD, WC44GD-SEF, WC4GC, WC4GC-SEF, WC44GC, WC44GC-SEF,WC4GD-SEF, WC44GD, WC44GD-SEF, WC4GC, WC4GC-SEF, WC44GC, WC44GC-SEF,",,Convection,"Type I - Table, countertop, and stand mounted units",Full-size,Gas,,47779.0,6767.0,,12.2,,,,,8317.0,0.44,8317.0,Boiler-less/Spritzer/Injector,,,,5.0,,,,,54.0,,96.1,,,,,,,,,,2013-04-04,2023-01-10,"United States, Canada",ES_1017245_WC4GD_01182024081148_1002687
2649773,Wells Mfg.,Lang,ECOH-AP,ECOH-AP,,,Convection,"Type I - Table, countertop, and stand mounted units",Half-size,Electric,7.8,,,1.0,5.0,,,,0.83,,,,Boiler-less/Spritzer/Injector,5.0,,5.0,,,,,,72.0,,48.3,,0.0,0.0,,,,,,0.0,2013-08-15,2023-08-07,"United States, Canada",ES_1100413_ECOH-AP_083020231538270_4344133
