"ENERGY STAR Unique ID","ENERGY STAR Partner","Brand Name","Model Name","Model Number","Additional Model Information","UPC","Product Type","Oven Classification","Size","Heat Source Fuel Type","Input Rate (kW)","Input Rate (Btu/hr)","Gas Oven Convection Mode Pre-Heat Energy (Btu)","Electric Oven Convection Mode Pre-Heat Energy (kWh)","Convection Mode Pre-Heat Time (min)","Gas Oven Steam Mode Pre-Heat Energy (Btu)","Electric Oven Steam Mode Pre-Heat Energy (kWh)","Steam Mode Pre-Heat Time (min)","Electric Oven Convection Mode Idle Energy Rate (kW)","Gas Oven Convection Mode Idle Energy Rate (Btu/hr)","Gas Oven Convection Mode Electric Idle Energy Rate (kW)","Gas Oven Convection Mode Total Idle Energy Rate (Btu/hr)","Method of Steam Generation","Half-Size and Full-Size Steam Pan Capacity","Two-Thirds-Size Steam Pan Capacity","Half-Size Sheet Pan Capacity","Full-Size Sheet Pan Capacity","Electric Oven Steam Mode Idle Energy Rate (kW)","Gas Oven Steam Mode Idle Energy Rate (Btu/hr)","Gas Oven Steam Mode Electric Idle Energy Rate (kW)","Gas Oven Steam Mode Total Idle Energy Rate (Btu/hr)","Convection Mode Cooking Energy Efficiency (%)","Steam Mode Cooking Energy Efficiency (%)","Convection Mode Production Capacity (lbs/hr)","Steam Mode Production Capacity (lbs/hr)","Convection Mode Cooking Period Water Consumption (gal/pan)","Convection Mode Idle Period Water Consumption (gal/hr/pan)","Steam Mode Cooking Period Water Consumption (gal/pan)","Steam Mode Idle Period Water Consumption (gal/hr/pan)","Rack Oven Baking-Energy Efficiency (%)","Baking Production Capacity (lbs/hr)","Set-Back Idle Mode","Steam Injection Period Water Consumption (gal/min)","Date Available on Market","Date Certified","Markets","CB Model Identifier"
"3942789","Alto-Shaam, Inc.","Alto-Shaam","CTP10-20G","CTP10-20G","","","Combination","Type I - Table, countertop, and stand mounted units","Full-size","Gas","","132,802","9,411",,"7.5","5,362",,"2.3","","6,355","0.62","8,471","Boiler-less/Spritzer/Injector","22",,,"22",,"9,059","0.56","10969","64","51","239","312","0.03","0.01","0.14","0.03",,,"",,"12/31/2024","12/09/2024","United States, Canada","ES_1017906_CTP10-20G_01162025160589_4511278"
"3722150","Alto-Shaam, Inc.","Alto-Shaam - Prodigi Classic","CTC20-10G","CTC20-10G","","","Combination","Type II - Floor and roll-in units","Full-size","Gas","","153,023","13,106",,"5.5","7,568",,"3.4","","6,552","1.12","10,375","Boiler-less/Spritzer/Injector","20",,,"20",,"8,460","0.71","10883","64","55","241","323","0.01",,"0.33","0.2",,,"",,"11/05/2024","10/29/2024","United States, Canada","ES_1017906_CTC20-10G_110420241754982_6404236"
"3722082","Alto-Shaam, Inc.","Alto-Shaam - Prodigi Classic","CTC20-20E","CTC20-20E","","","Combination","Type II - Floor and roll-in units","Full-size","Electric","76400",,,"3","2.68",,"3","2.93","3.43",,"",,"Boiler-less/Spritzer/Injector","40",,,"40","3.45",,"","","87","74","370","712","0.27",,"0.12","0.11",,,"",,"11/01/2024","10/21/2024","United States, Canada","ES_1017906_CTC20-20E_103120241848149_2429147"
"2407803","Alto-Shaam, Inc.","Alto-Shaam - Prodigi Classic","CTP20-20G","CTP20-20G","","","Combination","Type II - Floor and roll-in units","Full-size","Gas","","266,000","14,770",,"4.02","16,034",,"4.55","","9,215","0.65","9,790","Boiler-less/Spritzer/Injector","40",,,"40",,"9,397","0.21","14525","63","57","432","591","0.02","0.08","0.12","0.3",,,"",,"02/01/2023","02/02/2023","United States, Canada","ES_1017906_CTP20-20G_12302016142007_7607471"
"2407802","Alto-Shaam, Inc.","Alto-Shaam - Prodigi Pro","CTC20-20G","CTC20-20G","","","Combination","Type II - Floor and roll-in units","Full-size","Gas","","266,000","14,770",,"4.02","16,034",,"4.55","","9,215","0.65","9,790","Boiler-less/Spritzer/Injector","40",,,"40",,"9,397","0.21","14525","63","57","432","591","0.02","0.08","0.12","0.3",,,"",,"02/01/2023","02/02/2023","United States, Canada","ES_1017906_CTC20-20G_020120232003723_8914044"
"3626798","Alto-Shaam, Inc.","Alto-Shaam - Prodigi Pro","CTP10-10G","CTP10-10G","","","Combination","Type I - Table, countertop, and stand mounted units","Half-size","Gas","","79,985","7,774",,"6.3","5,784",,"4.2","","4,818","0.62","6,933","Boiler-less/Spritzer/Injector",,,"11",,,"6,266","0.54","8123","60","43","130","182","0","0","0.27","0.36",,,"",,"09/01/2024","08/28/2024","United States, Canada","ES_1017906_CTP10-10G_082920241707337_4954330"
"3722083","Alto-Shaam, Inc.","Alto-Shaam - Prodigi Pro","CTP10-20E","CTP10-20E","","","Combination","Type I - Table, countertop, and stand mounted units","Full-size","Electric","36809",,,"1","2.38",,"1","2.37","2.01",,"",,"Boiler-less/Spritzer/Injector","22",,,"22","3.27",,"","","85","62","201","276","0.23",,"0.15","0.18",,,"",,"11/01/2024","10/21/2024","United States, Canada","ES_1017906_CTP10-20E_103120241849230_7483002"
"3722149","Alto-Shaam, Inc.","Alto-Shaam - Prodigi Pro","CTP20-10G","CTP20-10G","","","Combination","Type II - Floor and roll-in units","Full-size","Gas","","153,023","13,106",,"5.5","7,568",,"3.4","","6,552","1.12","10,375","Boiler-less/Spritzer/Injector","20",,,"20",,"8,460","0.71","10883","64","55","241","323","0.01",,"0.33","0.2",,,"",,"11/05/2024","10/29/2024","United States, Canada","ES_1017906_CTP20-10G_110420241754760_8680898"
"3722084","Alto-Shaam, Inc.","Alto-Shaam - Prodigi Pro","CTP20-20E","CTP20-20E","","","Combination","Type II - Floor and roll-in units","Full-size","Electric","76400",,,"3","2.68",,"3","2.93","3.43",,"",,"Boiler-less/Spritzer/Injector","40",,,"40","3.45",,"","","87","74","370","712","0.27",,"0.12","0.11",,,"",,"11/01/2024","10/21/2024","United States, Canada","ES_1017906_CTP20-20E_103120241848262_2306748"
"3626799","Alto-Shaam, Inc.","Alto-Shaam - Prodigi Pro","CTP6-10G","CTP6-10G","","","Combination","Type I - Table, countertop, and stand mounted units","Half-size","Gas","","49,349","5,649",,"11.1","3,403",,"4.2","","4,725","0.21","5,428","Boiler-less/Spritzer/Injector",,,"7",,,"4,898","0.29","5901","58","41","64","113","0.04","0.2","0.29","0.85",,,"",,"09/01/2024","08/28/2024","United States, Canada","ES_1017906_CTP6-10G_082920241707583_5210956"
"2407806","Alto-Shaam, Inc.","Alto-Shaam - Prodigi Pro","CTP7-20E","CTP7-20E","","","Combination","Type I - Table, countertop, and stand mounted units","Full-size","Electric","25.5",,,"1","2.97",,"1","3.58","1.66",,"",,"Boiler-less/Spritzer/Injector","16",,,"16","2.53",,"","","83","67","161","145","0.17","0","0.07","0.02",,,"",,"02/01/2023","02/02/2023","United States, Canada","ES_1017906_CTP7-20E_02112015164734_3254873"
"2407804","Alto-Shaam, Inc.","Alto-Shaam - Prodigi Pro","CTP7-20G","CTP7-20G","","","Combination","Type I - Table, countertop, and stand mounted units","Full-size","Gas","","98,000","7,018",,"4.75","6,967",,"4.35","","5,411","0.62","7,526","Boiler-less/Spritzer/Injector","16",,,"16",,"8,896","0.58","10875","65","52","157","230","0.17","0","0.13","0.05",,,"",,"02/01/2023","02/02/2023","United States, Canada","ES_1017906_CTP7-20G_12302016141928_7568140"
"3478013","American Range Corporation","American Range","M-HE","M-HE","","","Convection","Type II - Floor and roll-in units","Full-size","Gas","","70,000","12,801",,"11.97",,,,"","8,325","0.01","8,325","Boiler-less/Spritzer/Injector",,,,"5",,,"","","52",,"93.07",,"0","0",,,,,"",,"04/15/2020","04/09/2024","United States, Canada","ES_1099057_M1-HE_04092024135542_2308923"
"3387800","American Range Corporation","American Range","MSD-HE","MSD-HE","","","Convection","Type II - Floor and roll-in units","Full-size","Gas","","54,000","9,657",,"11.18",,,,"","8,671","0.65","10,899","Boiler-less/Spritzer/Injector",,,,"5",,,"","","51",,"96.51",,"0","0",,,,,"",,"04/15/2020","01/26/2024","United States","ES_1099057_MSD-1HE_01262024132956_6127893"
"3998214","Angelo Po Grandi Cucine S.p.A. con Socio Unico","Angelo Po","AT122E","AT122E","","","Combination","Type II - Floor and roll-in units","Full-size","Electric","26",,,"2","4.1",,"1","3.02","1.8",,"",,"Boiler-less/Spritzer/Injector","24",,,"24","2.06",,"","","80","63","194","227","0.04","0.03","0.09","0.06",,,"",,"03/01/2025","02/18/2025","United States, Canada","ES_1142603_AT122E_021820252219607_7552723"
"4016320","Angelo Po Grandi Cucine S.p.A. con Socio Unico","Angelo Po","AT122E**","AT122E**","","","Combination","Type II - Floor and roll-in units","Full-size","Electric","26",,,"2","4.1",,"1","3.02","1.8",,"",,"Boiler-less/Spritzer/Injector","24",,,"24","2.06",,"","","80","63","194","227","0.04","0.03","0.09","0.06",,,"","0","05/01/2025","04/25/2025","United States, Canada","ES_1142603_AT122E**_042520252035571_3457105"
"3998215","Angelo Po Grandi Cucine S.p.A. con Socio Unico","Angelo Po","AT122G","AT122G","","","Combination","Type II - Floor and roll-in units","Full-size","Gas","","121,000","8,888",,"4.41","5,167",,"2.58","","6,299","0.40","7,596","Boiler-less/Spritzer/Injector","24",,,"24",,"8,153","0.33","9292","61","55","189","260","0.05",,"0.11","0.04",,,"",,"03/01/2025","02/18/2025","United States, Canada","ES_1142603_AT122G_021820252220517_5858621"
"4016321","Angelo Po Grandi Cucine S.p.A. con Socio Unico","Angelo Po","AT122G**","AT122G**","","","Combination","Type II - Floor and roll-in units","Full-size","Gas","","121,000","8,888",,"4.41","5,167",,"2.58","","6,299","0.40","7,596","Boiler-less/Spritzer/Injector","24",,,"24",,"8,153","0.33","9292","61","55","189","260","0.05",,"0.11","0.04",,,"",,"05/01/2025","04/25/2025","United States, Canada","ES_1142603_AT122G**_042520252033215_1617455"
"3998216","Angelo Po Grandi Cucine S.p.A. con Socio Unico","Angelo Po","AT82E","AT82E","","","Combination","Type II - Floor and roll-in units","Full-size","Electric","18.5",,,"1","4.34",,"1","2.56","0.7",,"",,"Boiler-less/Spritzer/Injector","16",,,"16","0.83",,"","","79","62","132","176",,,"0.11","0.07",,,"",,"03/01/2025","02/18/2025","United States, Canada","ES_1142603_AT82E_021820252220117_7765001"
"4016322","Angelo Po Grandi Cucine S.p.A. con Socio Unico","Angelo Po","AT82E**","AT82E**","","","Combination","Type II - Floor and roll-in units","Full-size","Electric","18.5",,,"1","4.34",,"1","2.56","0.7",,"",,"Boiler-less/Spritzer/Injector","16",,,"16","0.83",,"","","79","62","132","176",,,"0.11","0.07",,,"","0","05/01/2025","04/25/2025","United States, Canada","ES_1142603_AT82E**_042520252036716_4784830"
"4439622","Convotherm (A division of Welbilt)","Convotherm","Cmn 10.10 pro BL","Cmn 10.10 pro BL","","","Combination","Type II - Floor and roll-in units","Full-size","Electric","8.3",,,"1","4.92",,"0","2.08","0.72",,"",,"Boiler-less/Spritzer/Injector","8",,,,"0.89",,"","","80","70",,,,"0",,"0.13",,,"",,"06/06/2025","07/01/2025","United States, Canada","ES_1123347_Cmn 10.10 pro BL_061020250910471_3745912"
"4439626","Convotherm (A division of Welbilt)","Convotherm","Cmn 6.06 pro","Cmn 6.06 pro","","","Combination","Type I - Table, countertop, and stand mounted units","Two-thirds size","Electric","4.7",,,"0","6.72",,"0","2.3","0.54",,"",,"Boiler-less/Spritzer/Injector",,"5",,,"0.49",,"","","76","69",,,,"0",,"0",,,"",,"06/06/2025","07/01/2025","United States, Canada","ES_1123347_Cmn 6.06 pro_061020250910555_2494411"
"4439627","Convotherm (A division of Welbilt)","Convotherm","Cmn 6.06 pro BL","Cmn 6.06 pro BL","","","Combination","Type I - Table, countertop, and stand mounted units","Two-thirds size","Electric","4.7",,,"0","6.72",,"0","2.3","0.54",,"",,"Boiler-less/Spritzer/Injector",,"5",,,"0.49",,"","","76","69",,,,"0",,"0",,,"",,"06/06/2025","07/01/2025","United States, Canada","ES_1123347_Cmn 6.06 pro BL_061020250910939_1750669"
"4439624","Convotherm (A division of Welbilt)","Convotherm","Cmn 6.10 pro","Cmn 6.10 pro","","","Combination","Type I - Table, countertop, and stand mounted units","Full-size","Electric","5.8",,,"1","6.81",,"0","2.5","0.61",,"",,"Boiler-less/Spritzer/Injector","5",,,,"0.56",,"","","79","71",,,,"0.13",,"0.26",,,"",,"06/06/2025","07/01/2025","United States, Canada","ES_1123347_Cmn 6.10 pro_06102025091033_6054546"
"4439625","Convotherm (A division of Welbilt)","Convotherm","Cmn 6.10 pro BL","Cmn 6.10 pro BL","","","Combination","Type I - Table, countertop, and stand mounted units","Full-size","Electric","5.8",,,"1","6.81",,"0","2.5","0.61",,"",,"Boiler-less/Spritzer/Injector","5",,,,"0.56",,"","","79","71",,,,"0.13",,"0.26",,,"",,"06/06/2025","07/01/2025","United States, Canada","ES_1123347_Cmn 6.10 pro BL_061020250910960_7832290"
"2402104","Convotherm (A division of Welbilt)","Convotherm","OES6.10 Mini","OES6.10 Mini","","","Combination","Type I - Table, countertop, and stand mounted units","Half-size","Electric","5.6",,,,"5.11",,"0","2.5","0.61",,"",,"Boiler-less/Spritzer/Injector","4",,"4","4","0.89",,"","","81","69","44.3","61.1","0","0","0.05","1.5",,,"","1.5","10/03/2022","09/28/2022","United States, Canada","ES_1123347_OES6.10_092820221927184_9828954"
"2408390","Electrolux Professional","Electrolux Professional","COE11T30","COE11T30",",COE11D30,; ,COE11D3K,; ,COE11T3K,","","Combination","Type I - Table, countertop, and stand mounted units","Half-size","Electric","19",,"0",,"3.13","0",,"5.37","0.97","0","0.00","0","Boiler/Steam Generator","10",,"10",,"0.95","0","0.00","0","78","58","99.64","188.31","0","0","0.15","0.02","0","0","No","0","11/05/2018","02/15/2023","United States, Canada","ES_1082677_COE11T30_01272023162425_7951013"
"2408470","Electrolux Professional","Electrolux Professional","COE12T30","COE12T30",",COE12D30,; ,COE12D3K,; ,COE12T3K,","","Combination","Type I - Table, countertop, and stand mounted units","Full-size","Electric","37.4",,"0","1","2.55","0","3","4.8","1.32","0","0.00","0","Boiler/Steam Generator","20",,,"20","1.94","0","0.00","0","85","63","188.26","400.7","0","0","0.15","0.03","0","0","No","0","07/25/2019","02/23/2023","United States, Canada","ES_1082677_COE12T30_01302023094616_8440515"
"2408392","Electrolux Professional","Electrolux Professional","COE62T30","COE62T30",",COE62D30,; ,COE62D3K,; ,COE62T3K,","","Combination","Type I - Table, countertop, and stand mounted units","Full-size","Electric","21.4",,"0","1","3.83","0","2","6.73","1.12","0","0.00","0","Boiler/Steam Generator","12",,,"12","1.42","0","0.00","0","86","61","118.04","239.17","0","0","0.15","0.04","0","0","No","0","07/12/2019","02/21/2023","United States, Canada","ES_1082677_COE62T30_01272023173440_9839898"
"2408393","Electrolux Professional","Electrolux Professional","COG11T30","COG11T30",",COG11D30,; ,COG11D3K,; ,COG11T3K,","","Combination","Type I - Table, countertop, and stand mounted units","Half-size","Gas","","124,538","5,537","0","4.67","8,349","0","6.75","0","4,223","0.16","4,769","Boiler/Steam Generator","10",,"10",,"0","6,232","0.09","6539","63","45","98.27","200.12","0","0","0.15","0.05","0","0","No","0","01/08/2020","02/21/2023","United States, Canada","ES_1082677_COG11T30_02162023174101_7208215"
"2408418","Electrolux Professional","Electrolux Professional","COG12T30","COG12T30",",COG12D30,; ,COG12D3K,; ,COG12T3K,","","Combination","Type I - Table, countertop, and stand mounted units","","Gas","","189,025","5,099","0","3.32","8,506","0","7.12","0","6,154","0.18","6,769","Boiler/Steam Generator","20",,,"20","0","9,888","0.11","10264","58","47","190.87","319.24","0","0","0.14","0.13","0","0","No","0","07/18/2019","02/22/2023","United States, Canada","ES_1082677_COG12T30_02022023140923_9504052"
"2408391","Electrolux Professional","Electrolux Professional","COG61T30","COG61T30",",COG61D30,; ,COG61D3K,; ,COG61T3K,","","Combination","Type I - Table, countertop, and stand mounted units","Half-size","Gas","","76,429","3,686",,"5.35","5,523","0","7.47","0","3,158","0.13","3,602","Boiler/Steam Generator","6",,"6",,"0","5,038","0.10","5376","58","43","62.95","126.07","0","0","0.14","0.06","0","0","No","0","05/11/2018","02/21/2023","United States, Canada","ES_1082677_COG61T30_01302023160103_4959070"
"2452893","Electrolux Professional","Electrolux Professional","COG62T30","COG62T30",",COG62D30,; ,COG62D3K,; ,COG62T3K,","","Combination","Type I - Table, countertop, and stand mounted units","Full-size","Gas","","128,632","3,393","0","3.25","6,837","0","8.75","0","4,480","0.17","5,061","Boiler/Steam Generator","12",,,"12","0","7,828","0.12","8238","60","43","120.12","213.92","0","0","0.14","0.09","0","0","No","0","08/27/2019","02/22/2023","United States, Canada","ES_1082677_COG62T30_01302023170949_3615838"
"3531132","Eloma GmbH","Eloma","COMPACT PRO","6-11","","","Combination","Type I - Table, countertop, and stand mounted units","Full-size","Electric","6.4",,,"0","5.42",,"0","3.33","0.61",,"",,"Boiler-less/Spritzer/Injector","6",,,,"1.15",,"","","80","63","59.2","61.9","0.01","0","0.11","0.11",,,"",,"05/01/2024","05/17/2024","United States, Canada","ES_1145862_6-11_05292024165924_80201637"
"3531131","Eloma GmbH","Eloma","COMPACT PRO","6-23","","","Combination","Type I - Table, countertop, and stand mounted units","Two-thirds size","Electric","4.9",,,"0","5.5",,"0","2.42","0.59",,"",,"Boiler-less/Spritzer/Injector",,"5",,,"0.72",,"","","76","67","34.1","51.3","0.05","0","0.05","0.31",,,"",,"05/01/2024","05/17/2024","United States, Canada","ES_1145862_6-23_05292024165924_80201637"
"4510547","Eloma GmbH","Eloma GmbH","Joker 6-11","Joker 6-11","","","Combination","Type I - Table, countertop, and stand mounted units","Half-size","Electric","8.3",,,"1","3.06",,"1","1.18","0.63",,"",,"Boiler-less/Spritzer/Injector","5",,"5",,"0.99",,"","","79","63","48","75","0","0","0.14","0.12",,,"",,"09/30/2025","09/30/2025","United States","Joker 6-11"
"4510548","Eloma GmbH","Eloma GmbH","Joker 6-23","Joker 6-23","","","Combination","Type I - Table, countertop, and stand mounted units","Two-thirds size","Electric","3.6",,,"1","7.23",,"1","4","0.62",,"",,"Boiler-less/Spritzer/Injector",,"5",,,"1.24",,"","","72","57","34","55","0","0.01","0.01","0.34",,,"",,"09/30/2025","09/30/2025","United States","Joker 6-23"
"2765505","Hobart Corporation (A division of ITW Food Equipment Group)","Vulcan","TCM-102E","TCM-102E","","","Combination","Type I - Table, countertop, and stand mounted units","Full-size","Electric","32",,,"1","3.93",,"1","1.6","1.56",,"",,"Boiler-less/Spritzer/Injector","20",,,"20","1.89",,"","","83","66","198","321","0","0","0.2","0.12",,,"","0","12/01/2023","11/27/2023","United States, Canada","TCM-102E"
"3436253","HOUNÖ A/S","BKI","Invoq Combi 10 1/1 GN (PT)","Combi 10 1/1","101KBLE (PT),Combi 10 1/1,","","Combination","Type I - Table, countertop, and stand mounted units","","Electric","19.3",,,"1","4.13",,"1","3.11","1.01",,"",,"Boiler-less/Spritzer/Injector","10",,,"10","0.73",,"","","78","62","83.96","96.78","0.01","0.01","0.16","0.16",,,"",,"12/01/2023","04/05/2024","United States, Canada","ES_1148949_Hybrid 10 1/1_04122024162754_80198196"
"3998217","Angelo Po Grandi Cucine S.p.A. con Socio Unico","Angelo Po","AT82G","AT82G","","","Combination","Type II - Floor and roll-in units","Full-size","Gas","","100,000","6,455",,"4.3","4,250",,"3.02","","5,882","0.30","6,917","Boiler-less/Spritzer/Injector","16",,,"16",,"8,896","0.27","9830","59","52","130","194","0.05",,"0.15","0.06",,,"",,"03/01/2025","02/18/2025","United States, Canada","ES_1142603_AT82G_02182025222101_1863296"
"4016323","Angelo Po Grandi Cucine S.p.A. con Socio Unico","Angelo Po","AT82G**","AT82G**","","","Combination","Type II - Floor and roll-in units","Full-size","Gas","","100,000","6,455",,"4.3","4,250",,"3.02","","5,882","0.30","6,917","Boiler-less/Spritzer/Injector","16",,,"16",,"8,896","0.27","9830","59","52","130","194","0.05",,"0.15","0.06",,,"",,"05/01/2025","04/25/2025","United States, Canada","ES_1142603_AT82G**_042520252035945_9585322"
"3391677","Angelo Po Grandi Cucine S.p.A. con Socio Unico","Angelo Po","FX82G3","FX122E3T","FX122E3,FX122E3,Available in 208V, 240V and 480V; FX122E3C,FX122E3C,Available in 208V, 240V and 480V; FX122E3CT,FX122E3CT,Available in 208V, 240V and 480V; FX122E3TR,FX122E3TR,Available in 208V, 240V and 480V","","Combination","Type I - Table, countertop, and stand mounted units","Full-size","Electric","25.5",,,"1","5.17",,"1","5.08","2.12",,"",,"Boiler-less/Spritzer/Injector","24",,,"24","3.1",,"","","82","68","227","290","0.05","0.02","0.09","0.02",,,"",,"12/15/2023","02/05/2024","United States, Canada","ES_1142603_FX122E3T_02052024201460_2486502"
"3391678","Angelo Po Grandi Cucine S.p.A. con Socio Unico","Angelo Po","FX82G3","FX122G3","FX122G3C,FX122G3C,; FX122G3CT,FX122G3CT,; FX122G3T,FX122G3T,; FX122G3TR,FX122G3TR,","","Combination","Type I - Table, countertop, and stand mounted units","Full-size","Gas","","120,000","9,304",,"7","5,857",,"3.83","","6,860","0.55","8,737","Boiler-less/Spritzer/Injector","24",,,"24",,"8,696","0.52","10470","63","55","216","223","0.06","0.02","0.09","0.06",,,"",,"12/15/2023","02/05/2024","United States, Canada","ES_1142603_FX122G3_020520242014389_5602095"
"3391679","Angelo Po Grandi Cucine S.p.A. con Socio Unico","Angelo Po","FX82G3","FX202E3","","","Combination","Type II - Floor and roll-in units","Full-size","Electric","52",,,"4","11.23",,"2","1.9","3.34",,"",,"Boiler-less/Spritzer/Injector","40",,,"40","5.43",,"","","82","67","431","524","0.02","0.01","0.08","0.01",,,"",,"12/15/2023","02/05/2024","United States, Canada","ES_1142603_FX202E3_02052024201498_5654563"
"2649776","Angelo Po Grandi Cucine S.p.A. con Socio Unico","Angelo Po","FX82E3T","FX82E3T","FX82E3,FX82E3,Available in 208V, 240V and 480V; FX82E3CT,FX82E3CT,Available in 208V, 240V and 480V; FX82E3R,FX82E3R,Available in 208V, 240V and 480V; FX82E3TR,FX82E3TR,Available in 208V, 240V and 480V","","Combination","Type I - Table, countertop, and stand mounted units","Full-size","Electric","19.73",,,"1","4.58",,"1","2.66","1.57",,"",,"Boiler-less/Spritzer/Injector","16",,,"16","2.57",,"","","80","66","149","186","0.06","0.02","0.12","0.07",,,"",,"09/01/2023","08/30/2023","United States, Canada","ES_1142603_FX82E3T_083020231834429_5325982"
"3391680","Angelo Po Grandi Cucine S.p.A. con Socio Unico","Angelo Po","FX82G3","FX82G3","FX82G3CT,FX82G3CT,; FX82G3R,FX82G3R,; FX82G3T,FX82G3T,; FX82G3TR,FX82G3TR,","","Combination","Type I - Table, countertop, and stand mounted units","Full-size","Gas","","92,500","7,387",,"8.42","4,332",,"3.67","","5,920","0.44","7,421","Boiler-less/Spritzer/Injector","16",,,"16",,"7,334","0.41","8733","60","54","145","191","0.1","0.06","0.1","0.03",,,"",,"12/15/2023","02/05/2024","United States, Canada","ES_1142603_FX82G3_020520242014973_5072667"
"4005907","Baxter Manufacturing (A division of ITW)","Baxter","CS500G1","CS500G1","","","Rack","Type II - Floor and roll-in units","","Gas","","177,156","45,044",,"23.98",,,,"",,"",,"Boiler-less/Spritzer/Injector",,,,,,,"","",,,,,,,,,"51","129","","1.73","03/31/2025","03/10/2025","United States, Canada","ES_1135550_CS500G1_03272025174036_2377804"
"3550090","Baxter Manufacturing (A division of ITW)","Baxter","CS500G2","CS500G2","","","Rack","Type II - Floor and roll-in units","","Gas","","275,000","62,281","1","22.87",,,,"","23,321","0.49","25,002","Boiler-less/Spritzer/Injector",,,,,,,"","",,,,,,,,,"56",,"","3.08","07/01/2024","06/27/2024","United States, Canada","ES_1135550_CS500G2_062720242003973_3540665"
"2470928","Baxter Manufacturing (A division of ITW)","Baxter Mfg.","OV500G1EE","OV500G1EE","","","Rack","Type II - Floor and roll-in units","Full-size","Gas","","175,000","42,274",,"16.67",,,,"","21,364","0.54","22,081","Boiler-less/Spritzer/Injector",,,,"15",,,"","",,,,,,,,,"48","142","","2","04/01/2023","05/04/2023","United States, Canada","ES_1017903_OV500G1EE_042820231856238_2156137"
"2470929","Baxter Manufacturing (A division of ITW)","Baxter Mfg.","OV500G2EE","OV500G2EE","","","Rack","Type II - Floor and roll-in units","Full-size","Gas","","275,000","53,452",,"12.56",,,,"","26,016","1.01","29,462","Boiler-less/Spritzer/Injector",,,,"30",,,"","",,,,,,,,,"55","277","","3","04/01/2023","05/04/2023","United States, Canada","ES_1017903_OV500G2EE_042820231900490_2052612"
"2470930","Baxter Manufacturing (A division of ITW)","Baxter Mfg.","OV520G1","OV520G1","","","Rack","Type II - Floor and roll-in units","Full-size","Gas","","180,000","37,010",,"12.33",,,,"","18,898","0.18","19,649","Boiler-less/Spritzer/Injector",,,,"15",,,"","",,,,,,,,,"49","150","","2","04/01/2023","05/04/2023","United States, Canada","ES_1017903_OV520G1_042820231902765_3028654"
"2470931","Baxter Manufacturing (A division of ITW)","Baxter Mfg.","OV520G2","OV520G2","","","Rack","Type II - Floor and roll-in units","Full-size","Gas","","275,000","51,162",,"11.33",,,,"","22,293","0.27","23,214","Boiler-less/Spritzer/Injector",,,,"30",,,"","",,,,,,,,,"59","284","","3","04/01/2023","05/04/2023","United States, Canada","ES_1017903_OV520G2_042820231903289_8042418"
"2635633","Blodgett Oven Company","Blodgett","BCT-62","BCT-62",",BCT-62E,","","Combination","Type I - Table, countertop, and stand mounted units","Full-size","Electric","21",,,"1","6.75",,"1","6.25","1.05",,"",,"Boiler/Steam Generator",,,,"12","1.35",,"","","78","58","113.8","99.2","0",,,,,,"",,"04/27/2022","06/02/2022","United States, Canada","ES_1100150_BCT-62_06022022124244_7379724"
"4431396","Blodgett Oven Company","Blodgett","BLCT-6E","BLCT-6E","","","Combination","Type I - Table, countertop, and stand mounted units","Half-size","Electric","6.9",,,"1","4.2",,"1","4.21","0.73",,"",,"Boiler-less/Spritzer/Injector","4",,"6",,"1",,"","","75","60","36.46","52.98",,,"0.11","0.44",,,"",,"05/08/2025","06/10/2025","United States, Canada","ES_1100150_BLCT-6E_05232025103126_591546"
"2407750","Blodgett Oven Company","Blodgett","CTB-5.6","CTB-5.6",",CTB/R-5.6,","","Convection","Type I - Table, countertop, and stand mounted units","Half-size","Electric","5.6",,,"1","7",,,,"0.95",,"",,"Boiler-less/Spritzer/Injector",,,"5",,,,"","","73",,"50.07",,,,,,,,"",,"11/25/2013","01/15/2014","United States, Canada","ES_1100150_CTB-5.6_01142014101226_2313043"
"2407873","Blodgett Oven Company","Blodgett","CTB-6.8","CTB-6.8",",CTB/R-6.8,","","Convection","Type I - Table, countertop, and stand mounted units","Half-size","Electric","6.8",,,"1","8.55",,,,"0.93",,"",,"Boiler-less/Spritzer/Injector",,,"5",,,,"","","76",,"53.3",,,,,,,,"",,"11/25/2013","01/15/2014","United States, Canada","ES_1100150_CTB-6.8_01032014034240_9771844"
"2407747","Blodgett Oven Company","Blodgett","CTB-8","CTB-8",",CTB/R-8,","","Convection","Type I - Table, countertop, and stand mounted units","Half-size","Electric","8",,,"1","7",,,,"0.94",,"",,"Boiler-less/Spritzer/Injector",,,"5",,,,"","","72",,"52.98",,,,,,,,"",,"11/25/2013","01/15/2014","United States, Canada","ES_1100150_CTB-8_01142014101046_5592462"
"2407748","Blodgett Oven Company","Blodgett","DFG-100-ES","DFG-100-ES",",BDO-100-G-ES,; ,DFG-100-K12-ES,; ,Zephaire-100-G-ES,","663137579360;663137579391;663137580533","Convection","Type I - Table, countertop, and stand mounted units","Full-size","Gas","","45,000","8,914",,"13",,,,"","7,620","0.17","8,194","Boiler-less/Spritzer/Injector",,,,"5",,,"","","54",,"97.71",,,,,,,,"",,"11/25/2013","01/16/2014","United States, Canada","ES_1100150_DFG-100-G-ES_01032014032513_9549829"
"2406821","Blodgett Oven Company","Blodgett","HV-100E","HV-100E",",HVH-100E,","663137592567","Convection","Type II - Floor and roll-in units","Full-size","Electric","15",,,"1","6.75",,,,"1.31",,"",,"Boiler-less/Spritzer/Injector",,,,"5",,,"","","76",,"114",,,,,,,,"",,"01/01/2013","08/27/2014","United States, Canada","ES_1100150_HV-100E_08272014120611_1065637"
"2406610","Blodgett Oven Company","Blodgett","HV-100G","HV-100G",",HVH-100G,","663137592574","Convection","Type II - Floor and roll-in units","Full-size","Gas","","60,000","8,039",,"7.4",,,,"","6,435","0.43","7,902","Boiler-less/Spritzer/Injector",,,,"5",,,"","","49",,"114.9",,,,,,,,"",,"01/01/2013","09/05/2014","United States, Canada","ES_1100150_HV-100G_08102014213703_5752679"
"2409654","Blodgett Oven Company","Blodgett","Zephaire 100 E","Zephaire 100 E",",BDO 100 E,; ,MARK V 100 K12,; ,MARK V 100,; ,SHO 100 E,","663137350211;663137371063;663137580915;663137582803","Convection","Type II - Floor and roll-in units","","Electric","11",,,"1","8.33",,,,"1.21",,"",,"Boiler-less/Spritzer/Injector",,,,"5",,,"","","78",,"99.3",,,,,,,,"",,"11/25/2013","01/15/2014","United States, Canada","ES_1100150_Zephaire 100 E_01032014025202_199853"
"2494946","Blodgett Oven Company","Blodgett","Zephaire 200 E","Zephaire 200 E",",MARK V 200 K12,; ,MARK V 200,","663137579452;663137580922","Convection","Type II - Floor and roll-in units","","Electric","11",,,"1","9.17",,,,"1.17",,"",,"Boiler-less/Spritzer/Injector",,,,"5",,,"","","78",,"106.3",,,,,,,,"",,"11/25/2013","01/02/2014","United States","ES_1100150_Zephaire 200 E_01032014023142_5411188"
"2407749","Blodgett Oven Company","Blodgett","Zephaire-200-G-ES","Zephaire-200-G-ES",",DFG-200-ES,; ,DFG-200-K12-ES,","663137580540;663137581318","Convection","Type I - Table, countertop, and stand mounted units","Full-size","Gas","","50,000","8,859",,"12.48",,,,"","9,842","0.17","9,265","Boiler-less/Spritzer/Injector",,,,"5",,,"","","54",,"104.59",,,,,,,,"",,"11/25/2013","01/02/2014","United States, Canada","ES_1100150_Zephaire-200-G-ES_01032014035752_3060113"
"4471336","Clark Core Services, LLC","CPG","351COFD4M","351COFD4M",",351COFT4M,","","Convection","Type I - Table, countertop, and stand mounted units","Full-size","Electric","5.6",,,"6","5.92",,,,"1.16",,"",,"Boiler-less/Spritzer/Injector",,,,"7",,,"","","86",,"61.43",,"0","0",,,,,"No",,"12/24/2023","07/11/2025","United States, Canada","ES_1138870_351COFD4M_05292025105116_1499902"
"4471334","Clark Core Services, LLC","CPG","351COHD3A","351COHD3A",",351COHT3A,","","Convection","Type I - Table, countertop, and stand mounted units","Half-size","Electric","1.65",,,"2","11.58",,,,"0.61",,"",,"Boiler-less/Spritzer/Injector",,,"3",,,,"","","74",,"16.38",,"0","0",,,,,"No",,"06/08/2024","07/11/2025","United States, Canada","ES_1138870_351COHD3A_05292025100005_149042"
"4471335","Clark Core Services, LLC","CPG","351COHD4M","351COHD4M",",351COHT4M,","","Convection","Type I - Table, countertop, and stand mounted units","Half-size","Electric","2.73",,,"3","6.33",,,,"0.73",,"",,"Boiler-less/Spritzer/Injector",,,"4",,,,"","","75",,"28.46",,"0","0",,,,,"No",,"06/08/2024","07/11/2025","United States, Canada","ES_1138870_351COHD4M_05292025103639_1074334"
"4471338","Clark Core Services, LLC","CPG","351FECD100B","351FECD100B",",351FECD100C,","","Convection","Type I - Table, countertop, and stand mounted units","Full-size","Electric","11",,,"11","7.92",,,,"1.29",,"",,"Boiler-less/Spritzer/Injector",,,,"5",,,"","","77",,"90.96",,"0","0",,,,,"No",,"08/01/2024","07/11/2025","United States, Canada","ES_1138870_351FECD100B_06232025131522_8302728"
"4471337","Clark Core Services, LLC","CPG","351FECD100D","351FECD100D",",351FECD100E,","","Convection","Type I - Table, countertop, and stand mounted units","Full-size","Electric","11.82",,,"12","7.58",,,,"1.33",,"",,"Boiler-less/Spritzer/Injector",,,,"5",,,"","","78",,"99.6",,"0","0",,,,,"No",,"08/01/2024","07/11/2025","United States, Canada","ES_1138870_351FECD100D_06232025123029_1580469"
"4439628","Convotherm (A division of Welbilt)","Convotherm","C4eD 10.10 ES-N","C4eD 10.10 ES-N","","","Combination","Type II - Floor and roll-in units","Full-size","Electric","15.9",,,"1","4",,"1","2.17","1.09",,"",,"Boiler-less/Spritzer/Injector","11",,,,"0.88",,"","","80","72",,,,"0",,"0.01",,,"",,"06/06/2025","07/01/2025","United States, Canada","ES_1123347_C4eD 10.10 ES-N_061020250910459_7322597"
"2409305","Convotherm (A division of Welbilt)","Convotherm","C4eD 10.20 EB","C4eD 10.20 EB","","","Combination","Type II - Floor and roll-in units","Full-size","Electric","22.1",,,"2","3.7",,"2","5.08","1.74",,"",,"Boiler-less/Spritzer/Injector","22",,,"22","2.52",,"","","81","65","216","348","0","0","0.25","0.02",,,"",,"02/28/2023","02/28/2023","United States, Canada","ES_1123347_C4eD 10.20 EB_05022016202644_0804621"
"2409306","Convotherm (A division of Welbilt)","Convotherm","C4eD 10.20 EB-N","C4eD 10.20 EB-N","","","Combination","Type II - Floor and roll-in units","Full-size","Electric","22.1",,,"2","3.7",,"2","5.08","1.74",,"",,"Boiler-less/Spritzer/Injector","22",,,"22","2.52",,"","","81","65","216","348","0","0","0.25","0.02",,,"",,"02/28/2023","02/28/2023","United States, Canada","ES_1123347_C4eD 10.20 EB-N_022820232223433_3440587"
"2409303","Convotherm (A division of Welbilt)","Convotherm","C4eD 10.20 ES-N","C4eD 10.20 ES-N","","","Combination","Type II - Floor and roll-in units","Full-size","Electric","27.4",,,"1","3.64",,"1","1.92","1.68",,"",,"Boiler-less/Spritzer/Injector","22",,,"22","1.56",,"","","83","76","232","337","0","0","0.07","0.03",,,"",,"02/28/2023","02/28/2023","United States, Canada","ES_1123347_C4eD 10.20 ES-N_022820232224873_9781566"
"3722617","Convotherm (A division of Welbilt)","Convotherm","C4eD 10.20 GS-N","C4eD 10.20 GS-N","","","Combination","Type I - Table, countertop, and stand mounted units","Full-size","Gas","","114,010","8,377",,"4.33","4,095",,"2.17","","6,444","0.38","7,741","Boiler-less/Spritzer/Injector","22",,,"22",,"6,899","0.33","8026","57","56","199","237","0.01",,"0.1","0.02",,,"",,"11/21/2024","11/08/2024","United States, Canada","ES_1123347_C4eD 10.20 GS-N_110820242210318_5719648"
"2453106","Convotherm (A division of Welbilt)","Convotherm","C4eD 6.20 EB","C4eD 6.20 EB","","","Combination","Type I - Table, countertop, and stand mounted units","Full-size","Electric","15.9",,,"1","5.64",,"2","8.26","1.42",,"",,"Boiler-less/Spritzer/Injector","14",,,"14","1.85",,"","","80","61","80","61",,,"0.3","0.03",,,"",,"03/01/2023","04/10/2023","United States, Canada","ES_1123347_C4eD 6.20 EB_041020231544350_2795758"
"2453107","Convotherm (A division of Welbilt)","Convotherm","C4eD 6.20 EB-N","C4eD 6.20 EB-N","","","Combination","Type I - Table, countertop, and stand mounted units","Full-size","Electric","15.9",,,"1","5.64",,"2","8.26","1.42",,"",,"Boiler-less/Spritzer/Injector","14",,,"14","1.85",,"","","80","61","80","61",,,"0.3","0.03",,,"",,"03/01/2023","04/10/2023","United States, Canada","ES_1123347_C4eD 6.20 EB-N_041020231547746_9035511"
"2409295","Convotherm (A division of Welbilt)","Convotherm","C4eD 6.20 ES","C4eD 6.20 ES","","","Combination","Type I - Table, countertop, and stand mounted units","Full-size","Electric","15.9",,,"1","4.42",,"1","2.17","1.36",,"",,"Boiler-less/Spritzer/Injector","14",,,"14","1.41",,"","","81","70","139","183","0","0","0.09","0.06",,,"",,"02/28/2023","02/28/2023","United States, Canada","ES_1123347_C4eD 6.20 ES_09102015173855_6735915"
"2409294","Convotherm (A division of Welbilt)","Convotherm","C4eD 6.20 ES-N","C4eD 6.20 ES-N","","","Combination","Type I - Table, countertop, and stand mounted units","Full-size","Electric","15.9",,,"1","4.42",,"1","2.17","1.36",,"",,"Boiler-less/Spritzer/Injector","14",,,"14","1.41",,"","","81","70","139","183","0","0","0.09","0.06",,,"",,"02/28/2023","02/28/2023","United States, Canada","ES_1123347_C4eD 6.20 ES-N_022820232222439_5533069"
"2409301","Convotherm (A division of Welbilt)","Convotherm","C4eD 6.20 GB","C4eD 6.20 GB","","","Combination","Type I - Table, countertop, and stand mounted units","Full-size","Gas","","68,200","5,187",,"4.69","9,020",,"12.67","","5,438","0.40","6,803","Boiler-less/Spritzer/Injector","14",,,"14",,"7,439","0.38","8736","62","51","132","167","0","0","0.21","0.05",,,"",,"02/28/2023","02/28/2023","United States, Canada","ES_1123347_C4eD 6.20 GB_05012015152341_3821633"
"2409300","Convotherm (A division of Welbilt)","Convotherm","C4eD 6.20 GB-N","C4eD 6.20 GB-N","","","Combination","Type I - Table, countertop, and stand mounted units","Full-size","Gas","","68,200","5,187",,"4.69","9,020",,"12.67","","5,438","0.40","6,803","Boiler-less/Spritzer/Injector","14",,,"14",,"7,439","0.38","8736","62","51","132","167","0","0","0.21","0.05",,,"",,"02/28/2023","02/28/2023","United States, Canada","ES_1123347_C4eD 6.20 GB-N_022820232223158_2212890"
"2409328","Convotherm (A division of Welbilt)","Convotherm","C4eD 6.20 GS","C4eD 6.20 GS","","","Combination","Type I - Table, countertop, and stand mounted units","Full-size","Gas","","68,200","4,977",,"4.64","2,317",,"2.33","","5,101","0.42","6,534","Boiler-less/Spritzer/Injector","14",,,"14",,"5,003","0.39","6334","62","58","141","204","0","0","0.1","0.06",,,"",,"02/28/2023","02/28/2023","United States, Canada","ES_1123347_C4eD 6.20 GS_022820232223686_3289700"
"2409291","Convotherm (A division of Welbilt)","Convotherm","C4eD 6.20 GS-N","C4eD 6.20 GS-N","","","Combination","Type I - Table, countertop, and stand mounted units","Full-size","Gas","","68,200","4,977",,"4.64","2,317",,"2.33","","5,101","0.42","6,534","Boiler-less/Spritzer/Injector","14",,,"14",,"5,003","0.39","6334","62","58","141","204","0","0","0.1","0.06",,,"",,"02/28/2023","02/28/2023","United States, Canada","ES_1123347_C4eD 6.20 GS-N_022820232223843_9814672"
"4439629","Convotherm (A division of Welbilt)","Convotherm","C4eT 10.10 ES-N","C4eT 10.10 ES-N","","","Combination","Type II - Floor and roll-in units","Full-size","Electric","15.9",,,"1","4",,"1","2.17","1.09",,"",,"Boiler-less/Spritzer/Injector","11",,,,"0.88",,"","","80","72",,,,"0",,"0.01",,,"",,"06/06/2025","07/01/2025","United States, Canada","ES_1123347_C4eT 10.10 ES-N_06102025091025_9750640"
"2409307","Convotherm (A division of Welbilt)","Convotherm","C4eT 10.20 EB","C4eT 10.20 EB","","","Combination","Type II - Floor and roll-in units","Full-size","Electric","22.1",,,"2","3.7",,"2","5.08","1.74",,"",,"Boiler-less/Spritzer/Injector","22",,,"22","2.52",,"","","81","65","216","348","0","0","0.25","0.02",,,"",,"02/28/2023","02/28/2023","United States, Canada","ES_1123347_C4eT 10.20 EB_05022016202511_0711414"
"2409308","Convotherm (A division of Welbilt)","Convotherm","C4eT 10.20 EB-N","C4eT 10.20 EB-N","","","Combination","Type II - Floor and roll-in units","Full-size","Electric","22.1",,,"2","3.7",,"2","5.08","1.74",,"",,"Boiler-less/Spritzer/Injector","22",,,"22","2.52",,"","","81","65","216","348","0","0","0.25","0.02",,,"",,"02/28/2023","02/28/2023","United States, Canada","ES_1123347_C4eT 10.20 EB-N_022820232225302_2867063"
"2409304","Convotherm (A division of Welbilt)","Convotherm","C4eT 10.20 ES-N","C4eT 10.20 ES-N","","","Combination","Type II - Floor and roll-in units","Full-size","Electric","27.4",,,"1","3.64",,"1","1.92","1.68",,"",,"Boiler-less/Spritzer/Injector","22",,,"22","1.56",,"","","83","76","232","337","0","0","0.07","0.03",,,"",,"02/28/2023","02/28/2023","United States, Canada","ES_1123347_C4eT 10.20 ES-N_022820232225927_3308544"
"3703900","Convotherm (A division of Welbilt)","Convotherm","C4eT 10.20 GS-N","C4eT 10.20 GS-N","","","Combination","Type I - Table, countertop, and stand mounted units","Full-size","Gas","","109,200","8,377",,"4.33","4,095",,"2.17","","6,444","0.38","7,741","Boiler-less/Spritzer/Injector",,,,"22",,"6,899","0.33","8025","57","56","199","237","0.01",,"0.1","0.02",,,"",,"11/01/2024","10/14/2024","United States, Canada","ES_1123347_C4eT 10.20 GS-N_101420242009166_2499396"
"2409299","Convotherm (A division of Welbilt)","Convotherm","C4eT 6.20 EB","C4eT 6.20 EB","","","Combination","Type I - Table, countertop, and stand mounted units","Full-size","Electric","15.9",,,"1","5.64",,"2","8.26","1.42",,"",,"Boiler-less/Spritzer/Injector","14",,,"14","1.85",,"","","80","61","80","213","0","0","0.3","0.03",,,"",,"02/28/2023","02/28/2023","United States, Canada","ES_1123347_C4eT 6.20 EB_05012015152443_3883825"
"2409298","Convotherm (A division of Welbilt)","Convotherm","C4eT 6.20 EB-N","C4eT 6.20 EB-N","","","Combination","Type I - Table, countertop, and stand mounted units","Full-size","Electric","15.9",,,"1","5.64",,"2","8.26","1.42",,"",,"Boiler-less/Spritzer/Injector","14",,,"14","1.85",,"","","80","61","80","213","0","0","0.3","0.03",,,"",,"02/28/2023","02/28/2023","United States, Canada","ES_1123347_C4eT 6.20 EB-N_022820232224572_8356524"
"2409296","Convotherm (A division of Welbilt)","Convotherm","C4eT 6.20 ES","C4eT 6.20 ES","","","Combination","Type I - Table, countertop, and stand mounted units","Full-size","Electric","15.9",,,"1","4.42",,"1","2.17","1.36",,"",,"Boiler-less/Spritzer/Injector","14",,,"14","1.41",,"","","81","70","139","183","0","0","0.09","0.06",,,"",,"02/28/2023","02/28/2023","United States, Canada","ES_1123347_C4eT 6.20 ES_09102015174318_6998291"
"2409297","Convotherm (A division of Welbilt)","Convotherm","C4eT 6.20 ES-N","C4eT 6.20 ES-N","","","Combination","Type I - Table, countertop, and stand mounted units","Full-size","Electric","15.9",,,"1","4.42",,"1","2.17","1.36",,"",,"Boiler-less/Spritzer/Injector","14",,,"14","1.41",,"","","81","70","139","183","0","0","0.09","0.06",,,"",,"02/28/2023","02/28/2023","United States, Canada","ES_1123347_C4eT 6.20 ES-N_022820232224658_2815441"
"2409309","Convotherm (A division of Welbilt)","Convotherm","C4eT 6.20 GB","C4eT 6.20 GB","","","Combination","Type I - Table, countertop, and stand mounted units","Full-size","Gas","","68,200","5,187",,"4.69","9,020",,"12.67","","5,438","0.40","6,803","Boiler-less/Spritzer/Injector","14",,,"14",,"7,439","0.38","8736","62","51","132","167","0","0","0.21","0.05",,,"",,"02/28/2023","02/28/2023","United States, Canada","ES_1123347_C4eT 6.20 GB_05012015152137_3697204"
"2409302","Convotherm (A division of Welbilt)","Convotherm","C4eT 6.20 GB-N","C4eT 6.20 GB-N","","","Combination","Type I - Table, countertop, and stand mounted units","Full-size","Gas","","68,200","5,187",,"4.69","9,020",,"12.67","","5,438","0.40","6,803","Boiler-less/Spritzer/Injector","14",,,"14",,"7,439","0.38","8736","62","51","132","167","0","0","0.21","0.05",,,"",,"02/28/2023","02/28/2023","United States, Canada","ES_1123347_C4eT 6.20 GB-N_022820232224667_2539639"
"2409293","Convotherm (A division of Welbilt)","Convotherm","C4eT 6.20 GS","C4eT 6.20 GS","","","Combination","Type I - Table, countertop, and stand mounted units","Full-size","Gas","","68,200","4,977",,"4.64","2,317",,"2.33","","5,101","0.42","6,534","Boiler-less/Spritzer/Injector","14",,,"14",,"5,003","0.39","6334","62","58","141","204","0","0","0.1","0.06",,,"",,"02/28/2023","02/28/2023","United States, Canada","ES_1123347_C4eT 6.20 GS_11242015224059_4859981"
"2409292","Convotherm (A division of Welbilt)","Convotherm","C4eT 6.20 GS-N","C4eT 6.20 GS-N","","","Combination","Type I - Table, countertop, and stand mounted units","Full-size","Gas","","68,200","4,977",,"4.64","2,317",,"2.33","","5,101","0.42","6,534","Boiler-less/Spritzer/Injector","14",,,"14",,"5,003","0.39","6334","62","58","141","204","0","0","0.1","0.06",,,"",,"02/28/2023","02/28/2023","United States, Canada","ES_1123347_C4eT 6.20 GS-N_022820232224510_9590569"
"4439623","Convotherm (A division of Welbilt)","Convotherm","Cmn 10.10 pro","Cmn 10.10 pro","","","Combination","Type II - Floor and roll-in units","Full-size","Electric","8.3",,,"1","4.92",,"0","2.08","0.72",,"",,"Boiler-less/Spritzer/Injector","8",,,,"0.89",,"","","80","70",,,,"0",,"0.13",,,"",,"06/06/2025","07/01/2025","United States, Canada","ES_1123347_Cmn 10.10 pro_061020250910421_5141589"
"3436247","HOUNÖ A/S","Houno","Invoq Combi 10 1/1 GN (PT)","Combi 10 1/1","","","Combination","Type I - Table, countertop, and stand mounted units","","Electric","19.3",,,"1","4.13",,"1","3.11","1.01",,"",,"Boiler-less/Spritzer/Injector","10",,,"10","0.73",,"","","78","62","83.96","96.78","0.01","0.01","0.16","0.16",,,"",,"12/01/2023","04/05/2024","United States, Canada","ES_1148949_Hybrid 10 1/1_04122024162410_80198196"
"3436279","HOUNÖ A/S","Houno","Invoq Combi 10 2/1 GN","Combi 10 2/1","","","Combination","Type I - Table, countertop, and stand mounted units","Full-size","Electric","31.3",,,"2","3.09",,"1","1.45","1.2",,"",,"Boiler-less/Spritzer/Injector","20",,,"20","0.61",,"","","81","73","161.3","134.1","0","0.01","0.07","0.01",,,"",,"12/01/2023","04/05/2024","United States, Canada","ES_1148949_Hybrid 10 2/1_04122024162997_80198196"
"3436295","HOUNÖ A/S","Houno","Invoq Combi 20 1/1 GN","Combi 20 1/1","","","Combination","Type II - Floor and roll-in units","Half-size","Electric","38.2",,,"3","4.33",,"1","2.12","1.74",,"",,"Boiler-less/Spritzer/Injector","20",,,"20","0.93",,"","","78","70","173.34","176.72","1.34","0.01","0.09","0.02",,,"",,"12/01/2023","04/05/2024","United States, Canada","ES_1148949_Hybrid 20 1/1_04122024162194_80198196"
"3436311","HOUNÖ A/S","Houno","Invoq Combi 20 2/1 GN","Combi 20 2/1","","","Combination","Type II - Floor and roll-in units","Full-size","Electric","62.2",,,"3","2.59",,"2","1.57","2",,"",,"Boiler-less/Spritzer/Injector","40",,,"40","0.99",,"","","81","78","329.63","307.93","0","0","0.05","0.01",,,"",,"12/01/2023","04/05/2024","United States, Canada","ES_1148949_Hybrid 20 2/1_04122024161111_80198196"
"3436231","HOUNÖ A/S","Houno","Invoq Combi 6 1/1 GN (PT)","Combi 6 1/1","","","Combination","Type I - Table, countertop, and stand mounted units","","Electric","10.3",,,"1","6.57",,"1","9.42","0.8",,"",,"Boiler-less/Spritzer/Injector","7",,,"7","0.62",,"","","78","58","59.56","71.43","0.02","0.02","0.22","0.22",,,"",,"12/01/2023","04/05/2024","United States, Canada","ES_1148949_Hybrid 6 1/1_04122024162450_80198196"
"3436263","HOUNÖ A/S","Houno","Invoq Combi 6 2/1 GN","Combi 6 2/1","","","Combination","Type I - Table, countertop, and stand mounted units","Full-size","Electric","22.3",,,"2","4.25",,"1","2.43","1.1",,"",,"Boiler-less/Spritzer/Injector","14",,,"14","0.64",,"","","80","75","112.6","168.2","0.09","0.02","0.07","0.01",,,"",,"12/01/2023","04/05/2024","United States, Canada","ES_1148949_Hybrid 6 2/1_04122024162754_80198196"
"3436248","HOUNÖ A/S","Houno","Invoq Hybrid 10 1/1 GN (PT)","Hybrid 10 1/1","","","Combination","Type I - Table, countertop, and stand mounted units","","Electric","19.3",,,"1","4.13",,"1","7.4","1.01",,"",,"Boiler/Steam Generator","10",,,"10","0.83",,"","","78","59","83.96","114.11","0.01","0.01","0.11","0.11",,,"",,"12/01/2023","04/05/2024","United States, Canada","ES_1148949_Combi 6 2/1_04122024162420_80198196"
"3436280","HOUNÖ A/S","Houno","Invoq Hybrid 10 2/1 GN","Hybrid 10 2/1","","","Combination","Type I - Table, countertop, and stand mounted units","Full-size","Electric","31.3",,,"2","3.09",,"2","7.06","1.2",,"",,"Boiler/Steam Generator","20",,,"20","0.69",,"","","81","72","161.3","155.5","0","0.01","0.08","0.01",,,"",,"12/01/2023","04/05/2024","United States, Canada","ES_1148949_Combi 20 1/1_04122024162998_80198196"
"3436296","HOUNÖ A/S","Houno","Invoq Hybrid 20 1/1 GN","Hybrid 20 1/1","","","Combination","Type II - Floor and roll-in units","Half-size","Electric","38.2",,,"3","4.33",,"3","11.41","1.74",,"",,"Boiler/Steam Generator","20",,,"20","1.05",,"","","78","67","173.34","225.95","1.34","0.01","0.08","0.02",,,"",,"12/01/2023","04/05/2024","United States, Canada","ES_1148949_Combi 20 2/1_04122024162193_80198196"
"3436312","HOUNÖ A/S","Houno","Invoq Hybrid 20 2/1 GN","Hybrid 20 2/1","","","Combination","Type II - Floor and roll-in units","Full-size","Electric","62.2",,,"3","2.59",,"3","11.4","2",,"",,"Boiler/Steam Generator","40",,,"40","1.08",,"","","81","77","329.63","389.34","0","0","0.06","0.01",,,"",,"12/01/2023","04/05/2024","United States, Canada","ES_1148949_Combi 6 1/1_04122024162222_80198196"
"3436232","HOUNÖ A/S","Houno","Invoq Hybrid 6 1/1 GN (PT)","Hybrid 6 1/1","","","Combination","Type I - Table, countertop, and stand mounted units","","Electric","10.3",,,"1","6.57",,"1","9.42","0.8",,"",,"Boiler/Steam Generator","7",,,"7","0.62",,"","","78","64","59.56","76.11","0.02","0.02","0.11","0.11",,,"",,"12/01/2023","04/05/2024","United States, Canada","ES_1148949_Combi 10 1/1_04122024162451_80198196"
"3436264","HOUNÖ A/S","Houno","Invoq Hybrid 6 2/1 GN","Hybrid 6 2/1","","","Combination","Type I - Table, countertop, and stand mounted units","Full-size","Electric","22.3",,,"2","4.25",,"1","3.09","1.1",,"",,"Boiler/Steam Generator","14",,,"14","0.67",,"","","80","71","112.6","166.3","0.09","0.02","0.09","0.01",,,"",,"12/01/2023","04/05/2024","United States, Canada","ES_1148949_Combi 10 2/1_04122024162457_80198196"
"3436257","HOUNÖ A/S","Leventi","Invoq Combi 10 1/1 GN (PT)","Combi 10 1/1","","","Combination","Type I - Table, countertop, and stand mounted units","","Electric","19.3",,,"1","4.13",,"1","3.11","1.01",,"",,"Boiler-less/Spritzer/Injector","10",,,"10","0.73",,"","","78","62","83.96","96.78","0.01","0.01","0.16","0.16",,,"",,"12/01/2023","04/05/2024","United States, Canada","ES_1148949_Hybrid 10 1/1_04122024162411_80198196"
"3436287","HOUNÖ A/S","Leventi","Invoq Combi 10 2/1 GN","Combi 10 2/1","","","Combination","Type I - Table, countertop, and stand mounted units","Full-size","Electric","31.3",,,"2","3.09",,"1","1.45","1.2",,"",,"Boiler-less/Spritzer/Injector","20",,,"20","0.61",,"","","81","73","161.3","134.1","0","0.01","0.07","0.01",,,"",,"12/01/2023","04/05/2024","United States, Canada","ES_1148949_Hybrid 10 2/1_04122024162991_80198196"
"3436305","HOUNÖ A/S","Leventi","Invoq Combi 20 1/1 GN","Combi 20 1/1","","","Combination","Type II - Floor and roll-in units","Half-size","Electric","38.2",,,"3","4.33",,"1","2.12","1.74",,"",,"Boiler-less/Spritzer/Injector","20",,,"20","0.93",,"","","78","70","173.34","176.72","1.34","0.01","0.09","0.02",,,"",,"12/01/2023","04/05/2024","United States, Canada","ES_1148949_Hybrid 20 1/1_04122024162184_80198196"
"3436321","HOUNÖ A/S","Leventi","Invoq Combi 20 2/1 GN","Combi 20 2/1","","","Combination","Type II - Floor and roll-in units","Full-size","Electric","62.2",,,"3","2.59",,"2","1.57","2",,"",,"Boiler-less/Spritzer/Injector","40",,,"40","0.99",,"","","81","78","329.63","307.93","0","0","0.05","0.01",,,"",,"12/01/2023","04/05/2024","United States, Canada","ES_1148949_Hybrid 20 2/1_04122024165498_80198196"
"3436241","HOUNÖ A/S","Leventi","Invoq Combi 6 1/1 GN (PT)","Combi 6 1/1","","","Combination","Type I - Table, countertop, and stand mounted units","","Electric","10.3",,,"1","6.57",,"1","9.42","0.8",,"",,"Boiler-less/Spritzer/Injector","7",,,"7","0.62",,"","","78","58","59.56","71.43","0.02","0.02","0.22","0.22",,,"",,"12/01/2023","04/05/2024","United States, Canada","ES_1148949_Hybrid 6 1/1_041220241624510_80198196"
"3436273","HOUNÖ A/S","Leventi","Invoq Combi 6 2/1 GN","Combi 6 2/1","","","Combination","Type I - Table, countertop, and stand mounted units","Full-size","Electric","22.3",,,"2","4.25",,"1","2.43","1.1",,"",,"Boiler-less/Spritzer/Injector","14",,,"14","0.64",,"","","80","75","112.6","168.2","0.09","0.02","0.07","0.01",,,"",,"12/01/2023","04/05/2024","United States, Canada","ES_1148949_Hybrid 6 2/1_04122024162764_80198196"
"3436258","HOUNÖ A/S","Leventi","Invoq Hybrid 10 1/1 GN (PT)","Hybrid 10 1/1","","","Combination","Type I - Table, countertop, and stand mounted units","","Electric","19.3",,,"1","4.13",,"1","7.4","1.01",,"",,"Boiler/Steam Generator","10",,,"10","0.83",,"","","78","59","83.96","114.11","0.01","0.01","0.11","0.11",,,"",,"12/01/2023","04/05/2024","United States, Canada","ES_1148949_Combi 6 2/1_04122024162433_80198196"
"3436288","HOUNÖ A/S","Leventi","Invoq Hybrid 10 2/1 GN","Hybrid 10 2/1","","","Combination","Type I - Table, countertop, and stand mounted units","Full-size","Electric","31.3",,,"2","3.09",,"2","7.06","1.2",,"",,"Boiler/Steam Generator","20",,,"20","0.69",,"","","81","72","161.3","155.5","0","0.01","0.08","0.01",,,"",,"12/01/2023","04/05/2024","United States, Canada","ES_1148949_Combi 20 1/1_04122024162691_80198196"
"4015840","LAINOX ALI Group S.r.l","Lainox","NAE062BS","NAE062BS",",SAE062BS,","","Combination","Type I - Table, countertop, and stand mounted units","Full-size","Electric","22.2",,"0",,"5.67","0",,"5.83","1.09","0","0.00","0","Boiler/Steam Generator","12",,,"12","1.43","0","0.00","0","81","67","116.76","226.09","0.15","0","0.25","0.06","0","0","No","0","03/28/2025","04/16/2025","United States, Canada","ES_1138848_NAE062BS, SAE062BS_04072025111932_2187311"
"4015839","LAINOX ALI Group S.r.l","Lainox","NAE062BV","NAE062BV",",SAE062BV,","","Combination","Type I - Table, countertop, and stand mounted units","Full-size","Electric","22.2",,"0",,"5.67","0",,"1.83","1.09","0","0.00","0","Boiler-less/Spritzer/Injector","12",,,"12","1.4","0","0.00","0","81","69","116.76","139.47","0.15","0","0.18","0.11","0","0","No","0","03/28/2025","04/16/2025","United States, Canada","ES_1138848_NAE062BV_04162025113942_1837884"
"3798590","LAINOX ALI Group S.r.l","Lainox","NAE101BS","NAE101BS",",SAE101BS,","","Combination","Type I - Table, countertop, and stand mounted units","Half-size","Electric","18.7",,"0",,"3.83","0",,"7","1.1","0","0.00","0","Boiler/Steam Generator","10",,"10",,"1.9","0","0.00","0","79","58","87.36","212.68","0.01","0","0.28","0.09","0","0","No","0","05/10/2024","11/12/2024","United States, Canada","ES_1138848_NAE101BS, SAE101BS._10162024115246_7944909"
"3891798","LAINOX ALI Group S.r.l","Lainox","NAE101BV","NAE101BV",",SAE101BV,","","Combination","Type I - Table, countertop, and stand mounted units","Half-size","Electric","18.7",,"0",,"3.83","0",,"2.33","1.1","0","0.00","0","Boiler-less/Spritzer/Injector","10",,"10",,"1.62","0","0.00","0","79","60","87.36","112.06","0.01","0","0.28","0.07","0","0","No","0","05/10/2024","12/20/2024","United States, Canada","ES_1138848_NAE101BV_11262024183305_2710077"
"4015838","LAINOX ALI Group S.r.l","Lainox","NAE102BS","NAE102BS",",SAE102BS,","","Combination","Type I - Table, countertop, and stand mounted units","Full-size","Electric","36.7",,"0",,"2.83","0",,"4.33","1.08","0","0.00","0","Boiler/Steam Generator","20",,,"20","1.51","0","0.00","0","82","66","177.77","329.8","0.21","0","0.38","0.04","0","0","No","0","03/28/2025","04/16/2025","United States, Canada","ES_1138848_NAE102BS_04162025114527_2161218"
"4015987","LAINOX ALI Group S.r.l","Lainox","NAE102BV","NAE102BV",",SAE102BV,","","Combination","Type I - Table, countertop, and stand mounted units","Full-size","Electric","36.7",,"0",,"2.83","0",,"1.83","1.08","0","0.00","0","Boiler-less/Spritzer/Injector","20",,,"20","1.46","0","0.00","0","81","78","177.77","270.94","0.21","0","0.21","0.2","0","0","No","0","03/28/2025","04/21/2025","United States, Canada","ES_1138848_NAE102BV, SAE102BV_04162025115053_5314905"
"4481068","LAINOX ALI Group S.r.l","Lainox","NAE201BS","NAE201BS",",SAE201BS,","","Combination","Type II - Floor and roll-in units","Half-size","Electric","37.2",,"0","2","4","0","3","5.83","1.97","0","0.00","0","Boiler/Steam Generator","20",,"20",,"2.6","0","0.00","0","78","68","189.2","372.57","0.11","0","0.15","0.03","0","0","No","0","06/27/2025","08/04/2025","United States, Canada","ES_1138848_NAE201BS_07242025171049_262262"
"4012674","LAINOX ALI Group S.r.l","Lainox","NAG061BS","NAG061BS",",SAG061BS,","","Combination","Type I - Table, countertop, and stand mounted units","Half-size","Gas","","51,200","4,416",,"6","10,380",,"21","","4,129","0.09","4,449","Boiler/Steam Generator","6",,"6",,,"5,007","0.42","6435","58","46","55.09","103.13","0","0","0.19","0.17",,,"No",,"08/16/2024","04/10/2025","United States, Canada","ES_1138848_NAG061BS_01282025134650_3581354"
"4481292","LAINOX ALI Group S.r.l","Lainox","NAG061BV","NAG061BV",",SAG061BV,","","Combination","Type I - Table, countertop, and stand mounted units","Half-size","Gas","","44,400","4,416",,"6","3,984",,"5.17","","4,129","0.09","4,449","Boiler-less/Spritzer/Injector","6",,"6",,,"5,961","0.43","7434","58","46","55.09","85.07","0","0","0.36","0.94",,,"No",,"07/02/2025","08/13/2025","United States, Canada","ES_1138848_NAG061BV_08042025173221_341455"
"4481069","LAINOX ALI Group S.r.l","Lainox","NAG062BS","NAG062BS",",SAG062BS,","","Combination","Type I - Table, countertop, and stand mounted units","Full-size","Gas","","102,400","5,926",,"4.67","8,398",,"8.67","","4,534","0.07","4,776","Boiler/Steam Generator","12",,,"12",,"5,146","0.43","6618","61","48","96.18","187.69","0.05","0","0.21","0.05",,,"No",,"04/24/2025","08/04/2025","United States, Canada","ES_1138848_NAG062BS_07242025161418_6217004"
"4481067","LAINOX ALI Group S.r.l","Lainox","NAG101BS","NAG101BS",",SAG101BS,","","Combination","Type I - Table, countertop, and stand mounted units","Half-size","Gas","","85,400","6,526",,"9.5","8,476",,"10.17","","4,823","0.07","5,067","Boiler/Steam Generator","10",,"10",,,"6,201","0.36","7417","61","49","94.61","200.39","0.09",,"0.22","0.06",,,"No",,"06/06/2025","08/04/2025","United States, Canada","ES_1138848_NAG101BS_07242025173814_1078149"
"4498391","LAINOX ALI Group S.r.l","Lainox","NAG101BV","NAG101BV",",SAG101BV,","","Combination","Type I - Table, countertop, and stand mounted units","Half-size","Gas","","75,100","6,526",,"9.5","6,320",,"4.83","","4,823","0.07","5,067","Boiler-less/Spritzer/Injector","10",,"10",,,"6,388","0.36","7604","61","54","94.61","140.83","0.09","0","0.1","0.39",,,"No",,"05/27/2025","09/04/2025","United States, Canada","ES_1138848_NAG101BV_08052025134651_1607324"
"4015989","LAINOX ALI Group S.r.l","Lainox","NAG102BS","NAG102BS",",SAG102BS,","","Combination","Type I - Table, countertop, and stand mounted units","Full-size","Gas","","170,700","8,321",,"9.83","13,169",,"5.83","","6,097","0.12","6,498","Boiler/Steam Generator","20",,,"20",,"8,874","0.39","10204","58","48","187.63","333.74","0.17","0","0.22","0.08",,,"No",,"04/16/2025","04/21/2025","United States, Canada","ES_1138848_NAG102BS, SAG102BS_04162025115515_7555810"
"2406441","LBC Bakery Equipment","LBC Bakery","LRO-1G6","LRO-1G6","","","Rack","Type II - Floor and roll-in units","Full-size","Gas","","175,000",,,"20",,,,"",,"","14,413","Boiler-less/Spritzer/Injector",,,,,,,"","",,,,,,,,,"61","152.76","","1.56","12/01/2022","01/03/2023","United States, Canada","LRO-1G6"
"2406442","LBC Bakery Equipment","LBC Bakery","LRO-2G6","LRO-2G6","","","Rack","Type II - Floor and roll-in units","Full-size","Gas","","290,000",,,"20",,,,"",,"","17,369","Boiler-less/Spritzer/Injector",,,,,,,"","",,,,,,,,,"71","304.7","","3.42","12/01/2022","01/03/2023","United States, Canada","LRO-2G6"
"2470756","MKN Maschinenfabrik Kurt Neubauer","Henny Penny","FPE115","115","","","Combination","Type I - Table, countertop, and stand mounted units","Full-size","Electric","15.7",,,"2","60",,"1","60","1.06",,"",,"Boiler-less/Spritzer/Injector","10",,"10",,"1.64",,"","","80","56","99.5","137.63","0","0","0.24","0.24",,,"",,"01/01/2014","04/21/2023","United States, Canada","ES_1138805_115_04242023141119_80159997"
"2470751","MKN Maschinenfabrik Kurt Neubauer","Henny Penny","FPE121","121","","","Combination","Type I - Table, countertop, and stand mounted units","Full-size","Electric","27.3",,,"2","60",,"3","60","1.11",,"",,"Boiler-less/Spritzer/Injector","20",,"20","10","2.13",,"","","90","68","197.71","252.67","0","0","0.19","0.22",,,"",,"01/01/2014","04/21/2023","United States, Canada","ES_1138805_121_04242023141118_80159997"
"2470754","MKN Maschinenfabrik Kurt Neubauer","Henny Penny","FPE215","215","","","Combination","Type II - Floor and roll-in units","Full-size","Electric","31.6",,,"4","60",,"5","60","1.5",,"",,"Boiler-less/Spritzer/Injector","20",,"20",,"3.14",,"","","90","60","173.56","391.62","0","0","0.22","0.36",,,"",,"01/01/2014","04/21/2023","United States, Canada","ES_1138805_215_04242023141119_80159997"
"2470758","MKN Maschinenfabrik Kurt Neubauer","Henny Penny","FSE610","610","","","Combination","Type I - Table, countertop, and stand mounted units","Full-size","Electric","7.4",,,"1","60",,"1","60","0.63",,"",,"Boiler-less/Spritzer/Injector","6",,"6",,"1.09",,"","","80","62","55.99","95.87","0","0","0.26","0.32",,,"",,"01/01/2014","04/21/2023","United States, Canada","ES_1138805_610_04242023141119_80159997"
"2636219","MKN Maschinenfabrik Kurt Neubauer","Henny Penny","FSEN610","610","","","Combination","Type I - Table, countertop, and stand mounted units","Full-size","Electric","7.4",,,"1","60",,"1","60","0.63",,"",,"Boiler-less/Spritzer/Injector","6",,"6",,"1.09",,"","","80","62","55.99","95.87","0","0","0.26","0.32",,,"",,"01/01/2014","04/21/2023","United States, Canada","ES_1138805_610_08212023113332_80174816"
"2470750","MKN Maschinenfabrik Kurt Neubauer","Henny Penny","FPE621","621","","","Combination","Type I - Table, countertop, and stand mounted units","Full-size","Electric","17.4",,,"1","4.38",,"1","6.22","0.92",,"",,"Boiler-less/Spritzer/Injector","12",,"12","6","2.02",,"","","90","59","107.1","172.12","0","0","0.25","0.36",,,"",,"01/01/2014","04/21/2023","United States, Canada","ES_1138805_621_04242023141119_80159997"
"2470755","MKN Maschinenfabrik Kurt Neubauer","MKN Maschinenfabrik Kurt Neubauer GmbH & Co.KG","FKECOD115T","115","","","Combination","Type I - Table, countertop, and stand mounted units","Full-size","Electric","15.7",,,"2","60",,"1","60","1.06",,"",,"Boiler-less/Spritzer/Injector","10",,"10",,"1.64",,"","","80","56","99.5","137.63","0","0","0.24","0.24",,,"",,"01/01/2014","04/21/2023","United States, Canada","ES_1138805_115_04242023141118_80159997"
"2470752","MKN Maschinenfabrik Kurt Neubauer","MKN Maschinenfabrik Kurt Neubauer GmbH & Co.KG","FKECOD121T","121","","","Combination","Type I - Table, countertop, and stand mounted units","Full-size","Electric","27.3",,,"2","60",,"3","60","1.11",,"",,"Boiler-less/Spritzer/Injector","20",,"20","10","2.13",,"","","90","68","197.71","252.67","0","0","0.19","0.22",,,"",,"01/01/2014","04/21/2023","United States, Canada","ES_1138805_121_04242023141119_80159997"
"2470753","MKN Maschinenfabrik Kurt Neubauer","MKN Maschinenfabrik Kurt Neubauer GmbH & Co.KG","FKECOD215T","215","","","Combination","Type II - Floor and roll-in units","Full-size","Electric","31.6",,,"4","60",,"5","60","1.5",,"",,"Boiler-less/Spritzer/Injector","20",,"20",,"3.14",,"","","90","60","173.56","319.62","0","0","0.22","0.36",,,"",,"01/01/2014","04/21/2023","United States, Canada","ES_1138805_215_04242023141118_80159997"
"2470757","MKN Maschinenfabrik Kurt Neubauer","MKN Maschinenfabrik Kurt Neubauer GmbH & Co.KG","SKECOD610T","610","","","Combination","Type I - Table, countertop, and stand mounted units","Full-size","Electric","7.4",,,"1","60",,"1","60","0.63",,"",,"Boiler-less/Spritzer/Injector","6",,"6",,"1.09",,"","","80","62","55.99","95.87","0","0","0.26","0.32",,,"",,"01/01/2014","04/21/2023","United States, Canada","ES_1138805_610_04242023141118_80159997"
"2470749","MKN Maschinenfabrik Kurt Neubauer","MKN Maschinenfabrik Kurt Neubauer GmbH & Co.KG","FKECOD621T","621","","","Combination","Type I - Table, countertop, and stand mounted units","Full-size","Electric","17.4",,,"1","4.38",,"1","6.22","0.92",,"",,"Boiler-less/Spritzer/Injector","12",,"12","6","2.02",,"","","90","59","107.1","172.12","0","0","0.25","0.36",,,"",,"01/01/2014","04/21/2023","United States, Canada","ES_1138805_621_04242023141118_80159997"
"3891044","Moffat Limited","Moffat Limited","E22M3","E22M3","","","Convection","Type I - Table, countertop, and stand mounted units","Half-size","Electric","2.7",,,"0","7.35",,,,"0.62",,"",,"Boiler-less/Spritzer/Injector",,,"3",,,,"","","71",,"27.3",,,,,,,,"",,"05/24/2010","08/23/2024","United States, Canada","ES_1086631_E22M3_12132024152912_1002713"
"3891776","Moffat Limited","Moffat Limited","E23D3","E23D3","","","Convection","Type I - Table, countertop, and stand mounted units","Half-size","Electric","2.7",,,"0","7.35",,,,"0.62",,"",,"Boiler-less/Spritzer/Injector",,,"3",,,,"","","71",,"27.3",,,,,,,,"",,"05/24/2010","08/23/2024","United States, Canada","ES_1086631_E23D3_12132024152912_1002715"
"3891775","Moffat Limited","Moffat Limited","E23M3","E23M3","","","Convection","Type I - Table, countertop, and stand mounted units","Half-size","Electric","2.7",,,"0","7.35",,,,"0.62",,"",,"Boiler-less/Spritzer/Injector",,,"3",,,,"","","71",,"27.3",,,,,,,,"",,"05/24/2010","08/23/2024","United States, Canada","ES_1086631_E23M3_12132024152912_1002714"
"2406731","Moffat Limited","Moffat Limited","E32D4","E32D4","","","Convection","Type I - Table, countertop, and stand mounted units","Full-size","Electric","5.8",,,"1","7.8",,,,"0.95",,"",,"Boiler-less/Spritzer/Injector",,,,"4",,,"","","78",,"68.5",,,,,,,,"","0.06","08/01/2014","11/05/2014","United States, Canada","EES_1086631_E32D4_11052014131801_1002268"
"2406730","Moffat Limited","Moffat Limited","E32D5","E32D5","E32T5,E32T5,","","Convection","Type I - Table, countertop, and stand mounted units","Full-size","Electric","5.8",,,"1","7.8",,,,"0.95",,"",,"Boiler-less/Spritzer/Injector",,,,"5",,,"","","81",,"79.1",,,,,,,,"","0.06","05/01/2013","03/06/2023","United States, Canada","ES_1086631_E32D5_07292013092025_1002238"
"2406729","Moffat Limited","Moffat Limited","E33T5","E33T5","E33D5,E33D5,","","Convection","Type I - Table, countertop, and stand mounted units","Half-size","Electric","6",,,"1","7.8",,,,"0.76",,"",,"Boiler-less/Spritzer/Injector",,,"5",,,,"","","79",,"59.8",,,,,,,,"","0.06","11/08/2017","11/08/2017","United States, Canada","ES_1086631_E33T5_07292013092025_1002237"
"3360649","MVP Group Corp.","IKON","IGCO","IGCO",",IGCO-2,","","Convection","Type II - Floor and roll-in units","Full-size","Gas","","54,000","9,041",,"10.06",,,,"","8,272","","8,272","Boiler-less/Spritzer/Injector",,,,"5",,,"","","50",,"80.1",,,,,,,,"",,"01/03/2024","01/09/2024","United States, Canada","ES_1092313_IGCO_01082024134443_6310388"
"2407118","Rational","Rational AG","iCombiPro 6-2/3 elec.","LM100AE",",,6-2/3 elec.","","Combination","Type I - Table, countertop, and stand mounted units","Two-thirds size","Electric","5.7",,,"0","8.5",,"0","5.34","0.46",,"",,"Boiler/Steam Generator","4","4",,,"0.41",,"","","76","57","28","56.3","0","0","0.11","0.03",,,"",,"05/05/2020","01/19/2023","United States, Canada","ES_1088380_LM100AE_01192023124852_80151055"
"2407120","Rational","Rational AG","iCombiPro 6-half elec.","LM100BE",",,6-1/1 elec.","","Combination","Type I - Table, countertop, and stand mounted units","Half-size","Electric","10.8",,,"1","3.42",,"1","6.17","0.71",,"",,"Boiler/Steam Generator","6",,"6",,"0.82",,"","","80","59","65.6","103.3","0","0","0.24","0.05",,,"",,"05/05/2020","01/19/2023","United States, Canada","ES_1088380_LM100BE_01192023124852_80151055"
"2407114","Rational","Rational AG","iCombiPro 6-half gas","LM100BG",",,6-1/1 gas","","Combination","Type I - Table, countertop, and stand mounted units","Half-size","Gas","","49,500","2,830",,"10.83","4,129",,"5.67","","3,061","0.06","3,266","Boiler/Steam Generator","6",,"6",,,"3,960","0.09","4267","62","50","63.3","118.9","0","0","0.15","0.05",,,"",,"05/05/2020","01/19/2023","United States, Canada","ES_1088380_LM100BG_01192023124852_80151055"
"2407117","Rational","Rational AG","iCombiPro 6-full elec.","LM100CE",",,6-2/1 elec.","","Combination","Type I - Table, countertop, and stand mounted units","Full-size","Electric","22.4",,,"1","3.27",,"2","6.46","0.98",,"",,"Boiler/Steam Generator","12",,,"6","0.84",,"","","82","57","116.6","217.03","0","0","0.39","0.02",,,"",,"05/05/2020","01/19/2023","United States, Canada","ES_1088380_LM100CE_01192023124852_80151055"
"2407111","Rational","Rational AG","iCombiPro 6-full gas","LM100CG",",,6-2/1 gas","","Combination","Type I - Table, countertop, and stand mounted units","Full-size","Gas","","106,500","3,636",,"2.4","5,919",,"4.92","","3,847","0.17","4,427","Boiler/Steam Generator","12",,,"6",,"4,106","0.13","4536","66","55","106.97","238.94","0","0","0.19","0.02",,,"",,"05/05/2020","01/19/2023","United States, Canada","ES_1088380_LM100CG_01192023124852_80151055"
"2407122","Rational","Rational AG","iCombiPro 10-half elec.","LM100DE",",,10-1/1 elec.","","Combination","Type I - Table, countertop, and stand mounted units","Half-size","Electric","18.9",,,"1","3.17",,"1","3.75","0.84",,"",,"Boiler/Steam Generator","10",,"10",,"0.77",,"","","80","63","108.5","199.2","0","0","0.33","0.08",,,"",,"05/05/2020","01/19/2023","United States, Canada","ES_1088380_LM100DE_01192023124852_80151055"
"2407115","Rational","Rational AG","iCombiPro 10-half gas","LM100DG",",,10-1/1 gas","","Combination","Type I - Table, countertop, and stand mounted units","Half-size","Gas","","83,500","4,307",,"3.33","8,114",,"7.93","","3,759","0.16","4,305","Boiler/Steam Generator","10",,"10",,,"6,109","0.12","6518","64","55","97.93","194.03","0.01","0.01","0.17","0.06",,,"",,"05/05/2020","01/19/2023","United States, Canada","ES_1088380_LM100DG_01192023124852_80151055"
"2407119","Rational","Rational AG","iCombiPro 10-full elec.","LM100EE",",,10-2/1 elec.","","Combination","Type I - Table, countertop, and stand mounted units","Full-size","Electric","37.4",,,"1","7",,"2","3.5","1.22",,"",,"Boiler/Steam Generator","20",,,"10","1.19",,"","","82","64","205.7","383.2","0","0","0.16","0.03",,,"",,"05/05/2020","01/19/2023","United States, Canada","ES_1088380_LM100EE_01192023124852_80151055"
"2407116","Rational","Rational AG","iCombiPro 10-full gas","LM100EG",",,10-2/1 gas","","Combination","Type I - Table, countertop, and stand mounted units","Full-size","Gas","","152,000","6,729",,"2.67","9,497",,"3.75","","5,140","0.23","5,925","Boiler/Steam Generator","20",,,"10",,"6,653","0.14","7131","64","57","190.66","374.79","0","0","0.13","0.03",,,"",,"05/05/2020","01/19/2023","United States, Canada","ES_1088380_LM100EG_01192023124852_80151055"
"2407121","Rational","Rational AG","iCombiPro 20-half elec.","LM100FE",",,20-1/1 elec.","","Combination","Type II - Floor and roll-in units","Half-size","Electric","37",,,"2","3",,"2","3.83","1.59",,"",,"Boiler/Steam Generator","20",,"20",,"1.63",,"","","80","64","207.9","447.3","0","0","0.27","0.08",,,"",,"05/05/2020","01/19/2023","United States, Canada","ES_1088380_LM100FE_01192023124852_80151055"
"2407112","Rational","Rational AG","iCombiPro 20-half gas","LM100FG",",,20-1/1 gas","","Combination","Type II - Floor and roll-in units","Half-size","Gas","","159,500","6,681",,"4.67","9,847",,"6.25","","6,015","0.94","9,222","Boiler/Steam Generator","20",,"20",,,"6,538","0.23","7323","65","52","190.4","407.4","0","0","0.24","0.04",,,"",,"05/05/2020","01/19/2023","United States, Canada","ES_1088380_LM100FG_01192023124852_80151055"
"2407123","Rational","Rational AG","iCombiPro 20-full elec.","LM100GE",",,20-2/1 elec.","","Combination","Type II - Floor and roll-in units","Full-size","Electric","67.9",,,"2","1.75",,"4","7.42","2.25",,"",,"Boiler/Steam Generator","40",,,"20","1.84",,"","","82","61","355.64","735.11","0","0","0.22","0.01",,,"",,"05/05/2020","01/19/2023","United States, Canada","ES_1088380_LM100GE_01192023124852_80151055"
"2407113","Rational","Rational AG","iCombiPro 20-full gas","LM100GG",",,20-2/1 gas","","Combination","Type II - Floor and roll-in units","Full-size","Gas","","303,500","14,615",,"8.5","14,551",,"5","","7,401","0.48","9,039","Boiler/Steam Generator","40",,,"20",,"7,813","0.24","8632","62","58","414.2","667.5","0","0","0.25","0.02",,,"",,"05/05/2020","01/19/2023","United States, Canada","ES_1088380_LM100GG_01192023124852_80151055"
"2407128","Rational","Rational AG","iCombiClassic 6-half elec.","LM200BE",",,6-1/1 elec.","","Combination","Type I - Table, countertop, and stand mounted units","Half-size","Electric","10.8",,,"1","3.67",,"1","6.53","0.75",,"",,"Boiler/Steam Generator","6",,"6",,"0.81",,"","","78","60","54.51","103.88","0","0","0.23","0.05",,,"",,"05/05/2020","01/19/2023","United States, Canada","ES_1088380_LM200BE_01192023124852_80151055"
"2407127","Rational","Rational AG","iCombiClassic 6-half gas","LM200BG",",,6-1/1 gas","","Combination","Type I - Table, countertop, and stand mounted units","Half-size","Gas","","49,500","2,492",,"3","5,174",,"7.32","","3,581","0.33","4,707","Boiler/Steam Generator","6",,"6",,,"3,293","0.40","4658","60","52","54","107.11","0.02","0.03","0.2","0.07",,,"",,"05/05/2020","01/19/2023","United States, Canada","ES_1088380_LM200BG_01192023124852_80151055"
"2407126","Rational","Rational AG","iCombiClassic 6-full elec.","LM200CE",",,6-2/1 elec.","","Combination","Type I - Table, countertop, and stand mounted units","Full-size","Electric","22.4",,,"1","2",,"2","6.32","1.13",,"",,"Boiler/Steam Generator","12",,,"6","0.98",,"","","78","59","109.33","210.35","0","0","0.24","0.02",,,"",,"05/05/2020","01/19/2023","United States, Canada","ES_1088380_LM200CE_01192023124852_80151055"
"2407124","Rational","Rational AG","iCombiClassic 6-full gas","LM200CG",",,6-2/1 gas","","Combination","Type I - Table, countertop, and stand mounted units","Full-size","Gas","","106,500","3,987",,"2.32","4,966",,"5.62","","4,910","0.44","6,411","Boiler/Steam Generator","12",,,"6",,"3,973","0.63","6123","63","48","109.9","239.2","0","0.01","0.25","0.02",,,"",,"05/05/2020","01/19/2023","United States, Canada","ES_1088380_LM200CG_01192023124852_80151055"
"2407125","Rational","Rational AG","iCombiClassic 10-half elec.","LM200DE",",,10-1/1 elec.","","Combination","Type I - Table, countertop, and stand mounted units","Half-size","Electric","18.9",,,"1","2.78",,"1","4.77","1.04",,"",,"Boiler/Steam Generator","10",,"10",,"1.01",,"","","78","62","103.1","189.2","0","0","0.21","0.04",,,"",,"05/05/2020","01/19/2023","United States, Canada","ES_1088380_LM200DE_01192023124852_80151055"
"2452996","Retigo s.r.o.","Retigo s.r.o.","B 1011 i","B 1011 i","","","Combination","Type I - Table, countertop, and stand mounted units","Half-size","Electric","18.6",,,"172,263","60",,"247,909","60","1.01",,"",,"Boiler-less/Spritzer/Injector","10",,"10",,"1.13",,"","","81","68","96.61","179","0","0",,"0.21",,,"",,"06/29/2018","03/30/2023","United States, Canada","ES_1142075_B 1011 i5__04032023152053_80161055"
"2814190","Retigo s.r.o.","Retigo s.r.o.","B 621 i","B 621 i","","","Combination","Type I - Table, countertop, and stand mounted units","Full-size","Electric","15.3",,,"1","4.11",,"0","1.95","1.1",,"",,"Boiler-less/Spritzer/Injector","12",,"12","6","1.25",,"","","80","68","118.2","170.1","0","0","0.33","0.18",,,"",,"09/01/2022","11/29/2023","United States, Canada","ES_1142075_B 621 i_11302023105426_80183533"
"2452930","Revent International AB","Revent","724","724","","","Rack","Type II - Floor and roll-in units","Full-size","Gas","","335,600","69,750",,"13.67",,,,"","19,942","0.45","21,477","Boiler/Steam Generator",,,,"20",,,"","",,,,,,,,,"59","294.7","Yes",,"10/06/2016","10/07/2016","United States, Canada","ES_1116902_724_10062016093031_6208154"
"2452928","Revent International AB","Revent","726 G CG U","726 G CG U","","","Rack","Type II - Floor and roll-in units","Full-size","Gas","","170,000","40,710",,"15.5",,,,"","21,980","0.74","24,504","Boiler/Steam Generator",,,,"15",,,"","",,,,,,,,,"49","131.1","Yes",,"07/07/2016","07/08/2016","United States, Canada","ES_1116902_726 G CG U_07072016091215_8265497"
"2452931","Revent International AB","Revent","ONE26","ONE26","","","Rack","Type II - Floor and roll-in units","Full-size","Gas","","173,400","31,100",,"11",,,,"","16,650","0.99","20,028","Boiler/Steam Generator",,,,"15",,,"","",,,,,,,,,"53","136.4","Yes",,"10/06/2016","10/07/2016","United States, Canada","ES_1116902_ONE26_03152023120651_207025"
"2452929","Revent International AB","Revent","ONE39","ONE39","","","Convection","Type II - Floor and roll-in units","Full-size","Gas","","88,813","12,461",,"9.25",,,,"","3,516","0.63","5,666","Boiler/Steam Generator",,,,"8",,,"","","69",,"127",,,,,,,,"Yes",,"10/06/2016","10/07/2016","United States, Canada","ES_1116902_ONE39_10062016093652_8334619"
"2430178","Royal Range Of California, Inc.","Royal Range","RCOS-1","RCOS-1","RCOS-2,,","469092","Convection","Type II - Floor and roll-in units","Full-size","Gas","","70,000","12,465",,"10.03",,,,"","8,866","0.43","10,332","Boiler-less/Spritzer/Injector",,,,"5",,,"","","54",,"95.3",,,,,,,,"",,"01/01/2021","02/16/2021","United States, Canada","ES_1091953_RCOS-13_03202023082825_80156174"
"4016394","Royal Range Of California, Inc.","Royal Range of California, Inc.","RCOS-1-HE","RCOS-1-HE","RCOS-2-HE,,","","Convection","Type II - Floor and roll-in units","Full-size","Gas","","70,000","9,533",,"8.52",,,,"","6,906","0.69","9,260","Boiler-less/Spritzer/Injector",,,,"5",,,"","","56",,"115.64",,,,,,,,"",,"01/01/2025","04/18/2024","United States, Canada","ES_1091953_RCOS-1-HE_04242025123611_80238841"
"3436306","HOUNÖ A/S","Leventi","Invoq Hybrid 20 1/1 GN","Hybrid 20 1/1","","","Combination","Type II - Floor and roll-in units","Half-size","Electric","38.2",,,"3","4.33",,"3","11.41","1.74",,"",,"Boiler/Steam Generator","20",,,"20","1.05",,"","","78","67","173.34","225.95","1.34","0.01","0.08","0.02",,,"",,"12/01/2023","04/05/2024","United States, Canada","ES_1148949_Combi 20 2/1_04122024162183_80198196"
"3436322","HOUNÖ A/S","Leventi","Invoq Hybrid 20 2/1 GN","Hybrid 20 2/1","","","Combination","Type II - Floor and roll-in units","Full-size","Electric","62.2",,,"3","2.59",,"3","11.4","2",,"",,"Boiler/Steam Generator","40",,,"40","1.08",,"","","81","77","329.63","389.34","0","0","0.06","0.01",,,"",,"12/01/2023","04/05/2024","United States, Canada","ES_1148949_Combi 6 1/1_04122024164987_80198196"
"3436242","HOUNÖ A/S","Leventi","Invoq Hybrid 6 1/1 GN (PT)","Hybrid 6 1/1","","","Combination","Type I - Table, countertop, and stand mounted units","","Electric","10.3",,,"1","6.57",,"1","9.42","0.8",,"",,"Boiler/Steam Generator","7",,,"7","0.62",,"","","78","64","59.56","76.11","0.02","0.02","0.11","0.11",,,"",,"12/01/2023","04/05/2024","United States, Canada","ES_1148949_Combi 10 1/1_04122024162411_80198196"
"3436274","HOUNÖ A/S","Leventi","Invoq Hybrid 6 2/1 GN","Hybrid 6 2/1","","","Combination","Type I - Table, countertop, and stand mounted units","Full-size","Electric","22.3",,,"2","4.25",,"1","3.09","1.1",,"",,"Boiler/Steam Generator","14",,,"14","0.67",,"","","80","71","112.6","166.3","0.09","0.02","0.09","0.01",,,"",,"12/01/2023","04/05/2024","United States, Canada","ES_1148949_Combi 10 2/1_04122024162765_80198196"
"3436259","HOUNÖ A/S","Sveba Dahlen","Invoq Combi 10 1/1 GN (PT)","Combi 10 1/1","","","Combination","Type I - Table, countertop, and stand mounted units","","Electric","19.3",,,"1","4.13",,"1","3.11","1.01",,"",,"Boiler-less/Spritzer/Injector","10",,,"10","0.73",,"","","78","62","83.96","96.78","0.01","0.01","0.16","0.16",,,"",,"12/01/2023","04/05/2024","United States, Canada","ES_1148949_Hybrid 10 1/1_041220241624544_80198196"
"3436289","HOUNÖ A/S","Sveba Dahlen","Invoq Combi 10 2/1 GN","Combi 10 2/1","","","Combination","Type I - Table, countertop, and stand mounted units","Full-size","Electric","31.3",,,"2","3.09",,"1","1.45","1.2",,"",,"Boiler-less/Spritzer/Injector","20",,,"20","0.61",,"","","81","73","161.3","134.1","0","0.01","0.07","0.01",,,"",,"12/01/2023","04/05/2024","United States, Canada","ES_1148949_Hybrid 10 2/1_04122024162692_80198196"
"3436307","HOUNÖ A/S","Sveba Dahlen","Invoq Combi 20 1/1 GN","Combi 20 1/1","","","Combination","Type II - Floor and roll-in units","Half-size","Electric","38.2",,,"3","4.33",,"1","2.12","1.74",,"",,"Boiler-less/Spritzer/Injector","20",,,"20","0.93",,"","","78","70","173.34","176.72","1.34","0.01","0.09","0.02",,,"",,"12/01/2023","04/05/2024","United States, Canada","ES_1148949_Hybrid 20 1/1_04122024162182_80198196"
"3436323","HOUNÖ A/S","Sveba Dahlen","Invoq Combi 20 2/1 GN","Combi 20 2/1","","","Combination","Type II - Floor and roll-in units","Full-size","Electric","62.2",,,"3","2.59",,"2","1.57","2",,"",,"Boiler-less/Spritzer/Injector","40",,,"40","0.99",,"","","81","78","329.63","307.93","0","0","0.05","0.01",,,"",,"12/01/2023","04/05/2024","United States, Canada","ES_1148949_Hybrid 20 2/1_04122024167254_80198196"
"3436243","HOUNÖ A/S","Sveba Dahlen","Invoq Combi 6 1/1 GN (PT)","Combi 6 1/1","","","Combination","Type I - Table, countertop, and stand mounted units","","Electric","10.3",,,"1","6.57",,"1","9.42","0.8",,"",,"Boiler-less/Spritzer/Injector","7",,,"7","0.62",,"","","78","58","59.56","71.43","0.02","0.02","0.22","0.22",,,"",,"12/01/2023","04/05/2024","United States, Canada","ES_1148949_Hybrid 6 1/1_04122024162412_80198196"
"3436275","HOUNÖ A/S","Sveba Dahlen","Invoq Combi 6 2/1 GN","Combi 6 2/1","","","Combination","Type I - Table, countertop, and stand mounted units","Full-size","Electric","22.3",,,"2","4.25",,"1","2.43","1.1",,"",,"Boiler-less/Spritzer/Injector","14",,,"14","0.64",,"","","80","75","112.6","168.2","0.09","0.02","0.07","0.01",,,"",,"12/01/2023","04/05/2024","United States, Canada","ES_1148949_Hybrid 6 2/1_04122024162767_80198196"
"3436260","HOUNÖ A/S","Sveba Dahlen","Invoq Hybrid 10 1/1 GN (PT)","Hybrid 10 1/1","","","Combination","Type I - Table, countertop, and stand mounted units","","Electric","19.3",,,"1","4.13",,"1","7.4","1.01",,"",,"Boiler/Steam Generator","10",,,"10","0.83",,"","","78","59","83.96","114.11","0.01","0.01","0.11","0.11",,,"",,"12/01/2023","04/05/2024","United States, Canada","ES_1148949_Combi 6 2/1_04122024162447_80198196"
"3436290","HOUNÖ A/S","Sveba Dahlen","Invoq Hybrid 10 2/1 GN","Hybrid 10 2/1","","","Combination","Type I - Table, countertop, and stand mounted units","Full-size","Electric","31.3",,,"2","3.09",,"2","7.06","1.2",,"",,"Boiler/Steam Generator","20",,,"20","0.69",,"","","81","72","161.3","155.5","0","0.01","0.08","0.01",,,"",,"12/01/2023","04/05/2024","United States, Canada","ES_1148949_Combi 20 1/1_04122024162693_80198196"
"3436308","HOUNÖ A/S","Sveba Dahlen","Invoq Hybrid 20 1/1 GN","Hybrid 20 1/1","","","Combination","Type II - Floor and roll-in units","Half-size","Electric","38.2",,,"3","4.33",,"3","11.41","1.74",,"",,"Boiler/Steam Generator","20",,,"20","1.05",,"","","78","67","173.34","225.95","1.34","0.01","0.08","0.02",,,"",,"12/01/2023","04/05/2024","United States, Canada","ES_1148949_Combi 20 2/1_04122024162181_80198196"
"3436324","HOUNÖ A/S","Sveba Dahlen","Invoq Hybrid 20 2/1 GN","Hybrid 20 2/1","","","Combination","Type II - Floor and roll-in units","Full-size","Electric","62.2",,,"3","2.59",,"3","11.4","2",,"",,"Boiler/Steam Generator","40",,,"40","1.08",,"","","81","77","329.63","389.34","0","0","0.06","0.01",,,"",,"12/01/2023","04/05/2024","United States, Canada","ES_1148949_Combi 6 1/1_04122024162014_80198196"
"3436244","HOUNÖ A/S","Sveba Dahlen","Invoq Hybrid 6 1/1 GN (PT)","Hybrid 6 1/1","","","Combination","Type I - Table, countertop, and stand mounted units","","Electric","10.3",,,"1","6.57",,"1","9.42","0.8",,"",,"Boiler/Steam Generator","7",,,"7","0.62",,"","","78","64","59.56","76.11","0.02","0.02","0.11","0.11",,,"",,"12/01/2023","04/05/2024","United States, Canada","ES_1148949_Combi 10 1/1_04122024162413_80198196"
"3436276","HOUNÖ A/S","Sveba Dahlen","Invoq Hybrid 6 2/1 GN","Hybrid 6 2/1","","","Combination","Type I - Table, countertop, and stand mounted units","Full-size","Electric","22.3",,,"2","4.25",,"1","3.09","1.1",,"",,"Boiler/Steam Generator","14",,,"14","0.67",,"","","80","71","112.6","166.3","0.09","0.02","0.09","0.01",,,"",,"12/01/2023","04/05/2024","United States, Canada","ES_1148949_Combi 10 2/1_04122024162897_80198196"
"2631792","Imperial Commercial Cooking Equipment","Imperial","PCV-1","PCV-1","","818667020060","Convection","Type II - Floor and roll-in units","","Gas","","62,115","15,887",,"15.7",,,,"",,"0.62","9,173","Boiler/Steam Generator",,,,"5",,,"","","49",,"92.85",,,,,,,,"",,"01/19/2021","07/10/2023","United States, Canada","ES_1084100_PCV-1_08032023073347_3158354"
"2631793","Imperial Commercial Cooking Equipment","Imperial","PCV-2","PCV-2","","818667020077","Convection","Type II - Floor and roll-in units","","Gas","","62,115","15,887",,"15.7",,,,"",,"0.62","9,173","Boiler/Steam Generator",,,,"5",,,"","","49",,"92.85",,,,,,,,"",,"01/19/2021","07/10/2023","United States, Canada","ES_1084100_PCV-2_08032023073347_3125882"
"2631772","Imperial Commercial Cooking Equipment","Imperial","PCVG-1","PCVG-1","PCVG-1,PCV-1,","818667020060","Convection","Type II - Floor and roll-in units","","Gas","","62,115","15,887",,"15.7",,,,"",,"0.62","9,173","Boiler/Steam Generator",,,,"5",,,"","","49",,"92.85",,,,,,,,"",,"01/19/2021","07/10/2023","United States, Canada","ES_1084100_PCVG-1_08022023140647_581837"
"2631791","Imperial Commercial Cooking Equipment","Imperial","PCVG-2","PCVG-2","","818667020077","Convection","Type II - Floor and roll-in units","","Gas","","62,115","15,887",,"15.7",,,,"",,"0.62","9,173","Boiler/Steam Generator",,,,"5",,,"","","49",,"92.85",,,,,,,,"",,"01/19/2021","07/10/2023","United States, Canada","ES_1084100_PCVG-2_08032023073347_8624183"
"3436285","HOUNÖ A/S","BKI","Invoq Combi 10 2/1 GN","Combi 10 2/1","102KBLE,Combi 10 2/1,","","Combination","Type I - Table, countertop, and stand mounted units","Full-size","Electric","31.3",,,"2","3.09",,"1","1.45","1.2",,"",,"Boiler-less/Spritzer/Injector","20",,,"20","0.61",,"","","81","73","161.3","134.1","0","0.01","0.07","0.01",,,"",,"12/01/2023","04/05/2024","United States, Canada","ES_1148949_Hybrid 10 2/1_04122024162993_80198196"
"3436299","HOUNÖ A/S","BKI","Invoq Combi 20 1/1 GN","Combi 20 1/1","201BKLE,Combi 20 1/1,","","Combination","Type II - Floor and roll-in units","Half-size","Electric","38.2",,,"3","4.33",,"1","2.12","1.74",,"",,"Boiler-less/Spritzer/Injector","20",,,"20","0.93",,"","","78","70","173.34","176.72","1.34","0.01","0.09","0.02",,,"",,"12/01/2023","04/05/2024","United States, Canada","ES_1148949_Hybrid 20 1/1_04122024162190_80198196"
"3436317","HOUNÖ A/S","BKI","Invoq Combi 20 2/1 GN","Combi 20 2/1","202KBLE,Combi 20 2/1,","","Combination","Type II - Floor and roll-in units","Full-size","Electric","62.2",,,"3","2.59",,"2","1.57","2",,"",,"Boiler-less/Spritzer/Injector","40",,,"40","0.99",,"","","81","78","329.63","307.93","0","0","0.05","0.01",,,"",,"12/01/2023","04/05/2024","United States, Canada","ES_1148949_Hybrid 20 2/1_04122024167777_80198196"
"3436239","HOUNÖ A/S","BKI","Invoq Combi 6 1/1 GN (PT)","Combi 6 1/1","61KBLE (PT),Combi 6 1/1,","","Combination","Type I - Table, countertop, and stand mounted units","","Electric","10.3",,,"1","6.57",,"1","9.42","0.8",,"",,"Boiler-less/Spritzer/Injector","7",,,"7","0.62",,"","","78","58","59.56","71.43","0.02","0.02","0.22","0.22",,,"",,"12/01/2023","04/05/2024","United States, Canada","ES_1148949_Hybrid 6 1/1_04122024162458_80198196"
"3436271","HOUNÖ A/S","BKI","Invoq Combi 6 2/1 GN","Combi 6 2/1","62KBLE,Combi 6 2/1,","","Combination","Type I - Table, countertop, and stand mounted units","Full-size","Electric","22.3",,,"2","4.25",,"1","2.43","1.1",,"",,"Boiler-less/Spritzer/Injector","14",,,"14","0.64",,"","","80","75","112.6","168.2","0.09","0.02","0.07","0.01",,,"",,"12/01/2023","04/05/2024","United States, Canada","ES_1148949_Hybrid 6 2/1_04122024162762_80198196"
"3436254","HOUNÖ A/S","BKI","Invoq Hybrid 10 1/1 GN (PT)","Hybrid 10 1/1","101KBE (PT),Hybrid 10 1/1,","","Combination","Type I - Table, countertop, and stand mounted units","","Electric","19.3",,,"1","4.13",,"1","7.4","1.01",,"",,"Boiler/Steam Generator","10",,,"10","0.83",,"","","78","59","83.96","114.11","0.01","0.01","0.11","0.11",,,"",,"12/01/2023","04/05/2024","United States, Canada","ES_1148949_Combi 6 2/1_04122024162455_80198196"
"3436286","HOUNÖ A/S","BKI","Invoq Hybrid 10 2/1 GN","Hybrid 10 2/1","102KBE,Hybrid 10 2/1,","","Combination","Type I - Table, countertop, and stand mounted units","Full-size","Electric","31.3",,,"2","3.09",,"2","7.06","1.2",,"",,"Boiler/Steam Generator","20",,,"20","0.69",,"","","81","72","161.3","155.5","0","0.01","0.08","0.01",,,"",,"12/01/2023","04/05/2024","United States, Canada","ES_1148949_Combi 20 1/1_04122024162992_80198196"
"3436300","HOUNÖ A/S","BKI","Invoq Hybrid 20 1/1 GN","Hybrid 20 1/1","201KBE,Hybrid 20 1/1,","","Combination","Type II - Floor and roll-in units","Half-size","Electric","38.2",,,"3","4.33",,"3","11.41","1.74",,"",,"Boiler/Steam Generator","20",,,"20","1.05",,"","","78","67","173.34","225.95","1.34","0.01","0.08","0.02",,,"",,"12/01/2023","04/05/2024","United States, Canada","ES_1148949_Combi 20 2/1_04122024162189_80198196"
"3436318","HOUNÖ A/S","BKI","Invoq Hybrid 20 2/1 GN","Hybrid 20 2/1","202KBE,Hybrid 20 2/1,","","Combination","Type II - Floor and roll-in units","Full-size","Electric","62.2",,,"3","2.59",,"3","11.4","2",,"",,"Boiler/Steam Generator","40",,,"40","1.08",,"","","81","77","329.63","389.34","0","0","0.06","0.01",,,"",,"12/01/2023","04/05/2024","United States, Canada","ES_1148949_Combi 6 1/1_04122024168888_80198196"
"3436240","HOUNÖ A/S","BKI","Invoq Hybrid 6 1/1 GN (PT)","Hybrid 6 1/1","61KBE (PT),Hybrid 6 1/1,","","Combination","Type I - Table, countertop, and stand mounted units","","Electric","10.3",,,"1","6.57",,"1","9.42","0.8",,"",,"Boiler/Steam Generator","7",,,"7","0.62",,"","","78","64","59.56","76.11","0.02","0.02","0.11","0.11",,,"",,"12/01/2023","04/05/2024","United States, Canada","ES_1148949_Combi 10 1/1_04122024162459_80198196"
"3436272","HOUNÖ A/S","BKI","Invoq Hybrid 6 2/1 GN","Hybrid 6 2/1","62KBE,Hybrid 6 2/1,","","Combination","Type I - Table, countertop, and stand mounted units","Full-size","Electric","22.3",,,"2","4.25",,"1","3.09","1.1",,"",,"Boiler/Steam Generator","14",,,"14","0.67",,"","","80","71","112.6","166.3","0.09","0.02","0.09","0.01",,,"",,"12/01/2023","04/05/2024","United States, Canada","ES_1148949_Combi 10 2/1_04122024162763_80198196"
"3436251","HOUNÖ A/S","Blodgett","Invoq Combi 10 1/1 GN (PT)","Combi 10 1/1","101BLE (PT),Combi 10 1/1,","","Combination","Type I - Table, countertop, and stand mounted units","","Electric","19.3",,,"1","4.13",,"1","3.11","1.01",,"",,"Boiler-less/Spritzer/Injector","10",,,"10","0.73",,"","","78","62","83.96","96.78","0.01","0.01","0.16","0.16",,,"",,"12/01/2023","04/05/2024","United States, Canada","ES_1148949_Hybrid 10 1/1_04122024162450_80198196"
"3436283","HOUNÖ A/S","Blodgett","Invoq Combi 10 2/1 GN","Combi 10 2/1","102BLE,Combi 10 2/1,","","Combination","Type I - Table, countertop, and stand mounted units","Full-size","Electric","31.3",,,"2","3.09",,"1","1.45","1.2",,"",,"Boiler-less/Spritzer/Injector","20",,,"20","0.61",,"","","81","73","161.3","134.1","0","0.01","0.07","0.01",,,"",,"12/01/2023","04/05/2024","United States, Canada","ES_1148949_Hybrid 10 2/1_04122024162995_80198196"
"3436301","HOUNÖ A/S","Blodgett","Invoq Combi 20 1/1 GN","Combi 20 1/1","201BLE,Combi 20 1/1,","","Combination","Type II - Floor and roll-in units","Half-size","Electric","38.2",,,"3","4.33",,"1","2.12","1.74",,"",,"Boiler-less/Spritzer/Injector","20",,,"20","0.93",,"","","78","70","173.34","176.72","1.34","0.01","0.09","0.02",,,"",,"12/01/2023","04/05/2024","United States, Canada","ES_1148949_Hybrid 20 1/1_04122024162188_80198196"
"3436315","HOUNÖ A/S","Blodgett","Invoq Combi 20 2/1 GN","Combi 20 2/1","202BLE,Combi 20 2/1,","","Combination","Type II - Floor and roll-in units","Full-size","Electric","62.2",,,"3","2.59",,"2","1.57","2",,"",,"Boiler-less/Spritzer/Injector","40",,,"40","0.99",,"","","81","78","329.63","307.93","0","0","0.05","0.01",,,"",,"12/01/2023","04/05/2024","United States, Canada","ES_1148949_Hybrid 20 2/1_04122024165555_80198196"
"3436235","HOUNÖ A/S","Blodgett","Invoq Combi 6 1/1 GN (PT)","Combi 6 1/1","61BLE (PT),Combi 6 1/1,","","Combination","Type I - Table, countertop, and stand mounted units","","Electric","10.3",,,"1","6.57",,"1","9.42","0.8",,"",,"Boiler-less/Spritzer/Injector","7",,,"7","0.62",,"","","78","58","59.56","71.43","0.02","0.02","0.22","0.22",,,"",,"12/01/2023","04/05/2024","United States, Canada","ES_1148949_Hybrid 6 1/1_04122024162454_80198196"
"3436267","HOUNÖ A/S","Blodgett","Invoq Combi 6 2/1 GN","Combi 6 2/1","62BLE,Combi 6 2/1,","","Combination","Type I - Table, countertop, and stand mounted units","Full-size","Electric","22.3",,,"2","4.25",,"1","2.43","1.1",,"",,"Boiler-less/Spritzer/Injector","14",,,"14","0.64",,"","","80","75","112.6","168.2","0.09","0.02","0.07","0.01",,,"",,"12/01/2023","04/05/2024","United States, Canada","ES_1148949_Hybrid 6 2/1_04122024162758_80198196"
"3436252","HOUNÖ A/S","Blodgett","Invoq Hybrid 10 1/1 GN (PT)","Hybrid 10 1/1","101BE (PT),Hybrid 10 1/1,","","Combination","Type I - Table, countertop, and stand mounted units","","Electric","19.3",,,"1","4.13",,"1","7.4","1.01",,"",,"Boiler/Steam Generator","10",,,"10","0.83",,"","","78","59","83.96","114.11","0.01","0.01","0.11","0.11",,,"",,"12/01/2023","04/05/2024","United States, Canada","ES_1148949_Combi 6 2/1_041220241624603_80198196"
"3436284","HOUNÖ A/S","Blodgett","Invoq Hybrid 10 2/1 GN","Hybrid 10 2/1","102BE,Hybrid 10 2/1,","","Combination","Type I - Table, countertop, and stand mounted units","Full-size","Electric","31.3",,,"2","3.09",,"2","7.06","1.2",,"",,"Boiler/Steam Generator","20",,,"20","0.69",,"","","81","72","161.3","155.5","0","0.01","0.08","0.01",,,"",,"12/01/2023","04/05/2024","United States, Canada","ES_1148949_Combi 20 1/1_04122024162994_80198196"
"3436302","HOUNÖ A/S","Blodgett","Invoq Hybrid 20 1/1 GN","Hybrid 20 1/1","201BE,Hybrid 20 1/1,","","Combination","Type II - Floor and roll-in units","Half-size","Electric","38.2",,,"3","4.33",,"3","11.41","1.74",,"",,"Boiler/Steam Generator","20",,,"20","1.05",,"","","78","67","173.34","225.95","1.34","0.01","0.08","0.02",,,"",,"12/01/2023","04/05/2024","United States, Canada","ES_1148949_Combi 20 2/1_04122024162187_80198196"
"3436316","HOUNÖ A/S","Blodgett","Invoq Hybrid 20 2/1 GN","Hybrid 20 2/1","202BE,Hybrid 20 2/1,","","Combination","Type II - Floor and roll-in units","Full-size","Electric","62.2",,,"3","2.59",,"3","11.4","2",,"",,"Boiler/Steam Generator","40",,,"40","1.08",,"","","81","77","329.63","389.34","0","0","0.06","0.01",,,"",,"12/01/2023","04/05/2024","United States, Canada","ES_1148949_Combi 6 1/1_04122024166666_80198196"
"3436236","HOUNÖ A/S","Blodgett","Invoq Hybrid 6 1/1 GN (PT)","Hybrid 6 1/1","61BE (PT),Hybrid 6 1/1,","","Combination","Type I - Table, countertop, and stand mounted units","","Electric","10.3",,,"1","6.57",,"1","9.42","0.8",,"",,"Boiler/Steam Generator","7",,,"7","0.62",,"","","78","64","59.56","76.11","0.02","0.02","0.11","0.11",,,"",,"12/01/2023","04/05/2024","United States, Canada","ES_1148949_Combi 10 1/1_04122024162455_80198196"
"3436268","HOUNÖ A/S","Blodgett","Invoq Hybrid 6 2/1 GN","Hybrid 6 2/1","62BE,Hybrid 6 2/1,","","Combination","Type I - Table, countertop, and stand mounted units","Full-size","Electric","22.3",,,"2","4.25",,"1","3.09","1.1",,"",,"Boiler/Steam Generator","14",,,"14","0.67",,"","","80","71","112.6","166.3","0.09","0.02","0.09","0.01",,,"",,"12/01/2023","04/05/2024","United States, Canada","ES_1148949_Combi 10 2/1_04122024162759_80198196"
"3436255","HOUNÖ A/S","Dieta","Invoq Combi 10 1/1 GN (PT)","Combi 10 1/1","","","Combination","Type I - Table, countertop, and stand mounted units","","Electric","19.3",,,"1","4.13",,"1","3.11","1.01",,"",,"Boiler-less/Spritzer/Injector","10",,,"10","0.73",,"","","78","62","83.96","96.78","0.01","0.01","0.16","0.16",,,"",,"12/01/2023","04/05/2024","United States, Canada","ES_1148949_Hybrid 10 1/1_04122024162457_80198196"
"3436293","HOUNÖ A/S","Dieta","Invoq Combi 10 2/1 GN","Combi 10 2/1","","","Combination","Type I - Table, countertop, and stand mounted units","Full-size","Electric","31.3",,,"2","3.09",,"1","1.45","1.2",,"",,"Boiler-less/Spritzer/Injector","20",,,"20","0.61",,"","","81","73","161.3","134.1","0","0.01","0.07","0.01",,,"",,"12/01/2023","04/05/2024","United States, Canada","ES_1148949_Hybrid 10 2/1_04122024162696_80198196"
"3436303","HOUNÖ A/S","Dieta","Invoq Combi 20 1/1 GN","Combi 20 1/1","","","Combination","Type II - Floor and roll-in units","Half-size","Electric","38.2",,,"3","4.33",,"1","2.12","1.74",,"",,"Boiler-less/Spritzer/Injector","20",,,"20","0.93",,"","","78","70","173.34","176.72","1.34","0.01","0.09","0.02",,,"",,"12/01/2023","04/05/2024","United States, Canada","ES_1148949_Hybrid 20 1/1_04122024162186_80198196"
"3436319","HOUNÖ A/S","Dieta","Invoq Combi 20 2/1 GN","Combi 20 2/1","","","Combination","Type II - Floor and roll-in units","Full-size","Electric","62.2",,,"3","2.59",,"2","1.57","2",,"",,"Boiler-less/Spritzer/Injector","40",,,"40","0.99",,"","","81","78","329.63","307.93","0","0","0.05","0.01",,,"",,"12/01/2023","04/05/2024","United States, Canada","ES_1148949_Hybrid 20 2/1_04122024169999_80198196"
"3436237","HOUNÖ A/S","Dieta","Invoq Combi 6 1/1 GN (PT)","Combi 6 1/1","","","Combination","Type I - Table, countertop, and stand mounted units","","Electric","10.3",,,"1","6.57",,"1","9.42","0.8",,"",,"Boiler-less/Spritzer/Injector","7",,,"7","0.62",,"","","78","58","59.56","71.43","0.02","0.02","0.22","0.22",,,"",,"12/01/2023","04/05/2024","United States, Canada","ES_1148949_Hybrid 6 1/1_04122024162456_80198196"
"3436269","HOUNÖ A/S","Dieta","Invoq Combi 6 2/1 GN","Combi 6 2/1","","","Combination","Type I - Table, countertop, and stand mounted units","Full-size","Electric","22.3",,,"2","4.25",,"1","2.43","1.1",,"",,"Boiler-less/Spritzer/Injector","14",,,"14","0.64",,"","","80","75","112.6","168.2","0.09","0.02","0.07","0.01",,,"",,"12/01/2023","04/05/2024","United States, Canada","ES_1148949_Hybrid 6 2/1_04122024162760_80198196"
"3436256","HOUNÖ A/S","Dieta","Invoq Hybrid 10 1/1 GN (PT)","Hybrid 10 1/1","","","Combination","Type I - Table, countertop, and stand mounted units","","Electric","19.3",,,"1","4.13",,"1","7.4","1.01",,"",,"Boiler/Steam Generator","10",,,"10","0.83",,"","","78","59","83.96","114.11","0.01","0.01","0.11","0.11",,,"",,"12/01/2023","04/05/2024","United States, Canada","ES_1148949_Combi 6 2/1_04122024162499_80198196"
"3436294","HOUNÖ A/S","Dieta","Invoq Hybrid 10 2/1 GN","Hybrid 10 2/1","","","Combination","Type I - Table, countertop, and stand mounted units","Full-size","Electric","31.3",,,"2","3.09",,"2","7.06","1.2",,"",,"Boiler/Steam Generator","20",,,"20","0.69",,"","","81","72","161.3","155.5","0","0.01","0.08","0.01",,,"",,"12/01/2023","04/05/2024","United States, Canada","ES_1148949_Combi 20 1/1_04122024162699_80198196"
"3436304","HOUNÖ A/S","Dieta","Invoq Hybrid 20 1/1 GN","Hybrid 20 1/1","","","Combination","Type II - Floor and roll-in units","Half-size","Electric","38.2",,,"3","4.33",,"3","11.41","1.74",,"",,"Boiler/Steam Generator","20",,,"20","1.05",,"","","78","67","173.34","225.95","1.34","0.01","0.08","0.02",,,"",,"12/01/2023","04/05/2024","United States, Canada","ES_1148949_Combi 20 2/1_04122024162185_80198196"
"3436320","HOUNÖ A/S","Dieta","Invoq Hybrid 20 2/1 GN","Hybrid 20 2/1","","","Combination","Type II - Floor and roll-in units","Full-size","Electric","62.2",,,"3","2.59",,"3","11.4","2",,"",,"Boiler/Steam Generator","40",,,"40","1.08",,"","","81","77","329.63","389.34","0","0","0.06","0.01",,,"",,"12/01/2023","04/05/2024","United States, Canada","ES_1148949_Combi 6 1/1_04122024166547_80198196"
"3436238","HOUNÖ A/S","Dieta","Invoq Hybrid 6 1/1 GN (PT)","Hybrid 6 1/1","","","Combination","Type I - Table, countertop, and stand mounted units","","Electric","10.3",,,"1","6.57",,"1","9.42","0.8",,"",,"Boiler/Steam Generator","7",,,"7","0.62",,"","","78","64","59.56","76.11","0.02","0.02","0.11","0.11",,,"",,"12/01/2023","04/05/2024","United States, Canada","ES_1148949_Combi 10 1/1_04122024162457_80198196"
"3436270","HOUNÖ A/S","Dieta","Invoq Hybrid 6 2/1 GN","Hybrid 6 2/1","","","Combination","Type I - Table, countertop, and stand mounted units","Full-size","Electric","22.3",,,"2","4.25",,"1","3.09","1.1",,"",,"Boiler/Steam Generator","14",,,"14","0.67",,"","","80","71","112.6","166.3","0.09","0.02","0.09","0.01",,,"",,"12/01/2023","04/05/2024","United States, Canada","ES_1148949_Combi 10 2/1_04122024162761_80198196"
"3436261","HOUNÖ A/S","Firex","Invoq Combi 10 1/1 GN (PT)","Combi 10 1/1","","","Combination","Type I - Table, countertop, and stand mounted units","","Electric","19.3",,,"1","4.13",,"1","3.11","1.01",,"",,"Boiler-less/Spritzer/Injector","10",,,"10","0.73",,"","","78","62","83.96","96.78","0.01","0.01","0.16","0.16",,,"",,"12/01/2023","04/05/2024","United States, Canada","ES_1148949_Hybrid 10 1/1_04122024162428_80198196"
"3436291","HOUNÖ A/S","Firex","Invoq Combi 10 2/1 GN","Combi 10 2/1","","","Combination","Type I - Table, countertop, and stand mounted units","Full-size","Electric","31.3",,,"2","3.09",,"1","1.45","1.2",,"",,"Boiler-less/Spritzer/Injector","20",,,"20","0.61",,"","","81","73","161.3","134.1","0","0.01","0.07","0.01",,,"",,"12/01/2023","04/05/2024","United States, Canada","ES_1148949_Hybrid 10 2/1_04122024162694_80198196"
"3436309","HOUNÖ A/S","Firex","Invoq Combi 20 1/1 GN","Combi 20 1/1","","","Combination","Type II - Floor and roll-in units","Half-size","Electric","38.2",,,"3","4.33",,"1","2.12","1.74",,"",,"Boiler-less/Spritzer/Injector","20",,,"20","0.93",,"","","78","70","173.34","176.72","1.34","0.01","0.09","0.02",,,"",,"12/01/2023","04/05/2024","United States, Canada","ES_1148949_Hybrid 20 1/1_04122024162180_80198196"
"3436325","HOUNÖ A/S","Firex","Invoq Combi 20 2/1 GN","Combi 20 2/1","","","Combination","Type II - Floor and roll-in units","Full-size","Electric","62.2",,,"3","2.59",,"2","1.57","2",,"",,"Boiler-less/Spritzer/Injector","40",,,"40","0.99",,"","","81","78","329.63","307.93","0","0","0.05","0.01",,,"",,"12/01/2023","04/05/2024","United States, Canada","ES_1148949_Hybrid 20 2/1_04122024162013_80198196"
"3436245","HOUNÖ A/S","Firex","Invoq Combi 6 1/1 GN (PT)","Combi 6 1/1","","","Combination","Type I - Table, countertop, and stand mounted units","","Electric","10.3",,,"1","6.57",,"1","9.42","0.8",,"",,"Boiler-less/Spritzer/Injector","7",,,"7","0.62",,"","","78","58","59.56","71.43","0.02","0.02","0.22","0.22",,,"",,"12/01/2023","04/05/2024","United States, Canada","ES_1148949_Hybrid 6 1/1_04122024162414_80198196"
"3436277","HOUNÖ A/S","Firex","Invoq Combi 6 2/1 GN","Combi 6 2/1","","","Combination","Type I - Table, countertop, and stand mounted units","Full-size","Electric","22.3",,,"2","4.25",,"1","2.43","1.1",,"",,"Boiler-less/Spritzer/Injector","14",,,"14","0.64",,"","","80","75","112.6","168.2","0.09","0.02","0.07","0.01",,,"",,"12/01/2023","04/05/2024","United States, Canada","ES_1148949_Hybrid 6 2/1_04122024162213_80198196"
"3436262","HOUNÖ A/S","Firex","Invoq Hybrid 10 1/1 GN (PT)","Hybrid 10 1/1","","","Combination","Type I - Table, countertop, and stand mounted units","","Electric","19.3",,,"1","4.13",,"1","7.4","1.01",,"",,"Boiler/Steam Generator","10",,,"10","0.83",,"","","78","59","83.96","114.11","0.01","0.01","0.11","0.11",,,"",,"12/01/2023","04/05/2024","United States, Canada","ES_1148949_Combi 6 2/1_041220241624333_80198196"
"3436292","HOUNÖ A/S","Firex","Invoq Hybrid 10 2/1 GN","Hybrid 10 2/1","","","Combination","Type I - Table, countertop, and stand mounted units","Full-size","Electric","31.3",,,"2","3.09",,"2","7.06","1.2",,"",,"Boiler/Steam Generator","20",,,"20","0.69",,"","","81","72","161.3","155.5","0","0.01","0.08","0.01",,,"",,"12/01/2023","04/05/2024","United States, Canada","ES_1148949_Combi 20 1/1_04122024162695_80198196"
"3436310","HOUNÖ A/S","Firex","Invoq Hybrid 20 1/1 GN","Hybrid 20 1/1","","","Combination","Type II - Floor and roll-in units","Half-size","Electric","38.2",,,"3","4.33",,"3","11.41","1.74",,"",,"Boiler/Steam Generator","20",,,"20","1.05",,"","","78","67","173.34","225.95","1.34","0.01","0.08","0.02",,,"",,"12/01/2023","04/05/2024","United States, Canada","ES_1148949_Combi 20 2/1_04122024162179_80198196"
"3436326","HOUNÖ A/S","Firex","Invoq Hybrid 20 2/1 GN","Hybrid 20 2/1","","","Combination","Type II - Floor and roll-in units","Full-size","Electric","62.2",,,"3","2.59",,"3","11.4","2",,"",,"Boiler/Steam Generator","40",,,"40","1.08",,"","","81","77","329.63","389.34","0","0","0.06","0.01",,,"",,"12/01/2023","04/05/2024","United States, Canada","ES_1148949_Hybrid 20 2/1_04122024161313_80198196"
"3436246","HOUNÖ A/S","Firex","Invoq Hybrid 6 1/1 GN (PT)","Hybrid 6 1/1","","","Combination","Type I - Table, countertop, and stand mounted units","","Electric","10.3",,,"1","6.57",,"1","9.42","0.8",,"",,"Boiler/Steam Generator","7",,,"7","0.62",,"","","78","64","59.56","76.11","0.02","0.02","0.11","0.11",,,"",,"12/01/2023","04/05/2024","United States, Canada","ES_1148949_Combi 10 1/1_0412202416233_80198196"
"3436278","HOUNÖ A/S","Firex","Invoq Hybrid 6 2/1 GN","Hybrid 6 2/1","","","Combination","Type I - Table, countertop, and stand mounted units","Full-size","Electric","22.3",,,"2","4.25",,"1","3.09","1.1",,"",,"Boiler/Steam Generator","14",,,"14","0.67",,"","","80","71","112.6","166.3","0.09","0.02","0.09","0.01",,,"",,"12/01/2023","04/05/2024","United States, Canada","ES_1148949_Combi 10 2/1_04122024162321_80198196"
"3436249","HOUNÖ A/S","Fri-Jado","Invoq Combi 10 1/1 GN (PT)","Combi 10 1/1","","","Combination","Type I - Table, countertop, and stand mounted units","","Electric","19.3",,,"1","4.13",,"1","3.11","1.01",,"",,"Boiler-less/Spritzer/Injector","10",,,"10","0.73",,"","","78","62","83.96","96.78","0.01","0.01","0.16","0.16",,,"",,"12/01/2023","04/05/2024","United States, Canada","ES_1148949_Hybrid 10 1/1_04122024162430_80198196"
"3436281","HOUNÖ A/S","Fri-Jado","Invoq Combi 10 2/1 GN","Combi 10 2/1","","","Combination","Type I - Table, countertop, and stand mounted units","Full-size","Electric","31.3",,,"2","3.09",,"1","1.45","1.2",,"",,"Boiler-less/Spritzer/Injector","20",,,"20","0.61",,"","","81","73","161.3","134.1","0","0.01","0.07","0.01",,,"",,"12/01/2023","04/05/2024","United States, Canada","ES_1148949_Hybrid 10 2/1_04122024162999_80198196"
"3436297","HOUNÖ A/S","Fri-Jado","Invoq Combi 20 1/1 GN","Combi 20 1/1","","","Combination","Type II - Floor and roll-in units","Half-size","Electric","38.2",,,"3","4.33",,"1","2.12","1.74",,"",,"Boiler-less/Spritzer/Injector","20",,,"20","0.93",,"","","78","70","173.34","176.72","1.34","0.01","0.09","0.02",,,"",,"12/01/2023","04/05/2024","United States, Canada","ES_1148949_Hybrid 20 1/1_04122024162192_80198196"
"3436313","HOUNÖ A/S","Fri-Jado","Invoq Combi 20 2/1 GN","Combi 20 2/1","","","Combination","Type II - Floor and roll-in units","Full-size","Electric","62.2",,,"3","2.59",,"2","1.57","2",,"",,"Boiler-less/Spritzer/Injector","40",,,"40","0.99",,"","","81","78","329.63","307.93","0","0","0.05","0.01",,,"",,"12/01/2023","04/05/2024","United States, Canada","ES_1148949_Hybrid 20 2/1_0412202413333_80198196"
"3436233","HOUNÖ A/S","Fri-Jado","Invoq Combi 6 1/1 GN (PT)","Combi 6 1/1","","","Combination","Type I - Table, countertop, and stand mounted units","","Electric","10.3",,,"1","6.57",,"1","9.42","0.8",,"",,"Boiler-less/Spritzer/Injector","7",,,"7","0.62",,"","","78","58","59.56","71.43","0.02","0.02","0.22","0.22",,,"",,"12/01/2023","04/05/2024","United States, Canada","ES_1148949_Hybrid 6 1/1_04122024162452_80198196"
"3436265","HOUNÖ A/S","Fri-Jado","Invoq Combi 6 2/1 GN","Combi 6 2/1","","","Combination","Type I - Table, countertop, and stand mounted units","Full-size","Electric","22.3",,,"2","4.25",,"1","2.43","1.1",,"",,"Boiler-less/Spritzer/Injector","14",,,"14","0.64",,"","","80","75","112.6","168.2","0.09","0.02","0.07","0.01",,,"",,"12/01/2023","04/05/2024","United States, Canada","ES_1148949_Hybrid 6 2/1_04122024162756_80198196"
"3436250","HOUNÖ A/S","Fri-Jado","Invoq Hybrid 10 1/1 GN (PT)","Hybrid 10 1/1","","","Combination","Type I - Table, countertop, and stand mounted units","","Electric","19.3",,,"1","4.13",,"1","7.4","1.01",,"",,"Boiler/Steam Generator","10",,,"10","0.83",,"","","78","59","83.96","114.11","0.01","0.01","0.11","0.11",,,"",,"12/01/2023","04/05/2024","United States, Canada","ES_1148949_Combi 6 2/1_04122024162400_80198196"
"3436282","HOUNÖ A/S","Fri-Jado","Invoq Hybrid 10 2/1 GN","Hybrid 10 2/1","","","Combination","Type I - Table, countertop, and stand mounted units","Full-size","Electric","31.3",,,"2","3.09",,"2","7.06","1.2",,"",,"Boiler/Steam Generator","20",,,"20","0.69",,"","","81","72","161.3","155.5","0","0.01","0.08","0.01",,,"",,"12/01/2023","04/05/2024","United States, Canada","ES_1148949_Combi 20 1/1_04122024162996_80198196"
"3436298","HOUNÖ A/S","Fri-Jado","Invoq Hybrid 20 1/1 GN","Hybrid 20 1/1","","","Combination","Type II - Floor and roll-in units","Half-size","Electric","38.2",,,"3","4.33",,"3","11.41","1.74",,"",,"Boiler/Steam Generator","20",,,"20","1.05",,"","","78","67","173.34","225.95","1.34","0.01","0.08","0.02",,,"",,"12/01/2023","04/05/2024","United States, Canada","ES_1148949_Combi 20 2/1_04122024162191_80198196"
"3436314","HOUNÖ A/S","Fri-Jado","Invoq Hybrid 20 2/1 GN","Hybrid 20 2/1","","","Combination","Type II - Floor and roll-in units","Full-size","Electric","62.2",,,"3","2.59",,"3","11.4","2",,"",,"Boiler/Steam Generator","40",,,"40","1.08",,"","","81","77","329.63","389.34","0","0","0.06","0.01",,,"",,"12/01/2023","04/05/2024","United States, Canada","ES_1148949_Combi 6 1/1_04122024164444_80198196"
"3436234","HOUNÖ A/S","Fri-Jado","Invoq Hybrid 6 1/1 GN (PT)","Hybrid 6 1/1","","","Combination","Type I - Table, countertop, and stand mounted units","","Electric","10.3",,,"1","6.57",,"1","9.42","0.8",,"",,"Boiler/Steam Generator","7",,,"7","0.62",,"","","78","64","59.56","76.11","0.02","0.02","0.11","0.11",,,"",,"12/01/2023","04/05/2024","United States, Canada","ES_1148949_Combi 10 1/1_04122024162453_80198196"
"3436266","HOUNÖ A/S","Fri-Jado","Invoq Hybrid 6 2/1 GN","Hybrid 6 2/1","","","Combination","Type I - Table, countertop, and stand mounted units","Full-size","Electric","22.3",,,"2","4.25",,"1","3.09","1.1",,"",,"Boiler/Steam Generator","14",,,"14","0.67",,"","","80","71","112.6","166.3","0.09","0.02","0.09","0.01",,,"",,"12/01/2023","04/05/2024","United States, Canada","ES_1148949_Combi 10 2/1_04122024162757_80198196"
"2649774","Wells Mfg.","Wells","M4200","M4200","","","Convection","Type I - Table, countertop, and stand mounted units","Half-size","Electric","9.4",,,"1","5.42",,,,"0.75",,"",,"Boiler-less/Spritzer/Injector","5",,"5",,,,"","","77",,"51",,"0","0",,,,,"","0","08/15/2013","08/28/2023","United States, Canada","ES_1100413_M4200_083020231552327_4499336"
"2404399","Yindu Kitchen Equipment Co., LTD","Atosa, STARBRIDGE","EPA-0621E2","EPA-0621E2",",AEC-0621E,","","Combination","Type I - Table, countertop, and stand mounted units","Full-size","Electric","19",,,"1","5.25",,"1","3.1","1.32",,"",,"Boiler-less/Spritzer/Injector","12",,,,"2.21",,"","","78","59","104.76","130.71","0","0","0.11","0.08",,,"",,"07/29/2022","11/11/2022","United States, Canada","ES_1117523_EPA-0621E2_10122022115057_2929956"
"2404400","Yindu Kitchen Equipment Co., LTD","Atosa, STARBRIDGE","EPA-0711E2","EPA-0711E2",",AEC-0711E,","","Combination","Type I - Table, countertop, and stand mounted units","Half-size","Electric","15.2",,,"1","2.93",,"0","1.48","0.91",,"",,"Boiler-less/Spritzer/Injector","7",,,,"1.29",,"","","79","57","79.37","77.21","0","0","0.1","0.07",,,"",,"06/28/2022","11/11/2022","United States, Canada","ES_1117523_EPA-0711E2_06282022131656_1966821"
"2404397","Yindu Kitchen Equipment Co., LTD","Atosa, STARBRIDGE","EPA-1011E2","EPA-1011E2",",AEC-1011E,","","Combination","Type I - Table, countertop, and stand mounted units","Half-size","Electric","19",,,"1","2.87",,"1","2.23","1.11",,"",,"Boiler-less/Spritzer/Injector","10",,,,"1.94",,"","","79","60","90.51","148.77","0","0","0.17","0.11",,,"",,"06/28/2022","10/10/2022","United States, Canada","ES_1117523_EPA-1011E2_07292022141732_7538263"
"2404398","Yindu Kitchen Equipment Co., LTD","Atosa, STARBRIDGE","EPA-1021E3","EPA-1021E3",",AEC-1021E,","","Combination","Type I - Table, countertop, and stand mounted units","Full-size","Electric","28.8",,,"2","4.6",,"1","3.43","1.44",,"",,"Boiler-less/Spritzer/Injector","20",,,,"2.08",,"","","80","73","171.59","201.48","0","0","0.11","0.07",,,"",,"06/28/2022","11/11/2022","United States, Canada","ES_1117523_EPA-1021E3_10032022121325_8004571"
"2408142","Southbend","Southbend","BES/17SC","BES/17SC","BES/27SC, BES/17CCH, BES/27CCH, SLES/17SC, SLES/27SC, SLES/17CCH, SLES/27CCH, ES/17SC, ES/27SC, ES/17CCH,  ES/27CCH, KES/17SC, KES/27SC, KES/17CCH, KES/27CCH, BES/17TC, BES/27TC, SLES/17TC, SLES/27TC,ES/17TC, ES/27TC, KES/17TC, KES/27TC, KLES/17SC, KLES/27SC, KLES/17CCH, KLES/27CCH, KS/17SC, KS/27SC, KS/17CCH, KS/27CCH, PCE75S/S *, PCE15S/S *, PCE75S/T *, PCE15S/T*,*may be other characters for customer options","","Convection","Type II - Floor and roll-in units","Full-size","Electric","8.4",,,"11","11.28",,,,"1.34",,"",,"Boiler-less/Spritzer/Injector",,,,"5",,,"","","76",,"91.8",,,,,,,,"",,"08/19/2015","02/14/2023","United States, Canada","ES_1062537_BES/17SC_02152023034205_80152033"
"2408141","Southbend","Southbend","BGS/13SC","BGS/13SC","BGS/23SC, BGS/13CCH, BGS/23CCH, KLGS/13SC, KLGS/23SC, KLGS/13CCH, KLGS/23CCH, SLGS/13SC, SLGS/23SC, SLGS/13CCH, SLGS/23CCH,GS/13SC, GS/23SC, GS/13CCH, GS/23CCH, BGS/13TC, BGS/23TC, KLGS/13TC, KLGS/23TC, SLGS/13TC, SLGS/23TC, GS/13TC, GS/23TC,","","Convection","Type II - Floor and roll-in units","Full-size","Gas","","40,000","10,389",,"16.17",,,,"","6,798","0.41",,"Boiler-less/Spritzer/Injector",,,,"5",,,"","","51",,"78.2",,,,,,,,"",,"08/19/2015","02/14/2023","United States, Canada","ES_1062537_BGS/13SC_02152023034205_80152033"
"2408139","Southbend","Southbend","GS/15SC","GS/15SC","GS/25SC, GS/15CCH, GS/25CCH, GS/15TC, GS/25TC,GS/25SC, GS/15CCH, GS/25CCH, GS/15TC, GS/25TC,","","Convection","Type II - Floor and roll-in units","Full-size","Gas","","90,000","8,858",,"6.03",,,,"","8,983","0.44",,"Boiler-less/Spritzer/Injector",,,,"5",,,"","","49",,"94",,,,,,,,"",,"05/05/2014","02/14/2023","United States, Canada","ES_1062537_GS/15SC_02152023034205_80152033"
"2408140","Southbend","Southbend","KLGS/17SC","KLGS/17SC","KLGS/27SC, KLGS/17CCH, KLGS/27CCH, GS/17SC, GS/27SC, GS/17CCH, GS/27CCH, SLGS/17SC, SLGS/27SC, SLGS/17CCH, SLGS/27CCH,BGS/17SC, BGS/27SC, BGS/17CCH, BGS/27CCH, PCR-1G, PCR-2G, KLGS/17TC, KLGS/27TC, GS/17TC, GS/27TC, SLGS/17TC, SLGS/27TC, BGS/17TC, BGS/27TC, PCG50S/S *, PCG100S/S *, PCG50S/T *, PCG100S/T*,*may be other characters for customer options","","Convection","Type II - Floor and roll-in units","Full-size","Gas","","53,000","10,317",,"11.73",,,,"","8,930","0.42",,"Boiler-less/Spritzer/Injector",,,,"5",,,"","","51",,"86.9",,,,,,,,"",,"08/19/2015","02/14/2023","United States, Canada","ES_1062537_KLGS/17SC_02152023034205_80152033"
"3998212","UNOX S.p.A.","Unox Spa","XAVC-0511-EQxM","XAVC-0511-EQxM","","","Convection","Type I - Table, countertop, and stand mounted units","Half-size","Electric","7.8",,,"1","4.45",,,,"0.84",,"",,"Boiler-less/Spritzer/Injector","5",,"5",,,,"","","74",,"45",,,,,,,,"",,"02/28/2025","02/14/2025","United States, Canada","ES_1134474_XAVC-0511-EQxM_021820252117954_4815636"
"3998213","UNOX S.p.A.","Unox Spa","XAVC-06FS-EQxM","XAVC-06FS-EQxM","","","Convection","Type I - Table, countertop, and stand mounted units","Full-size","Electric","19.1",,,"1","2.3",,,,"1.39",,"",,"Boiler-less/Spritzer/Injector","6",,,"6",,,"","","78",,"110",,,,,,,,"",,"02/28/2025","02/12/2025","United States, Canada","ES_1134474_XAVC-06FS-EQxM_021820252118668_3767338"
"3555220","UNOX S.p.A.","UNOX S.p.A.","XA*A-0611-EX*S-***","XA*A-0611-EX*S-***","","","Combination","Type I - Table, countertop, and stand mounted units","Half-size","Electric","12.5",,,"1","2.6",,"1","2.8","0.8",,"",,"Boiler-less/Spritzer/Injector","6",,"6",,"0.99",,"","","78","64","54","114",,,"0.21","0.21",,,"",,"07/01/2024","07/22/2024","United States, Canada","ES_1134474_XA*A-0611-EX*S-***_072220242056295_3695095"
"3555219","UNOX S.p.A.","UNOX S.p.A.","XA*A-0611-GX*S-***","XA*A-0611-GX*S-***","","","Combination","Type I - Table, countertop, and stand mounted units","Half-size","Gas","","51,180","3,944","1","8","2,636",,"3.8","","2,484","0.43","3,951","Boiler-less/Spritzer/Injector","6",,"6",,,"3,911","0.41","5310","58","43","58","108","0.11",,"0.42","0.11",,,"",,"07/01/2024","07/22/2024","United States, Canada","ES_1134474_XA*A-0611-GX*S-***_072220242048233_3520249"
"3555221","UNOX S.p.A.","UNOX S.p.A.","XA*A-0611-NX*S-***","XA*A-0611-NX*S-***","","","Combination","Type I - Table, countertop, and stand mounted units","Half-size","Gas","","51,180","3,925","1","8.1","2,677",,"3.3","","2,470","0.43","3,937","Boiler-less/Spritzer/Injector","6",,"6",,,"3,870","0.44","5371","57","44","56","108","0.15",,"0.41","0.11",,,"",,"07/01/2024","07/22/2024","United States, Canada","ES_1134474_XA*A-0611-NX*S-***_072220242055269_7924436"
"3555222","UNOX S.p.A.","UNOX S.p.A.","XA*A-06FS-EX*S-***","XA*A-06FS-EX*S-***","","","Combination","Type I - Table, countertop, and stand mounted units","Full-size","Electric","25",,,"1","10.7",,"1","3.1","0.93",,"",,"Boiler-less/Spritzer/Injector","6",,"12","6","1.47",,"","","80","68","102","175",,,"0.24","0.2",,,"",,"07/01/2024","07/22/2024","United States, Canada","ES_1134474_XA*A-06FS-EX*S-***_072220242049263_1852115"
"3555223","UNOX S.p.A.","UNOX S.p.A.","XA*A-06FS-GX*S-***","XA*A-06FS-GX*S-***","","","Combination","Type I - Table, countertop, and stand mounted units","Full-size","Gas","","92,128","6,947","1","10.4","5,137",,"5.5","","2,999","1.49","8,083","Boiler-less/Spritzer/Injector","6",,"12","6",,"6,940","0.44","8441","58","46","103","223","0.01",,"0.45","0.05",,,"",,"07/01/2024","07/22/2024","United States, Canada","ES_1134474_XA*A-06FS-GX*S-***_072220241904826_1881150"
"3555225","UNOX S.p.A.","UNOX S.p.A.","XA*A-06FS-NX*S-***","XA*A-06FS-NX*S-***","","","Combination","Type I - Table, countertop, and stand mounted units","Full-size","Gas","","92,124","6,933","1","10.1","5,176",,"5.6","","2,966","1.53","8,181","Boiler-less/Spritzer/Injector","6",,"12","6",,"6,979","0.45","8514","58","46","105","220","0.01",,"0.45","0.05",,,"",,"07/01/2024","07/22/2024","United States, Canada","ES_1134474_XA*A-06FS-NX*S-***_072220242047363_9330494"
"3555224","UNOX S.p.A.","UNOX S.p.A.","XA*A-1011-EX*S-***","XA*A-1011-EX*S-***","","","Combination","Type I - Table, countertop, and stand mounted units","Half-size","Electric","21.2",,,"1","7.2",,"1","2.6","1.07",,"",,"Boiler-less/Spritzer/Injector","10",,"10",,"1.44",,"","","78","64","89","191",,,"0.22","0.25",,,"",,"07/01/2024","07/22/2024","United States, Canada","ES_1134474_XA*A-1011-EX*S-***_072220242100394_6178348"
"3555226","UNOX S.p.A.","UNOX S.p.A.","XA*A-1011-GX*S-***","XA*A-1011-GX*S-***","","","Combination","Type I - Table, countertop, and stand mounted units","Half-size","Gas","","85,300","5,200","1","8.2","3,695",,"2.9","","2,928","0.69","5,282","Boiler-less/Spritzer/Injector","10",,"10",,,"5,203","0.63","7353","62","49","90","185",,,"0.35","0.16",,,"",,"07/01/2024","07/22/2024","United States, Canada","ES_1134474_XA*A-1011-GX*S-***_072220242058510_9685831"
"3555227","UNOX S.p.A.","UNOX S.p.A.","XA*A-1011-NX*S-***","XA*A-1011-NX*S-***","","","Combination","Type I - Table, countertop, and stand mounted units","Half-size","Gas","","85,300","5,203","1","8.1","3,708",,"2.9","","2,940","0.69","5,294","Boiler-less/Spritzer/Injector","10",,"10",,,"5,261","0.63","7411","62","49","92","188",,,"0.34","0.16",,,"",,"07/01/2024","07/22/2024","United States, Canada","ES_1134474_XA*A-1011-NX*S-***_072220242049832_4127332"
"3555228","UNOX S.p.A.","UNOX S.p.A.","XA*A-10FS-EX*S-***","XA*A-10FS-EX*S-***","","","Combination","Type I - Table, countertop, and stand mounted units","Full-size","Electric","38.8",,,"2","11.6",,"1","3.1","1.34",,"",,"Boiler-less/Spritzer/Injector","10",,"20","10","2.08",,"","","82","60","166","320",,,"0.34","0.2",,,"",,"07/01/2024","07/22/2024","United States, Canada","ES_1134474_XA*A-10FS-EX*S-***_072220242059338_4395240"
"3555229","UNOX S.p.A.","UNOX S.p.A.","XA*A-10FS-GX*S-***","XA*A-10FS-GX*S-***","","","Combination","Type I - Table, countertop, and stand mounted units","Full-size","Gas","","136,480","8,682","1","4.1","7,326",,"4.7","","3,545","0.84","6,411","Boiler-less/Spritzer/Injector","10",,"20","10",,"8,751","0.74","11276","60","48","175","280","0.03",,"0.36","0.16",,,"",,"07/01/2024","07/22/2024","United States, Canada","ES_1134474_XA*A-10FS-GX*S-***_072220242047913_9589811"
"3555230","UNOX S.p.A.","UNOX S.p.A.","XA*A-10FS-NX*S-***","XA*A-10FS-NX*S-***","","","Combination","Type I - Table, countertop, and stand mounted units","Full-size","Gas","","136,480","8,703","1","4","7,340",,"5","","3,579","0.85","6,479","Boiler-less/Spritzer/Injector","10",,"20","10",,"8,807","0.77","11434","60","48","174","282","0.02",,"0.35","0.16",,,"",,"07/01/2024","07/22/2024","United States, Canada","ES_1134474_XA*A-10FS-NX*S-***_072220242046757_5072740"
"2406720","UNOX S.p.A.","UNOX S.p.A.","XACC-0513-EP*M-***","XACC-0513-EP*M-***","","","Combination","Type I - Table, countertop, and stand mounted units","Half-size","Electric","5.8",,,"1","3.52",,"1","2.02","0.68",,"",,"Boiler-less/Spritzer/Injector","5",,"5",,"1.12",,"","","78","67","45.9","60.8","0","0","0.34","0.08",,,"",,"12/30/2022","11/30/2023","United States, Canada","ES_1134474_XACC-0513-EP*-*_09032019191340_8020893"
"2406681","UNOX S.p.A.","UNOX S.p.A.","XAF*-03FS-E***-***","XAF*-03FS-E***-***","","","Convection","Type I - Table, countertop, and stand mounted units","Full-size","Electric","3.8",,,"1","6.43",,,,"0.85",,"",,"Boiler-less/Spritzer/Injector","3",,,"3",,,"","","82",,"47",,"0","0",,,,,"",,"01/01/2023","11/30/2023","United States, Canada","ES_1134474_XAFT-03FS-E***_01312018192003_6403539"
"2406721","UNOX S.p.A.","UNOX S.p.A.","XAF*-03HS-E***-***","XAF*-03HS-E***-***","","","Convection","Type I - Table, countertop, and stand mounted units","Half-size","Electric","3.3",,,"1","5.35",,,,"0.76",,"",,"Boiler-less/Spritzer/Injector","3",,"3",,,,"","","82",,"29.6",,"0","0",,,,,"",,"01/01/2023","11/30/2023","United States, Canada","ES_1134474_XAFT-03HS-E***_01312018195140_8300580"
"2406813","UNOX S.p.A.","UNOX S.p.A.","XAF*-03HS-L***-***","XAF*-03HS-L***-***","","","Convection","Type I - Table, countertop, and stand mounted units","Half-size","Electric","1.44",,,"1","15.8",,,,"0.74",,"",,"Boiler/Steam Generator","3",,"3",,,,"","","73",,"12.5",,"0","0",,,,,"",,"01/01/2023","11/30/2023","United States, Canada","ES_1134474_XAFT-03HS-L****_01312018195851_8731634"
"2406818","UNOX S.p.A.","UNOX S.p.A.","XAF*-04FS-E***-***","XAF*-04FS-E***-***","","","Convection","Type I - Table, countertop, and stand mounted units","Full-size","Electric","7.6",,,"1","3.57",,,,"1.11",,"",,"Boiler-less/Spritzer/Injector","5",,,"5",,,"","","80",,"80.9",,"0","0",,,,,"",,"01/01/2023","11/30/2023","United States, Canada","ES_1134474_XAFT-04-FS-E***_01312018194545_7945680"
"2406820","UNOX S.p.A.","UNOX S.p.A.","XAF*-04HS-E***-***","XAF*-04HS-E***-***","","","Convection","Type I - Table, countertop, and stand mounted units","Half-size","Electric","3.8",,,"1","5.05",,,,"0.79",,"",,"Boiler-less/Spritzer/Injector","4",,"4",,,,"","","74",,"33.3",,"0","0",,,,,"",,"01/01/2023","11/30/2023","United States, Canada","ES_1134474_XAFT-04HS-E***_01312018201102_9462864"
"2406789","UNOX S.p.A.","UNOX S.p.A.","XAVC-0511-EP*M-***","XAVC-0511-EP*M-***","","","Combination","Type I - Table, countertop, and stand mounted units","Half-size","Electric","5.9",,,"1","6",,"1","5.33","0.74",,"",,"Boiler-less/Spritzer/Injector","5",,"5",,"1.02",,"","","78","65","45.3","89.7","0","0","0.36","0.09",,,"",,"01/02/2023","11/30/2023","United States, Canada","ES_1134474_XAVC-0511-EP*M_011320230947780_5562986"
"2406790","UNOX S.p.A.","UNOX S.p.A.","XAVC-06FS-EP*M-***","XAVC-06FS-EP*M-***","","","Combination","Type I - Table, countertop, and stand mounted units","Half-size","Electric","14.3",,,"1","4.11",,"1","1.86","1.13",,"",,"Boiler-less/Spritzer/Injector","12",,"12","6","1.33",,"","","79","65","116.6","179.1","0","0","0.31","0.04",,,"",,"12/30/2022","11/30/2023","United States, Canada","ES_1134474_XAVC-06FS-EPR_11062015185237_5957457"
"2406791","UNOX S.p.A.","UNOX S.p.A.","XAVC-06FS-GP*M-***","XAVC-06FS-GP*M-***","","","Combination","Type I - Table, countertop, and stand mounted units","Half-size","Gas","","92,124","6,195","1","3.42","5,050","1","3.4","","2,838","0.68","5,158","Boiler-less/Spritzer/Injector","12",,"12","6",,"5,624","0.63","7773","59","50","114.3","211.3","0","0","0.4","0.09",,,"",,"01/01/2023","11/30/2023","United States, Canada","ES_1134474_XAVC-06FS-GP*M_011320230950377_9426653"
"2406794","UNOX S.p.A.","UNOX S.p.A.","XAVC-1011-EP*M-***","XAVC-1011-EP*M-***","","","Combination","Type I - Table, countertop, and stand mounted units","Half-size","Electric","15.7",,,"1","4.1",,"1","2","1.16",,"",,"Boiler-less/Spritzer/Injector","10",,"10",,"1.45",,"","","78","69","93.1","167.5","0","0","0.28","0.05",,,"",,"12/30/2022","11/30/2023","United States, Canada","ES_1134474_XAVC-1011-EP*M_011320231008455_1584301"
"2406793","UNOX S.p.A.","UNOX S.p.A.","XAVC-1011-GP*-*","XAVC-1011-GP*M-***","","","Convection","Type I - Table, countertop, and stand mounted units","Half-size","Gas","","81,891","3,014",,"3.72","2,672",,,"","2,825","0.80","5,559","Boiler-less/Spritzer/Injector",,,,,,,"3190.00","5758",,,,"145",,,,,,,"",,"04/28/2017","02/12/2024","United States, Canada","ES_1134474_XAVC-1011-GP*-*_04292017191011_3011869"
"2406792","UNOX S.p.A.","UNOX S.p.A.","XAVC-10FS-EP*M-***","XAVC-10FS-EP*M-***","","","Combination","Type I - Table, countertop, and stand mounted units","Half-size","Electric","21.3",,,"2","4.42",,"1","2.1","1.57",,"",,"Boiler-less/Spritzer/Injector","20",,"20","10","1.65",,"","","83","63","191.7","287.4","0","0","0.41","0.06",,,"",,"01/01/2023","11/30/2023","United States, Canada","ES_1134474_XAVC-10FS-EPR_11062015184347_5427687"
"2447101","UNOX S.p.A.","UNOX S.p.A.","XAVC-10FS-GP*M-***","XAVC-10FS-GP*M-***","","","Combination","Type I - Table, countertop, and stand mounted units","Half-size","Gas","","145,010","10,923","1","3.93","7,906","1","4.12","","3,911","1.05","7,494","Boiler-less/Spritzer/Injector","20",,"20","10",,"7,917","0.90","10987","59","49","180","323","0","0","0.3","0.06",,,"",,"01/02/2023","01/11/2023","United States, Canada","ES_1134474_XAVC-10FS-GP*M_032320231543418_9432207"
"3414145","UNOX S.p.A.","UNOX S.p.A.","XAVC-10FS-GPa-xx","XAVC-10FS-GP*M-***","","","Combination","Type I - Table, countertop, and stand mounted units","Full-size","Gas","","119,424","7,975",,"6.67","3,964",,"2.69","","4,051","1.09","7,770","Boiler-less/Spritzer/Injector","20",,,"10",,,"","",,"49","188.6","260",,,,,,,"",,"09/25/2015","02/12/2024","United States, Canada","ES_1134474_XAVC-10FS-GPa-xx_03312016190838_1318844"
"2581047","UNOX S.p.A.","UNOX S.p.A.","XAVL-2021-DP*S","XAVL-2021-DP*S-***","","","Combination","Type II - Floor and roll-in units","Full-size","Electric","71",,,"2","2.4",,"3","3.8","2.06",,"",,"Boiler-less/Spritzer/Injector","40",,,"40","2.95",,"","","83","63","340","719","0","0","0.33","0.03",,,"",,"07/20/2023","06/27/2023","United States, Canada","ES_1134474_XAVL-2021-DP*S_071820231738674_9708210"
"2406795","UNOX S.p.A.","UNOX S.p.A.","XAVL-2021-GP*S","XAVL-2021-GP*S-***","","","Combination","Type II - Floor and roll-in units","Full-size","Gas","","307,093","15,502","1","4.87","18,960","1","5.88","","6,439","1.69","12,206","Boiler-less/Spritzer/Injector","40",,,"20",,"9,023","1.61","14515","61","41","324.1","584.7","0","0","0.47","0.03",,,"",,"01/01/2023","01/11/2023","United States, Canada","ES_1134474_XAVL-2021-GP*S-**_06292020145235_2355282"
"2406796","UNOX S.p.A.","UNOX S.p.A.","XAVL-2021-NP*S","XAVL-2021-NP*S-***","","","Combination","Type II - Floor and roll-in units","Full-size","Gas","","307,093","14,190","1","4.6","18,006","1","5.68","","5,803","1.84","12,081","Boiler-less/Spritzer/Injector","40",,,"20",,"8,546","1.70","14347","60","43","332.7","603","0","0","0.44","0.03",,,"",,"01/02/2023","01/11/2023","United States, Canada","ES_1134474_XAVL-2021-NP*S-**_06292020150449_3089929"
"3555231","UNOX S.p.A.","UNOX S.p.A.","XE*A-0611-EX*S-LP","XE*A-0611-EX*S-LP","","","Combination","Type I - Table, countertop, and stand mounted units","Half-size","Electric","10.1",,,"1","9.3",,"1","2.2","0.75",,"",,"Boiler-less/Spritzer/Injector","6",,"6",,"1.12",,"","","78","60","54","125",,,"0.28","0.31",,,"",,"07/01/2024","07/22/2024","United States, Canada","ES_1134474_XE*A-0611-EX*S-LP_072220242058155_1732182"
"2406797","UNOX S.p.A.","UNOX S.p.A.","XECL-2013-YP*S-***","XECL-2013-YP*S-***","","","Combination","Type II - Floor and roll-in units","Half-size","Electric","38.5",,,"2","2.9",,"2","2.48","1.81",,"",,"Boiler-less/Spritzer/Injector","20",,"20",,"2.32",,"","","78","58","179.6","387.5","0","0","0.25","0.03",,,"",,"12/30/2022","11/30/2023","United States, Canada","ES_1134474_XECL-2013-YP*S_01132023101148_6732523"
"2581055","UNOX S.p.A.","UNOX S.p.A.","XEDA-0611-EX*S","XEDA-0611-EX*S-***","","","Combination","Type I - Table, countertop, and stand mounted units","Full-size","Electric","11.6",,,"1","3.1",,"1","2.7","0.81",,"",,"Boiler-less/Spritzer/Injector","6",,,"6","1.08",,"","","78","66","57","118","0","0","0.21","0.21",,,"",,"07/20/2023","06/27/2023","United States, Canada","ES_1134474_XEDA-0611-EX*S_071820231740850_8547790"
"2581050","UNOX S.p.A.","UNOX S.p.A.","XEDA-0611-GX*S","XEDA-0611-GX*S-***","","","Combination","Type I - Table, countertop, and stand mounted units","Full-size","Gas","","51,182","1,098","1","1.23","1,980",,"2.37","","2,739","0.44","4,240","Boiler-less/Spritzer/Injector","6",,,"6",,"4,950","0.39","6281","58","47","55","117","0","0","0.36","0.2",,,"",,"07/20/2023","06/27/2023","United States, Canada","ES_1134474_XEDA-0611-GX*S_071820231742964_4731057"
"2581053","UNOX S.p.A.","UNOX S.p.A.","XEDA-0621-EX*S","XEDA-0621-EX*S-***","","","Combination","Type I - Table, countertop, and stand mounted units","Full-size","Electric","23.1",,,"1","2.05",,"1","2.57","1.11",,"",,"Boiler-less/Spritzer/Injector","12",,,"12","1.76",,"","","78","61","102","201","0","0","0.32","0.23",,,"",,"07/20/2023","06/27/2023","United States, Canada","ES_1134474_XEDA-0621-EX*S_071820231742418_5493414"
"2581054","UNOX S.p.A.","UNOX S.p.A.","XEDA-0621-GX*S","XEDA-0621-GX*S-***","","","Combination","Type I - Table, countertop, and stand mounted units","Full-size","Gas","","92,128","4,221","1","4.6","4,014","1","3.72","","3,299","0.44","4,800","Boiler-less/Spritzer/Injector","12",,,"12",,"5,074","0.50","6780","57","49","108","172","0.02","0","0.32","0.09",,,"",,"07/20/2023","06/27/2023","United States, Canada","ES_1134474_XEDA-0621-GX*S_071820231743865_9248510"
"2581056","UNOX S.p.A.","UNOX S.p.A.","XEDA-1011-EX*S","XEDA-1011-EX*S-***","","","Combination","Type I - Table, countertop, and stand mounted units","Full-size","Electric","19.6",,,"1","2.57",,"1","1.85","1.16",,"",,"Boiler-less/Spritzer/Injector","10",,,"10","1.48",,"","","78","62","93","202","0","0","0.34","0.24",,,"",,"07/20/2023","06/27/2023","United States, Canada","ES_1134474_XEDA-1011-EX*S_071820231745463_2243519"
"2581059","UNOX S.p.A.","UNOX S.p.A.","XEDA-1011-GX*S","XEDA-1011-GX*S-***","","","Combination","Type I - Table, countertop, and stand mounted units","Full-size","Gas","","85,300","4,341",,"2.97","5,460",,"4.95","","3,159","0.67","5,445","Boiler-less/Spritzer/Injector","10",,,"10",,"6,951","0.59","8964","61","52","95","179","0","0","0.31","0.28",,,"",,"07/20/2023","06/27/2023","United States, Canada","ES_1134474_XEDA-1011-GX*S_071820231746828_5899272"
"2581060","UNOX S.p.A.","UNOX S.p.A.","XEDA-1021-EX*S","XEDA-1021-EX*S-***","","","Combination","Type I - Table, countertop, and stand mounted units","Full-size","Electric","35.8",,,"1","2.23",,"1","1.15","1.66",,"",,"Boiler-less/Spritzer/Injector","20",,,"20","3.02",,"","","81","66","170","320","0","0","0.3","0.08",,,"",,"07/20/2023","06/27/2023","United States, Canada","ES_1134474_XEDA-1021-EX*S_071820231745472_9355318"
"2581068","UNOX S.p.A.","UNOX S.p.A.","XEDA-1021-EX*S-SL","XEDA-1021-EX*S-SL","","","Combination","Type I - Table, countertop, and stand mounted units","Full-size","Electric","35.4",,,"1","2.15",,"1","3.17","1.44",,"",,"Boiler-less/Spritzer/Injector","20",,,"20","2.98",,"","","82","65","177","329","0","0","0.28","0.08",,,"",,"07/20/2023","06/27/2023","United States, Canada","ES_1134474_XEDA-1021-EX*S-SL_07182023174604_5154226"
"2581064","UNOX S.p.A.","UNOX S.p.A.","XEDA-1021-GX*S-***","XEDA-1021-GX*S-***","","","Combination","Type I - Table, countertop, and stand mounted units","Full-size","Gas","","136,486","7,846",,"3.72","8,180",,"4.83","","4,480","0.80","7,210","Boiler-less/Spritzer/Injector","20",,,"20",,"8,973","0.74","11498","58","48","179","290","0.03","0","0.36","0.22",,,"",,"07/20/2023","06/27/2023","United States, Canada","ES_1134474_XEDA-1021-GX*S_071820231747512_9950377"
"2406798","UNOX S.p.A.","UNOX S.p.A.","XEF*-03EU-****-***","XEF*-03EU-****-***","","","Convection","Type I - Table, countertop, and stand mounted units","Full-size","Electric","3.5",,,"1","7.85",,,,"0.8",,"",,"Boiler-less/Spritzer/Injector","3",,,"3",,,"","","86",,"49.5",,"0","0",,,,,"",,"01/01/2023","11/30/2023","United States, Canada","ES_1134474_XEFT-03EU-****-*_10202017150247_1767381"
"2406799","UNOX S.p.A.","UNOX S.p.A.","XEF*-03HS-E****-***","XEF*-03HS-E****-***","","","Convection","Type I - Table, countertop, and stand mounted units","Half-size","Electric","3",,,,"5.33",,,,"0.62",,"",,"Boiler-less/Spritzer/Injector","3",,"3",,,,"","","78",,"29.9",,"0","0",,,,,"",,"01/01/2023","11/30/2023","United States, Canada","ES_1134474_XEFT-03HS-****-*_10202017145115_1075232"
"2406800","UNOX S.p.A.","UNOX S.p.A.","XEF*-04EU-E***-***","XEF*-04EU-E***-***","","","Convection","Type I - Table, countertop, and stand mounted units","Full-size","Electric","6.9",,,"1","4.22",,,,"1.04",,"",,"Boiler-less/Spritzer/Injector","5",,,"5",,,"","","79",,"75.6",,"0","0",,,,,"",,"01/01/2023","11/30/2023","United States, Canada","ES_1134474_XEFT-04EU-****-*_10202017171655_9815823"
"2406719","UNOX S.p.A.","UNOX S.p.A.","XEF*-04HS-E***-***","XEF*-04HS-E***-***","","","Convection","Type I - Table, countertop, and stand mounted units","Half-size","Electric","3.5",,,"1","5.58",,,,"0.68",,"",,"Boiler-less/Spritzer/Injector","4",,"4",,,,"","","80",,"38.1",,"0","0",,,,,"",,"01/01/2023","11/30/2023","United States, Canada","ES_1134474_XEFT-04HS-****-*_10202017151848_2728903"
"2406801","UNOX S.p.A.","UNOX S.p.A.","XEF*-06EU-E***-***","XEF*-06EU-E***-***","","","Convection","Type I - Table, countertop, and stand mounted units","Full-size","Electric","10.3",,,"1","3.27",,,,"1.26",,"",,"Boiler-less/Spritzer/Injector","6",,,"6",,,"","","80",,"106.1",,"0","0",,,,,"",,"01/01/2023","11/30/2023","United States, Canada","ES_1134474_XEFT-06EU-****-*_10202017160707_5627194"
"2406802","UNOX S.p.A.","UNOX S.p.A.","XEF*-06FS-E***-***","XEF*-06FS-E***-***","","","Convection","Type I - Table, countertop, and stand mounted units","Full-size","Electric","10.3",,,"1","3.13",,,,"1.31",,"",,"Boiler-less/Spritzer/Injector","6",,,"6",,,"","","80",,"111.8",,"0","0",,,,,"",,"01/01/2023","11/30/2023","United States, Canada","ES_1134474_XEFT-06FS-E***_01312018194052_7652888"
"2406803","UNOX S.p.A.","UNOX S.p.A.","XEF*-06FS-E***-SW","XEF*-06FS-E***-SW","","","Convection","Type I - Table, countertop, and stand mounted units","Full-size","Electric","7.2",,,"1","6",,,,"1.23",,"",,"Boiler-less/Spritzer/Injector","6",,,"6",,,"","","79",,"87",,"0","0",,,,,"",,"01/01/2023","11/30/2023","United States, Canada","ES_1134474_XEFT-06FS-E***-SW_011320231014164_5991203"
"2581067","UNOX S.p.A.","UNOX S.p.A.","XELA-10EU-EXRS","XELA-10EU-EX*S-***","","","Combination","Type I - Table, countertop, and stand mounted units","Full-size","Electric","21",,,"1","3.02",,"1","1.73","1.37",,"",,"Boiler-less/Spritzer/Injector","13",,,"13","1.68",,"","","78","61","123","249","0","0","0.27","0.23",,,"",,"07/20/2023","06/27/2023","United States, Canada","ES_1134474_XELA-10EU-EXRS_071820231745310_4284384"
"2406804","UNOX S.p.A.","UNOX S.p.A.","XEVC-0511-EP*M-***","XEVC-0511-EP*M-***","","","Combination","Type I - Table, countertop, and stand mounted units","Half-size","Electric","9.3",,,"1","2.22",,"1","1.22","0.73",,"",,"Boiler-less/Spritzer/Injector","5",,"5",,"0.66",,"","","81","65","49.7","65.3","0","0","0.24","0.04",,,"",,"12/30/2022","11/30/2023","United States, Canada","ES_1134474_XEVC-0511-EP*-*_04292017141828_5508048"
"2406805","UNOX S.p.A.","UNOX S.p.A.","XEVC-0711-EP*M-***","XEVC-0711-EP*M-***","","","Combination","Type I - Table, countertop, and stand mounted units","Half-size","Electric","11.7",,,"1","3.77",,"1","2.85","0.9",,"",,"Boiler-less/Spritzer/Injector","7",,"7",,"1.53",,"","","78","59","64.1","118.7","0","0","0.25","0.07",,,"",,"12/31/2022","11/30/2023","United States, Canada","ES_1134474_XEVC-0711-EP*-*_09032019192137_8497150"
"2406806","UNOX S.p.A.","UNOX S.p.A.","XEVC-0711-GP*M-***","XEVC-0711-GP*M-***","","","Combination","Type I - Table, countertop, and stand mounted units","Half-size","Gas","","64,830","4,028","1","4.32","2,969","1","2.9","","4,660","0.51","6,400","Boiler-less/Spritzer/Injector","7",,"7",,,"5,596","0.53","7403","58","46","73.9","120.3","0","0","0.19","0.04",,,"",,"01/01/2023","11/30/2023","United States, Canada","ES_1134474_XEVC-0711-GP*-*_05152020195011_2211147"
"2406807","UNOX S.p.A.","UNOX S.p.A.","XEVC-1011-EP*M-***","XEVC-1011-EP*M-***","","","Combination","Type I - Table, countertop, and stand mounted units","Half-size","Electric","18.5",,,"1","2.28",,"1","1.2","1.08",,"",,"Boiler-less/Spritzer/Injector","10",,"10",,"1.14",,"","","78","71","101.7","158.6","0","0","0.14","0.03",,,"",,"01/01/2023","11/30/2023","United States, Canada","ES_1134474_XEVC-1011-EP*-*_04292017144807_7287288"
"2406808","UNOX S.p.A.","UNOX S.p.A.","XEVC-1011-GP*M-***","XEVC-1011-GP*M-***","","","Combination","Type I - Table, countertop, and stand mounted units","Half-size","Gas","","75,067","4,710","1","4.02","3,744","1","3.87","","1,968","0.57","6,912","Boiler-less/Spritzer/Injector","10",,"10",,,"6,002","0.49","7674","61","51","89.4","145.5","0","0","0.23","0.04",,,"",,"01/01/2023","11/30/2023","United States, Canada","ES_1134474_XEVC-1011-GP*M-**_06292020152124_4084862"
"2406809","UNOX S.p.A.","UNOX S.p.A.","XEVL-2011-DP*S-***","XEVL-2011-DP*S-***","","","Combination","Type II - Floor and roll-in units","Half-size","Electric","38.5",,,"1","3.12",,"2","1.57","1.98",,"",,"Boiler-less/Spritzer/Injector","20",,"20",,"3.06",,"","","78","56","180.9","378","0","0","0.26","0.04",,,"",,"01/01/2023","11/30/2023","United States, Canada","ES_1134474_XEVL-2011-DP*-*_05152020202732_4452050"
"2406810","UNOX S.p.A.","UNOX S.p.A.","XEVL-2011-GP*S-***","XEVL-2011-GP*S-***","","","Combination","Type II - Floor and roll-in units","Half-size","Gas","","163,783","11,427","1","4.33","6,837","1","2.6","","6,111","1.30","10,547","Boiler-less/Spritzer/Injector","20",,"20",,,"6,837","1.78","12910","57","44","207.5","395.2","0","0","0.33","0.03",,,"",,"12/30/2022","11/30/2023","United States, Canada","ES_1134474_XEVL-2011-GP*-*_05152020203529_4929270"
"2406811","UNOX S.p.A.","UNOX S.p.A.","XEVL-2011-YP*S-***","XEVL-2011-YP*S-***","","","Combination","Type II - Floor and roll-in units","Half-size","Electric","38.5",,,"1","3.12",,"2","1.57","1.98",,"",,"Boiler-less/Spritzer/Injector","20",,"20",,"3.06",,"","","78","56","180.9","378","0","0","0.26","0.04",,,"",,"01/01/2023","11/30/2023","United States, Canada","ES_1134474_XEVL-2011-YP*-*_05152020204107_5267712"
"2406812","UNOX S.p.A.","UNOX S.p.A.","XEVL-2021-GP*S-***","XEVL-2021-GP*S-***","","","Combination","Type II - Floor and roll-in units","Half-size","Electric","2.6",,"15,943",,"6.43","13,796",,,"","9,754","","13,476","Boiler-less/Spritzer/Injector","20",,,,,,"1.08","","57","44","351.3","642.4",,,,,,,"",,"11/20/2019","02/12/2024","United States","ES_1134474_XEVL-2021-GP*-*_05152020204746_5666649"
"2406727","Vulcan (A division of ITW Food Equipment Group)","Hobart","HEC201D","HEC201D","HEC202D,HEC202D,","","Convection","Type I - Table, countertop, and stand mounted units","Half-size","Electric","5.4",,,"1","8.8",,,,"0.98",,"",,"Boiler-less/Spritzer/Injector",,,"5",,,,"","","76",,"60.5",,,,,,,,"",,"01/01/2018","11/12/2018","United States, Canada","ES_1017245_HEC201D_08122021154527_1002430"
"3360650","Vulcan (A division of ITW Food Equipment Group)","Hobart","HEC501D","HEC501D","HEC501, HEC501DX, HEC501X, HEC502, HEC502D, HEC502DX, HEC502,HEC501, HEC501DX, HEC501X, HEC502, HEC502D, HEC502DX, HEC503,","","Convection","Type I - Table, countertop, and stand mounted units","Full-size","Electric","12.32",,,"1","5.3",,,,"1.22",,"",,"Boiler-less/Spritzer/Injector",,,,"5",,,"","","82",,"130.8",,,,,,,,"",,"04/04/2013","01/10/2023","United States, Canada","ES_1017245_HEC501D_01052024150008_1002668"
"3360652","Vulcan (A division of ITW Food Equipment Group)","Hobart","HGC501D","HGC501D","HGC501, HGC501D, HGC501DX, HGC501X, HGC502, HGC502D, HGC502DX, HGC502X,HGC501, HGC501D, HGC501DX, HGC501X, HGC502, HGC502D, HGC502DX, HGC502X,","","Convection","Type I - Table, countertop, and stand mounted units","Full-size","Gas","","47,779","6,767",,"12.2",,,,"","8,317","0.44","8,317","Boiler-less/Spritzer/Injector",,,,"5",,,"","","54",,"96.1",,,,,,,,"",,"04/04/2013","01/10/2023","United States, Canada","ES_1017246_HGC501D_01052024151903_1002672"
"2406726","Vulcan (A division of ITW Food Equipment Group)","Vulcan","ECO2D","ECO2D","ECO22D,ECO22D,","","Convection","Type I - Table, countertop, and stand mounted units","Half-size","Electric","5.4",,,"1","8.8",,,,"0.98",,"",,"Boiler-less/Spritzer/Injector",,,"5",,,,"","","76",,"60.5",,,,,,,,"",,"01/01/2018","11/12/2018","United States, Canada","ES_1017245_ECO2D_12182018100718_1002290"
"2406833","Vulcan (A division of ITW Food Equipment Group)","Vulcan","SG4","SG4","SG44, SG6, SG66,SG44, SG6, SG66,","","Convection","Type I - Table, countertop, and stand mounted units","Full-size","Gas","","59,312","8,996",,"9.06",,,,"","8,853","","8,853","Boiler-less/Spritzer/Injector",,,,"5",,,"","","52",,"96.7",,,,,,,,"",,"03/15/2013","01/13/2023","United States, Canada","ES_1017245_SG4_01092014171741_1002247"
"2406724","Vulcan (A division of ITW Food Equipment Group)","Vulcan","VC4ED","VC4ED","VC44EC, VC44ED, VC4EC, VC66EC, VC66ED, VC6EC, VC6ED, X, VC5ED, VC55ED,VC44EC, VC44ED, VC4EC, VC66EC, VC66ED, VC6EC, VC6ED, X, VC5ED, VC55ED,","","Convection","Type I - Table, countertop, and stand mounted units","Full-size","Electric","12.32",,,"1","5.3",,,,"1.22",,"",,"Boiler-less/Spritzer/Injector",,,,"5",,,"","","82",,"130.8",,,,,,,,"",,"04/04/2013","01/10/2023","United States, Canada","ES_1017245_VC4E_01302020145229_1002305"
"2406682","Vulcan (A division of ITW Food Equipment Group)","Vulcan","VC4GD","VC4GD","VC4GC, VC6GC, VC6GD, VC44GC, VC44GD, VC66GC, VC66GD,  VC5GD, VC55GD,VC4GC, VC6GC, VC6GD, VC44GC, VC44GD, VC66GC, VC66GD,  VC5GD, VC55GD,","","Convection","Type I - Table, countertop, and stand mounted units","Full-size","Gas","","47,779","6,767",,"12.2",,,,"","8,317","0.44","8,317","Boiler-less/Spritzer/Injector",,,,"5",,,"","",,,,,,,,,,,"",,"04/04/2013","01/10/2023","United States, Canada","ES_1017245_VC4GD_01092014171741_1002245"
"3360651","Vulcan (A division of ITW Food Equipment Group)","Wolf","WC4ED","WC4ED","WC4ED-ESF, WC44ED, WC44ED-SEF, WC4EC, WC4EC-SEF, WC44EC, WC44EC-SEF,WC4ED-ESF, WC44ED, WC44ED-SEF, WC4EC, WC4EC-SEF, WC44EC, WC44EC-SEF,","","Convection","Type I - Table, countertop, and stand mounted units","Full-size","Electric","12.32",,,"1","5.3",,,,"1.22",,"",,"Boiler-less/Spritzer/Injector",,,,"5",,,"","","82",,"130.8",,,,,,,,"",,"04/04/2013","01/10/2023","United States, Canada","ES_1017245_WC4ED_01052024150008_1002669"
"3361141","Vulcan (A division of ITW Food Equipment Group)","Wolf","WC4GD","WC4GD","WC4GD-SEF, WC44GD, WC44GD-SEF, WC4GC, WC4GC-SEF, WC44GC, WC44GC-SEF,WC4GD-SEF, WC44GD, WC44GD-SEF, WC4GC, WC4GC-SEF, WC44GC, WC44GC-SEF,","","Convection","Type I - Table, countertop, and stand mounted units","Full-size","Gas","","47,779","6,767",,"12.2",,,,"","8,317","0.44","8,317","Boiler-less/Spritzer/Injector",,,,"5",,,"","","54",,"96.1",,,,,,,,"",,"04/04/2013","01/10/2023","United States, Canada","ES_1017245_WC4GD_01182024081148_1002687"
"2649773","Wells Mfg.","Lang","ECOH-AP","ECOH-AP","","","Convection","Type I - Table, countertop, and stand mounted units","Half-size","Electric","7.8",,,"1","5",,,,"0.83",,"",,"Boiler-less/Spritzer/Injector","5",,"5",,,,"","","72",,"48.3",,"0","0",,,,,"","0","08/15/2013","08/07/2023","United States, Canada","ES_1100413_ECOH-AP_083020231538270_4344133"
