ENERGY STAR Unique ID,Brand Name,Model Number,Additional Model Information,UPC,Type,Product Class,Defrost Type,Compact,Built-in,Thru the Door Dispenser,Ice Maker,Counter Depth,Height (in),Width (in),Capacity (Total Volume) (ft3),Adjusted Volume (ft3),Annual Energy Use (kWh/yr),US Federal Standard (kWh/yr),Percent Less Energy Use than US Federal Standard,Refrigerant Type,Refrigerant with GWP,Connected Functionality,Connects Using,Connected Functionality Tested,Communication Standard Application Layer,Direct on-premises Open-standard Based Interconnection,Date Available On Market,Date Certified,Markets,CB Model Identifier,Meets ENERGY STAR Most Efficient 2025 Criteria
4437357,Avanti,FFFD22IWR3S,",,Brand Name: AVANTI",079841170326,Bottom Freezer,5I - Refrigerator-freezers - automatic defrost with bottom-mounted freezer with an automatic icemaker without through-the-door ice service,Automatic,0,0,0,1,0,70.3,36.0,22.4,27.7,590,646.0,,,,0,,,,,2023-11-22,2025-06-12,"United States, Canada",ES_1131312_FFFD22IWR3S_061220250239958_4897958,0
2378190,Avanti,MCR74V**,"MCR74V0W,MCR74V0W,; MCR74V1B,MCR74V1B,; MCR74V3S,MCR74V3S,",,Compact Refrigerator,12 - Compact Refrigerator-Freezer - partial automatic defrost,Automatic,1,0,0,0,0,56.0,21.3,7.4,8.5,345,386.0,,,,0,,,,,2021-05-20,2021-05-21,"United States, Canada",ES_92257_MCR74V**_051920211117151_2009039,0
4005836,Arctic Chef,ACFR321-WHITE-6COM,",ACFR321-BLUE-AMZ,",058465793975;058465796594,Compact Refrigerator,11A - Compact All-Refrigerator - manual defrost,Manual,1,0,0,0,0,33.3,17.8,3.1,3.1,215,243.0,,,,0,,,,,2025-03-18,2025-03-26,United States,ES_1120898_ACFR321-WHITE-6COM_03192025140516_1636468,0
3998088,Arctic King,ARB47B5***,",,* can be replaced by A to Z or 1 to 9 denotes products with features, which do not have an effect on energy performance",840296514832,Compact Refrigerator,12 - Compact Refrigerator-Freezer - partial automatic defrost,Automatic,1,0,0,0,0,48.8,18.5,4.7,5.8,333,370.0,,,,0,,0.0,,,2025-02-15,2025-02-18,"United States, Canada",ES_1030337_ARB47B5***_021820250324157_6462242,0
3701804,Arctic Wind,ATM**212E,",,*: could be from 0 to 9 or from A to Z or blank to represent different in unit color",696807240048,Top Freezer,3 - Refrigerator-freezers - automatic defrost with top-mounted freezer without an automatic ice maker,Automatic,0,0,0,0,0,67.0,30.0,20.5,25.0,390,435.0,,R-600a,R-600a (GWP:3 | Lower GWP),0,,,,,2024-10-08,2024-10-09,United States,ES_1121980_ATM**212E_100920240139513_9300528,1
3618367,Avallon,AWC152DPRGLH,",AWC152DBLSS,; ,AWC152DPRGRH,; ,AWC152DZLH,; ,AWC152DZRH,",846844013307;852017005697;852017005703;852017005901;852017005918,Compact Cooler,3 - Freestanding Compact Cooler,,1,0,0,0,0,34.1,15.0,3.1,3.1,143,180.0,,,,0,,,,,2022-05-13,2024-08-06,"United States, Canada",ES_1092191_AWC152DPRGLH_08062024114908_2859918,0
3618365,Avallon,AWC152SPRGLH,",AWC152SBLSS,; ,AWC152SPRGRH,; ,AWC152SZLH,; ,AWC152SZRH,",852017005499;852017005710;852017005727;852017005925;852017005932,Compact Cooler,3 - Freestanding Compact Cooler,,1,0,0,0,0,34.1,15.0,3.4,3.4,144,183.0,,,,0,,,,,2022-05-13,2024-08-06,"United States, Canada",ES_1092191_AWC152SPRGLH_08062024114112_2185022,0
3618368,Avallon,AWC242DPRSLH,",AWC242DBLSS,; ,AWC242DPRGLH,; ,AWC242DPRGRH,; ,AWC242DPRSRH,; ,AWC242DZLH,; ,AWC242DZRH,",846844013284;846844013291;846844013314;852017005659;852017005666;852017005864;852017005871,Compact Cooler,3 - Freestanding Compact Cooler,,1,0,0,0,0,34.1,23.8,5.4,5.4,157,198.0,,,,0,,,,,2022-05-13,2024-08-06,"United States, Canada",ES_1092191_AWC242DPRSLH_08062024115038_644647,0
3618369,Avallon,AWC242FDPRG,",AWC242FD,; ,AWC242FDBLSS,",852017005529;852017005734;852017005956,Compact Cooler,3 - Freestanding Compact Cooler,,1,0,0,0,0,34.1,23.8,5.2,5.2,156,197.0,,,,0,,,,,2022-05-13,2024-08-06,"United States, Canada",ES_1092191_AWC242FDPRG_08062024115215_5921289,0
3618371,Avallon,AWC242SPRGLH,",AWC242SBLSS,; ,AWC242SPRGRH,; ,AWC242SZLH,; ,AWC242SZRH,",852017005512;852017005673;852017005680;852017005888;852017005895,Compact Cooler,3 - Freestanding Compact Cooler,,1,0,0,0,0,34.1,23.8,5.8,5.8,160,202.0,,,,0,,,,,2022-05-13,2024-08-06,"United States, Canada",ES_1092191_AWC242SPRGLH_08062024114501_3775293,0
3618370,Avallon,AWC243TDZLHA,",AWC243TDZRHA,",846844013338;846844013345,,4 - Freestanding Cooler,Manual,0,0,0,0,0,69.8,23.4,14.7,14.7,242,,,,,0,,,,,2022-05-13,2024-08-06,"United States, Canada",ES_1092191_AWC243TDZLHA_08062024115336_6302453,0
3618366,Avallon,AWC243TSZLH,",AWC243TSZRH,",852017005789;852017005796,,4 - Freestanding Cooler,Manual,0,0,0,0,0,69.8,23.4,15.3,15.3,247,,,,,0,,,,,2022-05-13,2024-08-06,"United States, Canada",ES_1092191_AWC243TSZLH_08062024114720_4103967,0
2354266,Avanti,AR17T0W,",AR17T1B,; ,AR17T3S,",,Compact Refrigerator,13A - Compact All-Refrigerators - automatic defrost,Automatic,1,0,0,0,0,20.2,17.7,1.7,1.7,233,275.0,,,,0,,,,,2020-01-01,2020-01-30,United States,ES_92257_AR17T1B_01102020102044_8042261,0
2309224,Avanti,AR17T1B,",AR17T0W,; ,AR17T3S,",,Compact Refrigerator,13A - Compact All-Refrigerators - automatic defrost,Automatic,1,0,0,0,0,20.1,17.7,1.7,1.7,238,275.0,,,,0,,,,,2017-11-15,2018-01-16,"United States, Canada",ES_92257_AR17T1B_11232017092331_4355584,0
2216363,Avanti,AR2406W,",AR2416B,",,Compact Refrigerator,13A - Compact All-Refrigerators - automatic defrost,Automatic,1,0,0,0,0,25.0,18.5,2.2,2.2,230,279.0,,,,0,,,,,2014-07-21,2014-07-22,United States,ES_92257_AR2406W_07212014164849_4965174,0
4005575,Avanti,AVFF18DLJ#**,",FF18DLJ#**,",079841000869;079841000876;079841000913,Top Freezer,3 - Refrigerator-freezers - automatic defrost with top-mounted freezer without an automatic ice maker,Automatic,0,0,0,0,0,66.6,29.5,18.3,21.6,365,408.0,,,,0,,,,,2025-03-12,2025-03-19,United States,ES_92257_AVFF18DLJ#**_03122025134719_9100458,1
3999626,Avanti,AVFF24DLJM#**,",,Where # can be 0-9, indicate different versions, The first * can be A-Z, the second * can be A-Z or blank, ** means different color of appearance",,Top Freezer,3 - Refrigerator-freezers - automatic defrost with top-mounted freezer without an automatic ice maker,Automatic,0,0,0,0,0,66.6,32.7,24.0,29.2,422,469.0,,,,0,,,,,2025-03-05,2025-03-11,"United States, Canada",ES_1131312_AVFF24DLJM#**_031120250220768_3406017,1
2354191,Beko,BFFD3626SS,",BFFD3626SS,Manufacturers Basic Model number for family: G91626NWLU",,Bottom Freezer,5I - Refrigerator-freezers - automatic defrost with bottom-mounted freezer with an automatic icemaker without through-the-door ice service,Automatic,0,0,0,1,1,71.7,35.8,19.8,24.7,565,620.0,,,,0,,0.0,,0.0,2018-06-01,2020-01-28,"United States, Canada",ES_1036108_BFFD3626SS_01072020081029_1805383,0
3543902,Bertazzoni,REF36FDFIXN*,",,Asterisk * denotes products with features, which can be any capital letter from A-Z or 0-9, it does not have an effect on energy performance.",,Bottom Freezer,5I - Refrigerator-freezers - automatic defrost with bottom-mounted freezer with an automatic icemaker without through-the-door ice service,Automatic,0,0,0,1,0,69.9,35.8,22.5,27.5,588,644.0,,,,0,,,,,2024-06-18,2024-06-25,"United States, Canada",ES_1133661_REF36FDFIXN*_062520240314943_7856193,0
3531139,Bevoi,BVIREF18*,",,Asterisk * can be replaced by A to Z or 1 to 9 denotes products with features, which do not have an effect on energy performance (without icemaker)",860005414734,Top Freezer,3 - Refrigerator-freezers - automatic defrost with top-mounted freezer without an automatic ice maker,Automatic,0,0,0,0,0,67.0,33.0,18.0,21.0,362,403.0,,,,0,,,,,2024-04-20,2024-05-30,"United States, Canada",ES_1145666_BVIREF18*_053020240721770_2752242,1
3478061,Bevoi,BVIREF18W,",,Ice maker ready product(with icemaker)",860005414734,Top Freezer,3I - Refrigerator-freezer - automatic defrost with op-mounted freezer with automatic icemaker without through-the-door ice,Automatic,0,0,0,1,0,67.0,33.0,18.0,21.0,446,487.0,,,,0,,,,,2024-04-20,2024-05-16,"United States, Canada",ES_1145666_BVIREF18W_051620240259694_3027781,1
3798574,Bevoi,BVIREF18W,",,Ice maker ready product(without icemaker)",860005414734,Top Freezer,3 - Refrigerator-freezers - automatic defrost with top-mounted freezer without an automatic ice maker,Automatic,0,0,0,0,0,67.0,33.0,18.0,21.0,362,403.0,,,,0,,,,,2024-04-20,2024-05-16,"United States, Canada",ES_1145666_BVIREF18W_111220240758392_2906873,1
2378191,Avanti,RA75V**,"RA75V0W,RA75V0W,; RA75V1B,RA75V1B,; RA75V3S,RA75V3S,",,Compact Refrigerator,12 - Compact Refrigerator-Freezer - partial automatic defrost,Automatic,1,0,0,0,0,56.0,21.3,7.4,8.5,345,386.0,,,,0,,,,,2021-05-20,2021-05-21,"United States, Canada",ES_92257_RAV75V**_051920211117471_8909741,0
2372511,Avanti,RMRS31X**-IS,",,(* can be A to Z, 0 to 9 which indicates color.)",,Compact Refrigerator,11A - Compact All-Refrigerator - manual defrost,Manual,1,0,0,0,0,32.5,17.8,3.0,3.0,169,243.0,,,,0,,,,,2020-11-16,2021-01-26,United States,ES_92257_RMRS31X**-IS_012520212337300_3102130,1
2396578,Avanti; Duura Elite,OR1533U3S,",DE150FROUSS,",079841201532;845035031953,Compact Refrigerator,13A - Compact All-Refrigerators - automatic defrost,Automatic,1,0,0,0,0,33.5,14.6,3.1,3.1,225,288.0,,R-600a,R-600a (GWP:3 | Lower GWP),0,,,,,2022-05-11,2022-05-19,"United States, Canada",ES_1131312_OR1533U3S_05162022150729_6040307,0
2396580,Avanti; Duura Elite,OR525U5D,",DE240DROUSS,",079841205257;845035031991,Compact Refrigerator,13A - Compact All-Refrigerators - automatic defrost,Automatic,1,0,0,0,0,33.5,23.6,4.7,4.7,265,302.0,,R-600a,R-600a (GWP:3 | Lower GWP),0,,,,,2022-05-11,2022-05-19,"United States, Canada",ES_1131312_OR525U5D_05162022171245_1537439,0
2393670,Avanti; Duura Elite,OR543U3S,",DE240FROUSS,",079841205431;845035031977,Compact Refrigerator,13A - Compact All-Refrigerators - automatic defrost,Automatic,1,0,0,0,0,33.5,23.6,5.3,5.3,235,308.0,,R-600a,R-600a (GWP:3 | Lower GWP),0,,,,,2022-03-09,2022-03-09,"United States, Canada",ES_1131312_OR543U3S_02232022145908_8850519,0
2397478,Avg,ARBM171DSE,",,Compressor options: EZ65H1Y-U, ETB72U6L, TB1112HY",632726207441,Bottom Freezer,5 - Refrigerator-freezers - automatic defrost with bottom-mounted freezer without an automatic ice maker,Automatic,0,0,0,0,0,69.1,31.1,17.2,21.1,453,504.0,,,,0,,0.0,,,2022-05-11,2022-06-15,Canada,ES_1125680_ARBM171DSE_06152022075930_9223402,0
3815218,Aviva,ARBM188*E4,",,Icemaker-Ready Product (without icemaker).The symbols *, maybe replaced by A to Z, it means the color of enclosure.",,Bottom Freezer,5 - Refrigerator-freezers - automatic defrost with bottom-mounted freezer without an automatic ice maker,Automatic,0,0,0,0,0,66.6,29.5,18.7,22.9,466,520.0,,,,0,,,,,2024-11-21,2024-11-28,Canada,ES_1125680_ARBM188*E4_112820240724217_5809750,0
3815219,Aviva,ARBM188*E4,",,Icemaker-Ready Product (with icemaker).The symbols *, maybe replaced by A to Z, it means the color of enclosure.",,Bottom Freezer,5I - Refrigerator-freezers - automatic defrost with bottom-mounted freezer with an automatic icemaker without through-the-door ice service,Automatic,0,0,0,1,0,66.6,29.5,18.7,22.9,550,604.0,,,,0,,,,,2024-11-22,2024-11-28,Canada,ES_1125680_ARBM188*E4_11282024072396_7229662,0
3543507,Aviva,ARTM142**,",,*: Suffix could be from 0 to 9 or A to Z or blank to represent different unit color",628173080492,Top Freezer,3 - Refrigerator-freezers - automatic defrost with top-mounted freezer without an automatic ice maker,Automatic,0,0,0,0,0,61.0,28.0,14.2,17.1,333,372.0,,R-600a,R-600a (GWP:3 | Lower GWP),0,,,,,2024-06-12,2024-06-17,Canada,ES_1125680_ARTM142**_061720240025230_9959914,1
2303338,Bosch,B30IR900SP,",,Network Communication",825225946762,Freezerless and Single Door,3A-BI - Built-In All-Refrigerators - automatic defrost,Automatic,0,1,0,0,0,83.7,30.0,16.8,16.8,289,363.0,,,,0,,,,,2017-09-01,2017-05-04,"United States, Canada",ES_0031649_B30IR900SP_05082017020339_70129737,0
2303404,Bosch,B36IT900NP,"B36BT930NS,,Cosmetic, Network Communication",825225946809,Bottom Freezer,5I-BI - Built-In Refrigerator-freezers - automatic defrost with bottom-mounted freezer with an automatic icemaker without through-the-door ice service,Automatic,0,1,0,1,0,83.7,36.0,19.4,23.6,585,643.0,,,,0,,,,,2017-09-01,2017-08-24,"United States, Canada",ES_0031649_B36IT900NP_08292017124701_70141391,0
2365294,Bosch,B36IT905NP,",B36BT935NS,Cosmetic",825225960546,Bottom Freezer,5I-BI - Built-In Refrigerator-freezers - automatic defrost with bottom-mounted freezer with an automatic icemaker without through-the-door ice service,Automatic,0,1,0,1,0,83.7,36.0,19.4,23.6,579,643.0,,R-600a,R-600a (GWP:3 | Lower GWP),0,,,,,2020-10-01,2020-08-25,"United States, Canada",ES_0031649_B36IT905NP_08312020054816_80044911,0
3436190,Brama,BR2660IFDRSS,",,with 2 compressor options: VFL110CY1, VFA090CY1",657433015929,Bottom Freezer,5I - Refrigerator-freezers - automatic defrost with bottom-mounted freezer with an automatic icemaker without through-the-door ice service,Automatic,0,0,0,1,0,70.0,35.9,26.6,32.5,628,689.0,,,,0,,,,,2024-04-02,2024-04-07,"United States, Canada",ES_1131312_BR2660IFDRSS_040720240929391_2929595,0
4512365,Breda,BR30FDRS1,",,with compressor VFA090CY1",,Bottom Freezer,5 - Refrigerator-freezers - automatic defrost with bottom-mounted freezer without an automatic ice maker,Automatic,0,0,0,0,0,70.1,29.9,17.7,21.7,435,509.0,,,,0,,,,,2025-10-09,2025-10-20,"United States, Canada",ES_1147102_BR30FDRS1_102020250612807_6824339,0
2307899,Black + Decker,BCRDK32*,",,A-Z may replace the * to indicate different color of product",,Compact Refrigerator,12 - Compact Refrigerator-Freezer - partial automatic defrost,Automatic,1,0,0,0,0,32.8,18.7,3.1,3.8,321,358.0,,,,0,,,,,2022-06-01,2017-12-13,United States,ES_1126481_BCRDK32_12152017120549_9549187,0
2269098,Black Decker,BCRK17B,",BCRK17B4; BCRK17V4;BCRK17W4,; ,BCRK17V,; ,BCRK17W,",,Compact Refrigerator,11A - Compact All-Refrigerator - manual defrost,Manual,1,0,0,0,0,19.7,17.5,1.7,1.7,201,232.0,,,,0,,,,,2016-05-20,2016-06-02,United States,ES_1126481_BCRK17B_06072016062234_0554843,0
2269097,Black Decker,BCRK25B,",BCRK25B4; BCRK25V4; BCRK25W4,; ,BCRK25V,; ,BCRK25W,",,Compact Refrigerator,11A - Compact All-Refrigerator - manual defrost,Manual,1,0,0,0,0,26.6,17.5,2.5,2.5,212,239.0,,,,0,,,,,2016-05-20,2016-06-02,United States,ES_1126481_BCRK25B_06072016062357_0637231,0
2269096,Black Decker,BCRK32B,",BCRK32B4; BCRK32V4; BCRK32W4,; ,BCRK32V,; ,BCRK32W,",,Compact Refrigerator,11A - Compact All-Refrigerator - manual defrost,Manual,1,0,0,0,0,32.7,17.5,3.2,3.2,219,244.0,,,,0,,,,,2016-05-20,2016-06-02,United States,ES_1126481_BCRK32B_06072016062543_0743771,0
2269095,Black Decker,BCRK43B,",BCRK43B4; BCRK43V4; BCRK43W4,; ,BCRK43V,; ,BCRK43W,",,Compact Refrigerator,11A - Compact All-Refrigerator - manual defrost,Manual,1,0,0,0,0,32.7,20.6,4.3,4.3,226,253.0,,,,0,,,,,2016-05-20,2016-06-02,United States,ES_1126481_BCRK43B_06072016062708_0828350,0
3994436,Black Decker,BR1000HS,",BR1000HB,; ,BR1000HW,",810064696121;810064696138;810064696145,Top Freezer,3 - Refrigerator-freezers - automatic defrost with top-mounted freezer without an automatic ice maker,Automatic,0,0,0,0,0,59.8,23.6,10.0,12.1,297,331.0,,,,0,,,,,2025-02-10,2025-07-08,United States,ES_1126481_BR1000HS_02062025110728_158807,1
3994437,Black Decker,BR1210HS,",BR1210HB,; ,BR1210HW,",810064696152;810064696169;810064696176,Top Freezer,3 - Refrigerator-freezers - automatic defrost with top-mounted freezer without an automatic ice maker,Automatic,0,0,0,0,0,59.8,23.6,12.1,14.7,316,352.0,,,,0,,,,,2025-02-10,2025-02-13,United States,ES_1126481_BR1210HS_02102025140720_2830163,1
3994438,Black Decker,BR1460HS,",BR1460HB,; ,BR1460HW,",810064696183;810064696190;810064696206,Top Freezer,3 - Refrigerator-freezers - automatic defrost with top-mounted freezer without an automatic ice maker,Automatic,0,0,0,0,0,66.0,27.9,14.6,17.0,333,371.0,,,,0,,,,,2025-02-10,2025-02-13,United States,ES_1126481_BR1460HS_02102025140901_2046930,1
3994441,Black Decker,BR1810HIMW,",BR1810HIMB,; ,BR1810HIMS,",810064696275;810064696282;810064696299,Top Freezer,3 - Refrigerator-freezers - automatic defrost with top-mounted freezer without an automatic ice maker,Automatic,0,0,0,0,0,66.1,29.7,18.1,21.8,450,410.0,,,,0,,,,,2025-02-10,2025-02-13,United States,ES_1126481_BR1810HIMW_02102025141619_2372552,0
3994439,Black Decker,BR1810HS,",BR1810HB,; ,BR1810HW,",810064696213;810064696220;810064696237,Top Freezer,3 - Refrigerator-freezers - automatic defrost with top-mounted freezer without an automatic ice maker,Automatic,0,0,0,0,0,66.1,29.7,18.1,21.8,367,410.0,,,,0,,,,,2025-02-10,2025-02-13,United States,ES_1126481_BR1810HS_02102025141028_6707116,1
2317773,Blomberg,K76540NEBU,"BRFB1900FBI,K76540NEBU,7295745710",,Bottom Freezer,5-BI - Built-In Refrigerator-freezers - automatic defrost with bottom-mounted freezer without an automatic icemaker,Automatic,0,1,0,0,1,83.5,29.8,16.4,20.0,473,525.0,,,,0,,0.0,,0.0,2017-11-13,2018-04-06,"United States, Canada",ES_1036108_K76540NEBU_03072018113615_6612359,0
2303400,Bosch,B30IB900SP,"B30BB930SS,,Cosmetic, Network Communication",825225946786,Bottom Freezer,5I-BI - Built-In Refrigerator-freezers - automatic defrost with bottom-mounted freezer with an automatic icemaker without through-the-door ice service,Automatic,0,1,0,1,0,83.7,30.0,16.0,19.4,498,603.0,,,,0,,,,,2017-09-01,2017-08-24,"United States, Canada",ES_0031649_B30IB900SP_08292017124701_70141391,0
2365289,Bosch,B30IB905SP,",B30BB935SS, B30BB935SP,Cosmetic",825225960560,Bottom Freezer,5I-BI - Built-In Refrigerator-freezers - automatic defrost with bottom-mounted freezer with an automatic icemaker without through-the-door ice service,Automatic,0,1,0,1,0,83.7,30.0,16.0,19.4,470,603.0,,R-600a,R-600a (GWP:3 | Lower GWP),0,,,,,2020-10-01,2020-08-25,"United States, Canada",ES_0031649_B30IB905SP_08312020054816_80044911,0
2697677,Conservator,GRMH141A*,",,* Suffix could be from 0 to 9 or A to Z or blank to represent different unit color",850052179137,Top Freezer,3 - Refrigerator-freezers - automatic defrost with top-mounted freezer without an automatic ice maker,Automatic,0,0,0,0,0,61.0,28.0,14.2,17.1,333,372.0,,R-600a,R-600a (GWP:3 | Lower GWP),0,,,,,2023-10-27,2023-10-31,"United States, Canada",ES_92264_GRMH141A*_103120230608801_9733901,1
3425390,Conservator,GRMH141B*,",,*: Suffix could be from 0 to 9 or from A to Z or blank to represent different unit color.",850052179199,Top Freezer,3 - Refrigerator-freezers - automatic defrost with top-mounted freezer without an automatic ice maker,Automatic,0,0,0,0,0,60.6,27.6,14.3,17.1,333,372.0,,R-600a,R-600a (GWP:3 | Lower GWP),0,,,,,2024-03-22,2024-03-28,"United States, Canada",ES_92264_GRMH141B*_032820240241143_9860155,1
2732514,Conservator,GRMH183**,",,* can be replaced by A to Z or 1 to 9 denotes products with features",850007089849,Top Freezer,3 - Refrigerator-freezers - automatic defrost with top-mounted freezer without an automatic ice maker,Automatic,0,0,0,0,0,67.0,33.0,18.0,21.0,362,403.0,,,,0,,,,,2023-11-01,2023-11-08,"United States, Canada",ES_92264_GRMH183**_110820230449404_4504980,1
2408458,Conservator,GRMH183U*,",,* can be any of A-Z,a-z,0-9,version code or blank",850007089849;850007089856;850007089863,Top Freezer,3 - Refrigerator-freezers - automatic defrost with top-mounted freezer without an automatic ice maker,Automatic,0,0,0,0,0,65.0,30.0,18.0,21.0,362,403.0,,,,0,,,,,2023-02-22,2023-02-23,"United States, Canada",ES_92264_GRMH183U*_022320230218334_2174754,1
3619482,Conservator,GRMH185A*,",,* Suffix could be from 0 to 9 or from A to Z or blank to represent different unit color.",850052179434,Top Freezer,3 - Refrigerator-freezers - automatic defrost with top-mounted freezer without an automatic ice maker,Automatic,0,0,0,0,0,67.0,30.0,18.1,22.0,369,411.0,,R-600a,R-600a (GWP:3 | Lower GWP),0,,,,,2024-07-15,2024-08-08,"United States, Canada",ES_92264_GRMH185A*_080820240931314_9670221,1
3815205,Criterion,CBMR187M4*,",,Icemaker-Ready Product (with icemaker).The symbols *, maybe replaced by A to Z, it means the color of enclosure.",,Bottom Freezer,5I - Refrigerator-freezers - automatic defrost with bottom-mounted freezer with an automatic icemaker without through-the-door ice service,Automatic,0,0,0,1,0,66.6,29.5,18.7,22.9,550,604.0,,,,0,,,,,2024-09-04,2024-09-05,"United States, Canada",ES_1062598_CBMR187M4*_112820240619706_8045850,0
3814883,Criterion,CTMR142M1*,",,*: Suffix could be from 0 to 9 or from A to Z or blank to represent different unit color.",840296514610,Top Freezer,3 - Refrigerator-freezers - automatic defrost with top-mounted freezer without an automatic ice maker,Automatic,0,0,0,0,0,60.6,27.6,14.2,17.1,333,372.0,,R-600a,R-600a (GWP:3 | Lower GWP),0,,,,,2024-11-19,2024-11-26,"United States, Canada",ES_1062598_CTMR142M1*_112620240341322_7767297,1
2470984,Criterion,CTMR205M1*,",,*: Suffix could be from 0 to 9 or from A to Z or blank, can be number to represent different unit color",840296505496,Top Freezer,3 - Refrigerator-freezers - automatic defrost with top-mounted freezer without an automatic ice maker,Automatic,0,0,0,0,0,67.0,30.0,20.5,25.0,390,435.0,,R-600a,R-600a (GWP:3 | Lower GWP),0,,,,,2023-04-27,2023-05-03,United States,ES_1062598_CTMR205M1*_050320230228189_2106221,1
4000227,Crosley,CBMH1873A*,",,(*: Suffix could be from 0 to 9 or A to Z or blank to represent different unit color)",0850029962489,Bottom Freezer,5 - Refrigerator-freezers - automatic defrost with bottom-mounted freezer without an automatic ice maker,Automatic,0,0,0,0,0,65.0,29.5,18.7,18.7,466,482.0,,R-600a,R-600a (GWP:3 | Lower GWP),0,,0.0,,,2025-03-11,2025-03-18,"United States, Canada",ES_92264_CBMH1873A*_031820250258943_1401922,0
2408459,Crosley,CRMH203A*,",,* can be any of A-Z,a-z,0-9,version code or blank",850029962427;850029962434;850029962441,Top Freezer,3 - Refrigerator-freezers - automatic defrost with top-mounted freezer without an automatic ice maker,Automatic,0,0,0,0,0,67.0,30.0,20.5,25.0,390,435.0,,,,0,,,,,2023-02-22,2023-02-23,"United States, Canada",ES_92264_CRMH203A*_022320230252311_4342326,1
2635825,Continental;Professional Series,CE-TRF241,",CE-TRF242,; ,CE-TRF248,; ,CE-TRF249,; ,PS-TRF241,; ,PS-TRF242,; ,PS-TRF248,; ,PS-TRF249,",765167214324;765167379955;765167479280;765167560414;765167638915;765167780850;765167867537;765167998538,Top Freezer,3 - Refrigerator-freezers - automatic defrost with top-mounted freezer without an automatic ice maker,Automatic,0,0,0,0,0,66.0,27.9,14.6,17.0,333,371.0,,,,0,,,,,2023-08-10,2023-08-15,United States,ES_1092528_CE-TRF241_08102023134918_6359521,1
3387996,Continental;Professional Series;Farberware,CE-CRF13,",CE-CRF13#,; ,FW-CRF13#,; ,FW-CRF13,; ,PS-CRF13#,; ,PS-CRF13,",765167212450;765167357168;765167439338;765167494016;765167532022;765167590664;765167666857;765167941077,Compact Refrigerator,11A - Compact All-Refrigerator - manual defrost,Manual,1,0,0,0,0,32.5,20.6,4.5,4.5,226,254.0,,,,0,,,,,2024-01-25,2024-01-31,United States,ES_1092528_CE-CRF13_01262024142011_5732995,0
3627032,Criterion,CBMR187M4*,",,Icemaker-Ready Product (without icemaker).The symbols *, maybe replaced by A to Z, it means the color of enclosure.",,Bottom Freezer,5 - Refrigerator-freezers - automatic defrost with bottom-mounted freezer without an automatic ice maker,Automatic,0,0,0,0,0,66.6,29.5,18.7,22.9,466,520.0,,,,0,,,,,2024-09-04,2024-09-05,"United States, Canada",ES_1062598_CBMR187M4*_090520240719563_5459131,0
2401458,Commercial Cool,CCRR4ALB,"REFRIGERATOR,CCRR4ALR,; REFRIGERATOR,CCRR4ALW,",,Compact Refrigerator,11A - Compact All-Refrigerator - manual defrost,Manual,1,0,0,0,1,35.3,21.5,4.4,4.4,227,254.0,,,,0,,,,,2022-05-20,2022-08-20,United States,ES_1126481_CCRR4ALB_09142022103229_4940913,0
2401460,Commercial Cool,CCRR4LB,"REFRIGERATOR-FREEZER,CCRR4LR,; REFRIGERATOR-FREEZER,CCRR4LW,",,Compact Refrigerator,12 - Compact Refrigerator-Freezer - partial automatic defrost,Automatic,1,0,0,0,1,35.4,21.5,4.0,4.3,324,361.0,,,,0,,,,,2022-05-19,2022-08-20,United States,ES_1126481_CCRR4LB_09142022103729_2738651,0
2212652,Danby Designer,DCR032A2*,",DCR032A2WDD, DCR032A2BSLDD, DCR032A2BDD,",67638999007;67638999014;67638999021,Compact Refrigerator,11A - Compact All-Refrigerator - manual defrost,Manual,1,0,0,0,0,32.7,17.7,3.2,3.2,218,244.0,,,,0,,,,,2014-06-12,2014-05-27,"United States, Canada",ES_0031682_DCR032A2*_06102014033951_2718267,0
2212653,Danby Designer,DCR044A2*,",DCR044A2BDD, DCR044A2BSLDD, DCR044A2WDD,",67638999052;67638999069;67638999076,Compact Refrigerator,11A - Compact All-Refrigerator - manual defrost,Manual,1,0,0,0,0,32.7,20.1,4.4,4.4,226,254.0,,,,0,,,,,2014-06-12,2014-05-27,"United States, Canada",ES_0031682_DCR044A2*_06102014033951_2718267,0
2321220,Danby Designer,DCR044A4*,",DCR044A4BBSL,",67638015486,Compact Refrigerator,11A - Compact All-Refrigerator - manual defrost,Manual,1,0,0,0,0,32.7,20.1,4.4,4.4,226,254.0,,,,0,,,,,2018-06-15,2018-05-23,"United States, Canada",ES_0031682_DCR044A4*_06042018115247_70180603,0
2288905,Danby Oneplug,2.6SM4*,",2.6SM4R,",67638999144,Compact Refrigerator,13A - Compact All-Refrigerators - automatic defrost,Automatic,1,0,0,0,0,26.6,17.7,2.6,2.6,228,283.0,,,,0,,,,,2017-01-30,2017-01-03,"United States, Canada",ES_0031682_2.6SM4*_01032017024918_70111997,0
2212656,Danby Or Danby Designer,DAR033A1*,",DAR033A1BDD, DAR033A1BSLDBO,",67638005937;67638999038,Compact Refrigerator,13A - Compact All-Refrigerators - automatic defrost,Automatic,1,0,0,0,0,33.1,17.7,3.3,3.3,259,290.0,,,,0,,,,,2014-06-12,2014-05-27,"United States, Canada",ES_0031682_DAR033A1*_06102014033951_2718267,0
2212651,Danby Or Danby Designer,DCR016A3*,",DCR016A3BDB, DCR016A3BSLDD, DCR016A3WDB,",67638998918;67638998925;67638998970,Compact Refrigerator,11A - Compact All-Refrigerator - manual defrost,Manual,1,0,0,0,0,19.7,17.7,1.6,1.6,207,232.0,,,,0,,,,,2014-06-12,2014-05-27,"United States, Canada",ES_0031682_DCR016A3*_06102014033951_2718267,0
2245081,Dcs,RS36(X),",RS36A80 - DCS,; RS36(X),RS36(X),",,Bottom Freezer,5I-BI - Built-In Refrigerator-freezers - automatic defrost with bottom-mounted freezer with an automatic icemaker without through-the-door ice service,Automatic,0,1,0,1,0,72.0,35.0,16.8,20.7,561,615.0,,,,0,,,,,2015-09-15,2015-07-31,"United States, Canada",ES_31708_RS36(X)_08052015164529_3129572,0
2396037,Dometic,C40S2,"C40P2,C40P2,",6951220000000,Compact Refrigerator,13A - Compact All-Refrigerators - automatic defrost,Automatic,1,0,0,0,1,21.7,15.9,1.1,1.1,106,269.0,,R-600a,R-600a (GWP:3 | Lower GWP),0,,,,,2022-10-18,2022-05-16,"United States, Canada",ES_1147033_C40S2_04072022053300_0000001,1
2408108,Dometic,C60G2,"C60G3,C60G3,",6951220000000;6975400000000,Compact Refrigerator,13A - Compact All-Refrigerators - automatic defrost,Automatic,1,0,0,0,1,22.2,19.3,1.7,1.7,170,275.0,,R-600a,R-600a (GWP:3 | Lower GWP),0,,,,,2023-02-12,2023-02-14,"United States, Canada",ES_1147033_C60G2_02142023120400_0000001,1
2408107,Dometic,C60S1,"C60P1,C60P1,",6951220000000;6975400000000,Compact Refrigerator,13A - Compact All-Refrigerators - automatic defrost,Automatic,1,0,0,0,1,22.2,19.3,1.7,1.7,145,275.0,,R-600a,R-600a (GWP:3 | Lower GWP),0,,,,,2023-02-12,2023-02-14,"United States, Canada",ES_1147033_C60S1_02142023120400_0000001,1
2409679,Dometic,C60S1,"C60P1,C60P1,",6951220000000;6975400000000,Compact Refrigerator,13A - Compact All-Refrigerators - automatic defrost,Automatic,1,0,0,0,1,22.2,19.3,1.7,1.7,145,275.0,,R-600a,R-600a (GWP:3 | Lower GWP),0,,,,,2023-02-12,2023-02-14,"United States, Canada",ES_1147033_C60S1_02142023120401_0000001,1
2408109,Dometic,C60S2,"C60S3, C60P2, C60P3,C60S3, C60P2, C60P3,",6951220000000;6975400000000,Compact Refrigerator,13A - Compact All-Refrigerators - automatic defrost,Automatic,1,0,0,0,1,22.2,19.3,1.7,1.7,145,275.0,,R-600a,R-600a (GWP:3 | Lower GWP),0,,,,,2023-02-12,2023-02-14,"United States, Canada",ES_1147033_C60S2_02142023120400_0000001,1
2408485,Dometic,C60S2,"C60S3, C60P2, C60P3,C60S3, C60P2, C60P3,",6951220000000;6975400000000,Compact Refrigerator,13A - Compact All-Refrigerators - automatic defrost,Automatic,1,0,0,0,1,22.2,19.3,1.7,1.7,145,275.0,,R-600a,R-600a (GWP:3 | Lower GWP),0,,,,,2023-02-12,2023-02-14,"United States, Canada",ES_1147033_C60S2_02142023120402_0000001,1
3360622,Dometic,C60SFS CARE,"C60SFS CARE,,",6975400000000,Compact Refrigerator,13A - Compact All-Refrigerators - automatic defrost,Automatic,1,0,0,0,1,23.4,19.3,1.7,1.7,124,275.0,,R-600a,R-600a (GWP:3 | Lower GWP),0,,,,,2023-12-05,2023-11-30,"United States, Canada",ES_1147033_C60SFS CARE_11162023163000_0000001,1
2396051,Dometic,DM50C D,"DM50C F,DM50C F,",6951220000000,Compact Refrigerator,13A - Compact All-Refrigerators - automatic defrost,Automatic,1,0,0,0,0,16.7,21.7,1.8,1.8,186,276.0,,R-600a,R-600a (GWP:3 | Lower GWP),0,,,,,2022-10-18,2022-05-16,"United States, Canada",ES_1147033_DM50C D_04072022053300_0000001,1
4437358,Durra Elite,DE210FDBMDSS,",,Brand Name: Durra Elite",845035031878,Bottom Freezer,5I - Refrigerator-freezers - automatic defrost with bottom-mounted freezer with an automatic icemaker without through-the-door ice service,Automatic,0,0,0,1,0,70.3,36.0,22.4,27.7,590,646.0,,,,0,,,,,2023-11-22,2025-06-12,"United States, Canada",ES_1131312_DE210FDBMDSS_061220250240169_2299683,0
4049660,Ecomax,EF25199-A,",,with compressor L35C5L",,Compact Refrigerator,11A - Compact All-Refrigerator - manual defrost,Manual,1,0,0,0,0,25.5,17.5,2.6,2.6,215,239.0,,,,0,,,,,2025-05-13,2025-05-21,United States,ES_1145610_EF25199-A_052120250027674_4507588,0
3798606,Element,ERBM19***,",,Icemaker-Ready Product (without icemaker). The symbols * maybe replaced by A to Z, it means the color of enclosure.",,Bottom Freezer,5 - Refrigerator-freezers - automatic defrost with bottom-mounted freezer without an automatic ice maker,Automatic,0,0,0,0,0,66.6,29.5,18.7,22.9,466,520.0,,,,0,,,,,2024-11-07,2024-11-13,"United States, Canada",ES_1145034_ERBM19***_111120240258425_6479245,0
3798607,Element,ERBM19***,",,Icemaker-Ready Product (with icemaker). The symbols * maybe replaced by A to Z, it means the color of enclosure",,Bottom Freezer,5I - Refrigerator-freezers - automatic defrost with bottom-mounted freezer with an automatic icemaker without through-the-door ice service,Automatic,0,0,0,1,0,66.6,29.5,18.7,22.9,550,604.0,,,,0,,,,,2024-11-08,2024-11-13,"United States, Canada",ES_1145034_ERBM19***_111320240146698_2654320,0
4012654,Element,ERBM19CB*,",,*: Suffix could be from 0 to 9 or A to Z or blank to represent different unit color",810649033334,Bottom Freezer,5 - Refrigerator-freezers - automatic defrost with bottom-mounted freezer without an automatic ice maker,Automatic,0,0,0,0,0,65.0,29.5,18.7,18.7,466,482.0,,R-600a,R-600a (GWP:3 | Lower GWP),0,,,,,2025-04-10,2025-04-10,"United States, Canada",ES_1145034_ERBM19CB*_04102025075115_1562822,0
4481472,Element,ERBM19CBS-CA,",,Icemaker-Ready Product (without icemaker)",810649035079,Bottom Freezer,5 - Refrigerator-freezers - automatic defrost with bottom-mounted freezer without an automatic ice maker,Automatic,0,0,0,0,0,66.6,29.5,18.7,22.9,466,520.0,,,,0,,,,,2025-08-18,2025-08-21,Canada,ES_1145034_ERBM19CBS-CA_082120250530373_6526034,0
4481473,Element,ERBM19CBS-CA,",,Icemaker-Ready Product (with icemaker)",810649035079,Bottom Freezer,5I - Refrigerator-freezers - automatic defrost with bottom-mounted freezer with an automatic icemaker without through-the-door ice service,Automatic,0,0,0,1,0,66.6,29.5,18.7,22.9,550,604.0,,,,0,,,,,2025-08-19,2025-08-21,Canada,ES_1145034_ERBM19CBS-CA_082120250531782_2560514,0
2358819,Danby,DAR010A1*,",DAR010A1BDB,",67638024433,Compact Refrigerator,13A - Compact All-Refrigerators - automatic defrost,Automatic,1,0,0,0,0,19.3,15.1,1.0,1.0,241,268.0,,,,0,,,,,2020-04-30,2020-04-03,"United States, Canada",ES_0031682_DAR010A1*_04292020114009_80034567,0
2282224,Danby,DAR016A1*,",DAR016A1BSLDB, DAR016A1BDB,",67638008617;67638008624,Compact Refrigerator,13A - Compact All-Refrigerators - automatic defrost,Automatic,1,0,0,0,0,19.8,17.7,1.6,1.6,245,274.0,,,,0,,,,,2016-10-30,2016-09-21,"United States, Canada",ES_0031682_DAR016A1*_09222016051638_70099320,0
2248449,Danby,DAR017A3*,",DAR017A3BDB, DAR017A3BDB-6, DAR017A3BSLDB, DAR017A3BSLDB-6, DAR017A3WDB,",67638003797;67638003803;67638005135;67638020121;67638020138,Compact Refrigerator,13A - Compact All-Refrigerators - automatic defrost,Automatic,1,0,0,0,0,20.1,17.7,1.7,1.7,221,275.0,,,,0,,,,,2015-10-18,2015-09-17,"United States, Canada",ES_0031682_DAR017A3*_09172015105638_70043625,0
2261638,Danby,DAR023C1*,",DAR023C1BDB, DAR023C1BSLDB,",67638005098;67638005104,Compact Refrigerator,13A - Compact All-Refrigerators - automatic defrost,Automatic,1,0,0,0,0,25.0,18.7,2.3,2.3,252,280.0,,,,0,,,,,2016-03-10,2016-03-04,"United States, Canada",ES_31682_DAR023C1*_03032016012601_70062748,0
2248450,Danby,DAR026A2*,",DAR026A2BDB-6, DAR026A2BSLDB, DAR026A2LDB, DAR026A2WDB,",67638003773;67638005142;67638005180;67638020169,Compact Refrigerator,13A - Compact All-Refrigerators - automatic defrost,Automatic,1,0,0,0,0,27.0,17.7,2.6,2.6,253,283.0,,,,0,,,,,2015-10-18,2015-09-17,"United States, Canada",ES_0031682_DAR026A2*_09172015105638_70043625,0
2248451,Danby,DAR033A6*,",DAR033A6BDB-6, DAR033A6BSLDB, DAR033A6BSLDB-6,",67638020176;67638020183,Compact Refrigerator,13A - Compact All-Refrigerators - automatic defrost,Automatic,1,0,0,0,0,33.1,17.7,3.3,3.3,259,290.0,,,,0,,,,,2015-10-18,2015-09-17,"United States, Canada",ES_0031682_DAR033A6*_09172015105638_70043625,0
2235865,Danby,DAR044A6*,",DAR044A6BSLDBO, DAR044A6DDB, DAR044A6LDB, DAR044A6MBDB, DAR044A6MDB, DAR044A6MDB-6, DAR044A6PDB,",67638005210;67638005227;67638005234;67638005241;67638005920;67638017237;67638020220,Compact Refrigerator,13A - Compact All-Refrigerators - automatic defrost,Automatic,1,0,0,0,0,32.7,20.7,4.4,4.4,268,300.0,,,,0,,,,,2015-04-01,2015-03-17,"United States, Canada",ES_0031682_DAR044A6*_03162015114018_70026920,0
2358820,Danby,DAR044A9*,",DAR044A9SLDB,",67638024716,Compact Refrigerator,13A - Compact All-Refrigerators - automatic defrost,Automatic,1,0,0,0,0,33.1,20.6,4.4,4.4,268,300.0,,,,0,,,,,2020-04-30,2020-04-03,"United States, Canada",ES_0031682_DAR044A9*_04292020114009_80034567,0
2345840,Danby,DAR110A3*,",DAR110A3MDB, DAR110A3LDB,",67638020800;67638020817,Freezerless and Single Door,3A - All-Refrigerators - automatic defrost,Automatic,0,0,0,0,0,58.8,23.9,11.0,11.0,249,279.0,,,,0,,,,,2019-09-08,2014-07-25,"United States, Canada",ES_0031682_DAR110A3*_09042019010014_80006140,0
2348469,Danby,DBC117A1*,",DBC117A1BSSDB-6,",67638020046,Compact Refrigerator,13A - Compact All-Refrigerators - automatic defrost,Automatic,1,0,0,0,0,32.8,17.5,3.1,3.1,258,288.0,,,,0,,,,,2019-10-17,2019-10-15,"United States, Canada",ES_0031682_DBC117A1* _10152019124455_80021306,0
2348470,Danby,DBC117A2*,",DBC117A2BSSDD-6,",67638020015,Compact Refrigerator,13A - Compact All-Refrigerators - automatic defrost,Automatic,1,0,0,0,0,32.8,17.5,3.1,3.1,258,288.0,,,,0,,,,,2019-10-17,2019-10-15,"United States, Canada",ES_0031682_DBC117A2*_10152019124452_80021306,0
2382718,Danby,DBM187E1SSDB,",,Icemaker-Ready Product (without icemaker)",,Bottom Freezer,5 - Refrigerator-freezers - automatic defrost with bottom-mounted freezer without an automatic ice maker,Automatic,0,0,0,0,0,66.6,29.5,18.7,22.9,466,520.0,,,,0,,,,,2024-11-14,2024-10-24,"United States, Canada",ES_31682_DBM187E1SSDB_072920210119249_8739783,0
3798700,Danby,DBM187E1SSDB,",,Icemaker-Ready Product (with icemaker)",,Bottom Freezer,5I - Refrigerator-freezers - automatic defrost with bottom-mounted freezer with an automatic icemaker without through-the-door ice service,Automatic,0,0,0,1,0,66.6,29.5,18.7,22.9,550,604.0,,,,0,,,,,2024-10-14,2024-10-24,"United States, Canada",ES_31682_DBM187E1SSDB_111520240142726_5319169,0
2382719,Danby,DBM187E1WDB,",,Icemaker-Ready Product (without icemaker)",,Bottom Freezer,5 - Refrigerator-freezers - automatic defrost with bottom-mounted freezer without an automatic ice maker,Automatic,0,0,0,0,0,66.6,29.5,18.7,22.9,466,520.0,,,,0,,,,,2024-11-14,2024-10-24,"United States, Canada",ES_31682_DBM187E1WDB_072920210119879_8161490,0
3798699,Danby,DBM187E1WDB,",,Icemaker-Ready Product (with icemaker)",,Bottom Freezer,5I - Refrigerator-freezers - automatic defrost with bottom-mounted freezer with an automatic icemaker without through-the-door ice service,Automatic,0,0,0,1,0,66.6,29.5,18.7,22.9,550,604.0,,,,0,,,,,2024-10-14,2024-10-24,"United States, Canada",ES_31682_DBM187E1WDB_111520240142707_7773828,0
2288928,Danby,DCR047A1*,",DCR047A1BBSL,",67638009874,Compact Refrigerator,12 - Compact Refrigerator-Freezer - partial automatic defrost,Automatic,1,0,0,0,0,47.7,19.0,4.6,5.9,331,371.0,,,,0,,,,,2017-01-30,2017-01-17,"United States, Canada",ES_0031682_DCR047A1*_01182017113326_70116194,0
2212654,Danby Designer,DAR017A2*,",DAR017A2BDD,",67638998956,Compact Refrigerator,13A - Compact All-Refrigerators - automatic defrost,Automatic,1,0,0,0,0,20.1,17.7,1.7,1.7,221,275.0,,,,0,,,,,2014-06-12,2014-05-27,"United States, Canada",ES_0031682_DAR017A2*_06102014033951_2718267,0
2212655,Danby Designer,DAR026A1*,",DAR026A1BDD, DAR026A1BDD-6, DAR026A1WDD, DAR026A1WDD-6,",67638020145;67638020152;67638998987;67638998994,Compact Refrigerator,13A - Compact All-Refrigerators - automatic defrost,Automatic,1,0,0,0,0,27.0,17.7,2.6,2.6,253,283.0,,,,0,,,,,2014-06-12,2014-05-27,"United States, Canada",ES_0031682_DAR026A1*_06102014033951_2718267,0
2212657,Danby Designer,DAR044A4*,",DAR044A4BDD, DAR044A4BDD-6, DAR044A4BSLDD, DAR044A4BSLDD-6, DAR044A4BSSDD, DAR044A4WDD, DAR044A4WDD-6,",67638020190;67638020206;67638020688;67638999090;67638999106;67638999366;67638999373,Compact Refrigerator,13A - Compact All-Refrigerators - automatic defrost,Automatic,1,0,0,0,0,32.7,20.7,4.4,4.4,268,300.0,,,,0,,,,,2014-06-12,2014-05-27,"United States, Canada",ES_0031682_DAR044A4*_06102014033951_2718267,0
2288930,Danby Designer,DAR044A8*,",DAR044A8BBSL,",67638011327,Compact Refrigerator,13A - Compact All-Refrigerators - automatic defrost,Automatic,1,0,0,0,0,32.7,20.7,4.4,4.4,268,300.0,,,,0,,,,,2017-01-30,2017-01-17,"United States, Canada",ES_0031682_DAR044A8*_01182017113326_70116194,0
2218448,Danby Designer,DAR110A1*,",DAR110A1WDD, DAR110A1BSLDD,",67638001649;67638999816,Freezerless and Single Door,3A - All-Refrigerators - automatic defrost,Automatic,0,0,0,0,0,58.8,23.9,11.0,11.0,249,279.0,,,,0,,,,,2014-09-06,2014-07-25,"United States, Canada",ES_0031682_DAR110A1*_07222014114047_2736942,0
2345842,Danby Designer,DAR170A3*,",DAR170A3BSLDD, DAR170A3WDD,",67638019880;67638019897,Freezerless and Single Door,3A - All-Refrigerators - automatic defrost,Automatic,0,0,0,0,0,67.3,29.9,17.0,17.0,289,322.0,,,,0,,,,,2019-09-08,2019-05-21,"United States, Canada",ES_0031682_DAR170A3*_09042019010014_80006140,0
2631694,Emerson,CR0016***,",,*can be any letters from A to Z or blank that represent  color or finish of the model or blank",,Compact Refrigerator,11A - Compact All-Refrigerator - manual defrost,Manual,1,0,0,0,0,19.6,17.5,1.6,1.6,206,232.0,,,,0,,,,,2023-07-25,2023-07-31,United States,ES_1122227_CR0016***_07312023075501_6735651,0
2631692,Emerson,CR0026***,",,*can be any letters from A to Z or blank that represent  color or finish of the model or blank",,Compact Refrigerator,11A - Compact All-Refrigerator - manual defrost,Manual,1,0,0,0,0,25.0,17.5,2.6,2.6,213,239.0,,,,0,,,,,2023-07-25,2023-07-31,United States,ES_1122227_CR0026***_07312023075604_3509394,0
2631693,Emerson,CR0032***,",,*can be any letters from A to Z or blank that represent  color or finish of the model or blank",,Compact Refrigerator,11A - Compact All-Refrigerator - manual defrost,Manual,1,0,0,0,0,31.2,17.5,3.2,3.2,217,244.0,,,,0,,,,,2023-07-25,2023-07-31,United States,ES_1122227_CR0032***_07312023075883_9736224,0
2631691,Emerson,CR0045***,",,*can be any letters from A to Z or blank that represent  color or finish of the model or blank",,Compact Refrigerator,11A - Compact All-Refrigerator - manual defrost,Manual,1,0,0,0,0,31.5,20.3,4.5,4.5,226,254.0,,,,0,,,,,2023-07-25,2023-07-31,United States,ES_1122227_CR0045***_073120230800254_6684708,0
2622962,Emerson,CR0232***,",,(*can be any letters from A to Z or blank that represent color or finish of the model or blank.)",,Compact Refrigerator,12 - Compact Refrigerator-Freezer - partial automatic defrost,Automatic,1,0,0,0,0,33.5,18.9,3.2,3.2,320,355.0,,,,0,,,,,2023-07-25,2023-07-28,United States,ES_1122227_CR0232***_072820230603773_2531700,0
2383467,Fisher & Paykel,RF135B***J**,",RF135BDLJX4,; ,RF135BDRJX4,; ,RF135BLPJX6,; ,RF135BRPJX6,",,Bottom Freezer,5I - Refrigerator-freezers - automatic defrost with bottom-mounted freezer with an automatic icemaker without through-the-door ice service,Automatic,0,0,0,1,0,67.5,25.0,13.3,16.4,495,546.0,,,,0,,,,,2020-01-15,2019-11-25,"United States, Canada",ES_31708_RF135B***J**_081720211054766_2656097,0
2350693,Fisher & Paykel,RF135B***U**,",RF135BDLUX4,",,Bottom Freezer,5I - Refrigerator-freezers - automatic defrost with bottom-mounted freezer with an automatic icemaker without through-the-door ice service,Automatic,0,0,0,1,0,67.5,25.0,13.3,16.4,495,546.0,,,,0,,,,,2020-01-15,2019-11-25,"United States, Canada",ES_31708_RF135BDRUX4_11252019154216_6536718,0
2350695,Fisher & Paykel,RF170A*****,"RF170ADW5,RF170ADW5,",,Bottom Freezer,5 - Refrigerator-freezers - automatic defrost with bottom-mounted freezer without an automatic ice maker,Automatic,0,0,0,0,0,67.5,31.1,17.3,21.1,448,504.0,,,,0,,,,,2020-03-15,2019-11-25,"United States, Canada",ES_31708_RF170ADX4_11252019154657_6817609,0
2383466,Fisher & Paykel,RF170A***J**,"RF170ADJSX4,RF170ADJSX4,",,Bottom Freezer,5I - Refrigerator-freezers - automatic defrost with bottom-mounted freezer with an automatic icemaker without through-the-door ice service,Automatic,0,0,0,1,0,67.5,31.1,17.3,21.1,532,588.0,,,,0,,,,,2020-03-15,2019-11-25,"United States, Canada",ES_31708_RF170A***J**_081720210937884_2829264,0
2350727,Fisher & Paykel,RF170A***U**,"RF170ADUSB5,RF170ADUSB5,",,Bottom Freezer,5I - Refrigerator-freezers - automatic defrost with bottom-mounted freezer with an automatic icemaker without through-the-door ice service,Automatic,0,0,0,1,0,67.5,31.1,17.3,21.1,532,588.0,,,,0,,,,,2020-03-15,2019-11-25,"United States, Canada",ES_31708_RF170ADUSX4_11252019154803_6883697,0
2359704,Fisher & Paykel,RS2484W***#,",RS2484WLUK1,; ,RS2484WRU1,; ,RS2484WRUK1,",,Bottom Freezer,5I-BI - Built-In Refrigerator-freezers - automatic defrost with bottom-mounted freezer with an automatic icemaker without through-the-door ice service,Automatic,0,1,0,1,1,84.0,23.7,12.1,15.2,439,564.0,,,,0,,,,,2020-04-10,2020-05-13,"United States, Canada",ES_31708_RS2484W***#_05132020183227_4747847,0
2359707,Fisher & Paykel,RS3084W***#,",RS3084WLU1,; ,RS3084WLUK1,; ,RS3084WRU1,; ,RS3084WRUK1,",,Bottom Freezer,5I-BI - Built-In Refrigerator-freezers - automatic defrost with bottom-mounted freezer with an automatic icemaker without through-the-door ice service,Automatic,0,1,0,1,1,84.0,29.8,15.9,19.9,476,608.0,,,,0,,,,,2020-04-10,2020-05-13,"United States, Canada",ES_31708_RS3084W***#_05132020183316_4796189,0
2245080,Fisher & Paykel,RS36(X),",RS36A80,",,Bottom Freezer,5I-BI - Built-In Refrigerator-freezers - automatic defrost with bottom-mounted freezer with an automatic icemaker without through-the-door ice service,Automatic,0,1,0,1,0,72.0,35.0,16.8,20.7,561,615.0,,,,0,,,,,2015-09-15,2015-07-31,"United States, Canada",ES_31708_RS36(X)_08052015163443_2483151,0
4429160,Forno,FFFFD1783-36BLK,",,Brand Name: FORNO",,Bottom Freezer,5I - Refrigerator-freezers - automatic defrost with bottom-mounted freezer with an automatic icemaker without through-the-door ice service,Automatic,0,0,0,1,0,70.1,35.9,27.4,34.0,630,702.0,,,,0,,,,,2025-05-20,2025-05-27,"United States, Canada",ES_1142511_FFFFD1783-36BLK_052720250525130_7432760,0
4429158,Forno,FFFFD1783-36S,",,Brand Name: FORNO",,Bottom Freezer,5I - Refrigerator-freezers - automatic defrost with bottom-mounted freezer with an automatic icemaker without through-the-door ice service,Automatic,0,0,0,1,0,70.1,35.9,27.4,34.0,630,702.0,,,,0,,,,,2025-05-20,2025-05-27,"United States, Canada",ES_1142511_FFFFD1783-36S_052720250525760_6981721,0
4429162,Forno,FFFFD1783-36WHT,",,Brand Name: FORNO",,Bottom Freezer,5I - Refrigerator-freezers - automatic defrost with bottom-mounted freezer with an automatic icemaker without through-the-door ice service,Automatic,0,0,0,1,0,70.1,35.9,27.4,34.0,630,702.0,,,,0,,,,,2025-05-20,2025-05-27,"United States, Canada",ES_1142511_FFFFD1783-36WHT_052720250525924_1446616,0
3387769,Forno,FFFFD1785-31BLK,",,Compressor options: EZ65H1Y-U, ETB72U6L, TB1112HY",686136917315,Bottom Freezer,5 - Refrigerator-freezers - automatic defrost with bottom-mounted freezer without an automatic ice maker,Automatic,0,0,0,0,0,69.1,31.1,17.2,21.1,453,504.0,,,,0,,,,,2024-01-26,2024-01-29,"United States, Canada",ES_1142511_FFFFD1785-31BLK_012920240254775_8874993,0
3387770,Forno,FFFFD1785-31S,",,Compressor options: EZ65H1Y-U, ETB72U6L, TB1112HY",686136917285,Bottom Freezer,5 - Refrigerator-freezers - automatic defrost with bottom-mounted freezer without an automatic ice maker,Automatic,0,0,0,0,0,69.1,31.1,17.2,21.1,453,504.0,,,,0,,,,,2024-01-26,2024-01-29,"United States, Canada",ES_1142511_FFFFD1785-31S_012920240252685_7984772,0
3387771,Forno,FFFFD1785-31WHT,",,Compressor options: EZ65H1Y-U, ETB72U6L, TB1112HY",686136917322,Bottom Freezer,5 - Refrigerator-freezers - automatic defrost with bottom-mounted freezer without an automatic ice maker,Automatic,0,0,0,0,0,69.1,31.1,17.2,21.1,453,504.0,,,,0,,,,,2024-01-26,2024-01-29,"United States, Canada",ES_1142511_FFFFD1785-31WHT_012920240256142_5239174,0
2380293,Forno,FFFFD1974-31**,",,Employ compressor VFA090CY1 (*can be Blank or A to Z, denotes different outside color, different inside color and handle combination)",686136918381,Bottom Freezer,5I - Refrigerator-freezers - automatic defrost with bottom-mounted freezer with an automatic icemaker without through-the-door ice service,Automatic,0,0,0,1,0,70.1,29.9,17.5,21.3,512,590.0,,,,0,,,,,2025-06-30,2025-07-04,"United States, Canada",ES_1142511_FFFFD1974-31**_061520212238908_4233658,0
3425458,Forno,FFFFD1974-31BLK,",,Employ compressor VFA090CY1",686136918381,Bottom Freezer,5I - Refrigerator-freezers - automatic defrost with bottom-mounted freezer with an automatic icemaker without through-the-door ice service,Automatic,0,0,0,1,0,70.1,29.9,17.5,21.3,512,590.0,,,,0,,,,,2025-06-30,2025-07-04,"United States, Canada",ES_1142511_FFFFD1974-31BLK_040220240645616_1580072,0
3425459,Forno,FFFFD1974-31WHT,",,Employ compressor VFA090CY1",686136918398,Bottom Freezer,5I - Refrigerator-freezers - automatic defrost with bottom-mounted freezer with an automatic icemaker without through-the-door ice service,Automatic,0,0,0,1,0,70.1,29.9,17.5,21.3,512,590.0,,,,0,,,,,2025-06-30,2025-07-04,"United States, Canada",ES_1142511_FFFFD1974-31WHT_040220240645494_6722867,0
2408389,Element,ERT14CS**,",,*, can be any of A-Z,a-z,0-9,version code or blank",810649032801;810649032818;810649032825,Top Freezer,3 - Refrigerator-freezers - automatic defrost with top-mounted freezer without an automatic ice maker,Automatic,0,0,0,0,0,61.0,28.0,14.2,17.1,333,372.0,,,,0,,0.0,,,2023-01-18,2023-02-21,"United States, Canada",ES_1145034_ERT14CS**_022120230632522_8613241,1
3998220,Element,ERT16CGD*,",,* Suffix could be from 0 to 9 or from A to Z or blank to represent different unit color.",810649034089,Top Freezer,3 - Refrigerator-freezers - automatic defrost with top-mounted freezer without an automatic ice maker,Automatic,0,0,0,0,0,67.0,30.0,16.0,18.8,347,385.0,,R-600a,R-600a (GWP:3 | Lower GWP),0,,,,,2025-01-29,2025-02-19,United States,ES_1145034_ERT16CGD*_021920250153823_8749656,1
3998221,Element,ERT16CGD*-CA,",,* Suffix could be from 0 to 9 or from A to Z or blank to represent different unit color.",,Top Freezer,3 - Refrigerator-freezers - automatic defrost with top-mounted freezer without an automatic ice maker,Automatic,0,0,0,0,0,67.0,30.0,16.0,18.8,347,385.0,,R-600a,R-600a (GWP:3 | Lower GWP),0,,,,,2025-01-29,2025-02-19,Canada,ES_1145034_ERT16CGD*-CA_021920250154773_3076540,1
2406786,Element,ERT18CS**,",,* are additional letters to indicate the color and, or manufacturer control number",810649032863;810649032870;810649032887,Top Freezer,3 - Refrigerator-freezers - automatic defrost with top-mounted freezer without an automatic ice maker,Automatic,0,0,0,0,0,67.0,33.0,18.0,21.0,362,403.0,,,,0,,,,,2023-01-10,2023-01-13,"United States, Canada",ES_1145034_ERT18CS**_011320230613966_7860073,1
4015796,Element,ERT18CSE*,",,*: suffix could be from 1 to 9 or from A to Z or blank to represent different in unit color",810649034669,Top Freezer,3 - Refrigerator-freezers - automatic defrost with top-mounted freezer without an automatic ice maker,Automatic,0,0,0,0,0,66.6,29.7,18.1,22.0,369,411.0,,,,0,,,,,2025-04-15,2025-04-16,"United States, Canada",ES_1145034_ERT18CSE*_041620250303862_5247125,1
2838984,Element,ERT21CS**,",,* Suffix could be from 0 to 9 or A to Z or blank to represent different unit color",810649031743,Top Freezer,3 - Refrigerator-freezers - automatic defrost with top-mounted freezer without an automatic ice maker,Automatic,0,0,0,0,0,67.0,30.0,20.5,25.0,390,435.0,,R-600a,R-600a (GWP:3 | Lower GWP),0,,,,,2023-11-30,2023-12-07,"United States, Canada",ES_1145034_ERT21CS**_120720231040620_9729309,1
3531017,Elica,EC24SRN12IPR,",EC24SRN12IPR-L,",804467738151;804467814978,Freezerless and Single Door,3A-BI - Built-In All-Refrigerators - automatic defrost,Automatic,0,1,0,0,0,83.6,23.7,12.5,12.5,295,329.0,,,,0,,,,,2024-05-09,2023-11-07,"United States, Canada",ES_1145610_EC24SRN12IPR_05222024150828_2721521,0
3531015,Elica,EC30SRN16IPR,",EC30SRN16IPR-L,",804467763450;804467860609,Freezerless and Single Door,3A-BI - Built-In All-Refrigerators - automatic defrost,Automatic,0,1,0,0,0,83.6,29.8,16.7,16.7,325,362.0,,,,0,,,,,2024-05-09,2023-04-11,"United States, Canada",ES_1145610_EC30SRN16IPR_05222024145554_5538904,0
4430193,Elica,EC36SRN20IPR,",EC36SRN20IPR-L,",804467572113;804467971602,Freezerless and Single Door,3A-BI - Built-In All-Refrigerators - automatic defrost,Automatic,0,1,0,0,0,83.6,35.8,20.0,20.0,345,389.0,,,,0,,,,,2025-06-03,2025-06-09,"United States, Canada",ES_1145610_EC36SRN20IPR_06042025095338_6340753,0
3701832,Elica,ER24SRB11IVS,",ER24SRB11ISS,",804467614639;804467713974,Bottom Freezer,5I - Refrigerator-freezers - automatic defrost with bottom-mounted freezer with an automatic icemaker without through-the-door ice service,Automatic,0,0,0,1,0,73.2,23.4,11.5,14.2,480,527.0,,R-600a,R-600a (GWP:3 | Lower GWP),0,,,,,2024-09-20,2024-10-09,"United States, Canada",ES_1145610_ER24SRB11IVS_09252024171214_4463748,0
3701834,Elica,ER24SRB11XVS,",ER24SRB11XSS,",804467569298;804467848485,Bottom Freezer,5 - Refrigerator-freezers - automatic defrost with bottom-mounted freezer without an automatic ice maker,Automatic,0,0,0,0,0,73.2,23.4,11.5,14.2,396,443.0,,R-600a,R-600a (GWP:3 | Lower GWP),0,,,,,2024-09-20,2024-10-09,"United States, Canada",ES_1145610_ER24SRB11XVS_09252024172727_5026971,0
3531019,Elica,ER30SRB161PR-R,",ER30SRB161PR-L,",804467536849;804467570294,Bottom Freezer,5I-BI - Built-In Refrigerator-freezers - automatic defrost with bottom-mounted freezer with an automatic icemaker without through-the-door ice service,Automatic,0,1,0,1,0,83.6,29.8,16.0,19.5,551,604.0,,,,0,,,,,2024-05-09,2024-05-23,"United States, Canada",ES_1145610_ER30SRB161PR-R_05222024152352_698511,0
3531020,Elica,ER36SRB191PR-R,",ER36SRB191PR-L,",804467527175;804467594306,Bottom Freezer,5I-BI - Built-In Refrigerator-freezers - automatic defrost with bottom-mounted freezer with an automatic icemaker without through-the-door ice service,Automatic,0,1,0,1,0,83.6,35.8,19.8,24.2,590,648.0,,,,0,,,,,2024-05-09,2024-05-23,"United States, Canada",ES_1145610_ER36SRB191PR-R_05222024153326_759240,0
3619476,Elisii,DERTM142*W1,",,*: Suffix could be from 0 to 9 or from A to Z or blank to represent different unit color.",686136119238,Top Freezer,3 - Refrigerator-freezers - automatic defrost with top-mounted freezer without an automatic ice maker,Automatic,0,0,0,0,0,60.6,27.6,14.3,17.1,333,372.0,,R-600a,R-600a (GWP:3 | Lower GWP),0,,,,,2024-07-15,2024-08-08,"United States, Canada",ES_1142511_DERTM142*W1_080820240603514_6523463,1
3619457,Elisii,DERTM181*W3,",,*: Suffix could be from 0 to 9 or from A to Z or blank to represent different unit color.",686136119252,Top Freezer,3 - Refrigerator-freezers - automatic defrost with top-mounted freezer without an automatic ice maker,Automatic,0,0,0,0,0,67.0,30.0,18.1,22.0,369,411.0,,R-600a,R-600a (GWP:3 | Lower GWP),0,,,,,2024-07-15,2024-08-07,"United States, Canada",ES_1142511_DERTM181*W3_080720240834443_6283201,1
3624426,Elisii,DERTM201BW1,",,without ice maker",,Top Freezer,3 - Refrigerator-freezers - automatic defrost with top-mounted freezer without an automatic ice maker,Automatic,0,0,0,0,0,67.0,30.0,20.1,24.6,380,432.0,,,,0,,,,,2024-08-22,2024-08-28,"United States, Canada",ES_1142511_DERTM201BW1_082820240441145_3448860,1
3624425,Elisii,DERTM201SW1,",,without ice maker",,Top Freezer,3 - Refrigerator-freezers - automatic defrost with top-mounted freezer without an automatic ice maker,Automatic,0,0,0,0,0,67.0,30.0,20.1,24.6,380,432.0,,,,0,,,,,2024-08-22,2024-08-28,"United States, Canada",ES_1142511_DERTM201SW1_082820240441450_2562965,1
3624424,Elisii,DERTM201WW1,",,without ice maker",,Top Freezer,3 - Refrigerator-freezers - automatic defrost with top-mounted freezer without an automatic ice maker,Automatic,0,0,0,0,0,67.0,30.0,20.1,24.6,380,432.0,,,,0,,,,,2024-08-22,2024-08-28,"United States, Canada",ES_1142511_DERTM201WW1_082820240441733_2577915,1
4429161,Elisii,DFFFD1783-36BLK,",,Brand Name: Elisii",,Bottom Freezer,5I - Refrigerator-freezers - automatic defrost with bottom-mounted freezer with an automatic icemaker without through-the-door ice service,Automatic,0,0,0,1,0,70.1,35.9,27.4,34.0,630,702.0,,,,0,,,,,2025-05-20,2025-05-27,"United States, Canada",ES_1142511_DFFFD1783-36BLK_052720250525573_4511052,0
4429159,Elisii,DFFFD1783-36S,",,Brand Name: Elisii",,Bottom Freezer,5I - Refrigerator-freezers - automatic defrost with bottom-mounted freezer with an automatic icemaker without through-the-door ice service,Automatic,0,0,0,1,0,70.1,35.9,27.4,34.0,630,702.0,,,,0,,,,,2025-05-20,2025-05-27,"United States, Canada",ES_1142511_DFFFD1783-36S_052720250525469_7678071,0
4429163,Elisii,DFFFD1783-36WHT,",,Brand Name: Elisii",,Bottom Freezer,5I - Refrigerator-freezers - automatic defrost with bottom-mounted freezer with an automatic icemaker without through-the-door ice service,Automatic,0,0,0,1,0,70.1,35.9,27.4,34.0,630,702.0,,,,0,,,,,2025-05-20,2025-05-27,"United States, Canada",ES_1142511_DFFFD1783-36WHT_052720250525724_3552425,0
2453003,Elite,453-6340,",453-6355,",649377925426;649377946063,Compact Refrigerator,12 - Compact Refrigerator-Freezer - partial automatic defrost,Automatic,1,0,0,0,0,33.5,17.8,3.1,3.8,320,358.0,,,,0,,,,,2023-03-22,2023-04-04,United States,ES_1148961_453-6340_03302023152301_1734430,0
2267194,Ellipse,ERTM180WE,",EDRT180S,; ,EDRT180W,; ,ERTM180SE,",,Top Freezer,3 - Refrigerator-freezers - automatic defrost with top-mounted freezer without an automatic ice maker,Automatic,0,0,0,0,0,66.6,29.5,18.0,21.0,362,403.0,,,,0,,,,,2016-05-20,2016-05-20,Canada,ES_1125680_ERTM180WE_05202016083050_3050920,1
2341802,Frigidaire,EFR376-B-CORAL,"Refrigerator,EFR376****,(**** where can be any alphanumeric of a-z, A-Z or 0-9 or blank & ""-"". By up three to eight characters.); Refrigerator,EFR376-B-****-COM,; Refrigerator,EFR376-C-****,; Refrigerator,EFR376-C-****-COM,",,Compact Refrigerator,11A - Compact All-Refrigerator - manual defrost,Manual,1,0,0,0,1,32.6,18.5,3.2,3.2,193,244.0,,,,0,,,,,2019-07-01,2019-07-29,United States,ES_1120898_EFR376-B-CORAL_07302019132344_2274175,0
2315099,Frigidaire,FFET1022U*,",FFET1022UW, FFET1022UB, FFET1022UV,",012505645563;012505645571;012505645587,Top Freezer,3 - Refrigerator-freezers - automatic defrost with top-mounted freezer without an automatic ice maker,Automatic,0,0,0,0,1,59.5,23.7,10.1,12.2,297,332.0,,,,0,,,,,2018-01-20,2017-11-27,"United States, Canada",ES_1021080_FFET1022UW_03012018110927_70171466,1
2315102,Frigidaire,FFET1222U*,",FFET1222UW, FFET1222UB, FFET1222US,",012505645617;012505645624;012505645631,Top Freezer,3 - Refrigerator-freezers - automatic defrost with top-mounted freezer without an automatic ice maker,Automatic,0,0,0,0,1,59.5,23.7,11.6,14.0,310,347.0,,,,0,,,,,2018-01-20,2018-01-04,"United States, Canada",ES_1021080_FFET1222UW_03012018110927_70171466,1
2380527,Forno,FFRBI1844-36**,",,* can be Blank or A to Z, denotes different outside color, different inside color and handle combination.",,Side-by-Side,7 - Refrigerator-freezers - automatic defrost with side-mounted freezer with through-the-door ice service,Automatic,0,0,1,1,0,70.1,35.9,20.0,25.0,560,646.0,,,,0,,,,,2021-05-20,2021-06-16,United States,ES_1142511_FFRBI1844-36**_051520210244632_8065902,0
3425456,Forno,FFRBI1844-36BLK,",,Employ compressor VFL110CY1",686136918404,Side-by-Side,7 - Refrigerator-freezers - automatic defrost with side-mounted freezer with through-the-door ice service,Automatic,0,0,1,1,0,70.1,35.9,20.0,25.0,560,646.0,,,,0,,,,,2024-03-29,2024-04-02,"United States, Canada",ES_1142511_FFRBI1844-36BLK_040220240645406_6421171,0
3425457,Forno,FFRBI1844-36WHT,",,Employ compressor VFL110CY1",686136918411,Side-by-Side,7 - Refrigerator-freezers - automatic defrost with side-mounted freezer with through-the-door ice service,Automatic,0,0,1,1,0,70.1,35.9,20.0,25.0,560,646.0,,,,0,,,,,2024-03-29,2024-04-02,"United States, Canada",ES_1142511_FFRBI1844-36WHT_040220240645592_2273599,0
2390326,Forte;Kucht,F16BFRESC450PR,",F16BFRESC450SS,; ,KR300SD,",640117892992;810076231785;810076231792,Bottom Freezer,5I-BI - Built-In Refrigerator-freezers - automatic defrost with bottom-mounted freezer with an automatic icemaker without through-the-door ice service,Automatic,0,1,0,1,0,83.6,29.8,16.0,19.4,551,603.0,,R-600a,R-600a (GWP:3 | Lower GWP),0,,,,,2022-01-04,2022-01-10,"United States, Canada",ES_1145610_F16BFRESC450PR_01072022110239_3692590,0
3417902,Forza,FF36FBMS,",,Employ compressor VFL100CY1",804467608157,Bottom Freezer,5I - Refrigerator-freezers - automatic defrost with bottom-mounted freezer with an automatic icemaker without through-the-door ice service,Automatic,0,0,0,1,0,70.1,35.9,20.3,25.0,539,622.0,,,,0,,,,,2024-03-05,2024-03-12,"United States, Canada",ES_1144143_FF36FBMS_031220240452117_4504076,0
2408104,Frestec,FR 1002 BK,",FR 1002 SL,; ,FR 1002 WH,",760354510104;760354510111;760354510128,Top Freezer,3 - Refrigerator-freezers - automatic defrost with top-mounted freezer without an automatic ice maker,Automatic,0,0,0,0,0,59.9,23.7,10.0,12.1,297,331.0,,,,0,,,,,2023-02-10,2023-02-14,United States,ES_1146193_FR 1002 BK_02092023105139_7888452,1
2470811,Frestec,FR 1002 SLB,",FR 1002 BKB,; ,FR 1002 WHB,",737547694187;737547694194;737547694200,Top Freezer,3 - Refrigerator-freezers - automatic defrost with top-mounted freezer without an automatic ice maker,Automatic,0,0,0,0,0,59.8,23.6,10.0,12.1,297,331.0,,,,0,,,,,2023-04-23,2023-04-25,United States,ES_1146193_FR 1002 SLB_04232023133559_8505670,1
2408105,Frestec,FR 1202 BK,",FR 1202 SL,; ,FR 1202 WH,",760354510135;760354510142;760354510159,Top Freezer,3 - Refrigerator-freezers - automatic defrost with top-mounted freezer without an automatic ice maker,Automatic,0,0,0,0,0,59.9,23.7,12.1,14.7,316,352.0,,,,0,,,,,2023-02-10,2023-02-14,United States,ES_1146193_FR 1202 BK_02092023105442_9606897,1
2464545,Frestec,FR 1462 WH,",FR 1462 BK,; ,FR 1462 SL,",760354510166;760354510173;760354510180,Top Freezer,3 - Refrigerator-freezers - automatic defrost with top-mounted freezer without an automatic ice maker,Automatic,0,0,0,0,0,66.0,27.9,14.6,17.0,333,371.0,,,,0,,,,,2023-04-20,2023-04-21,United States,ES_1146193_FR 1462 WH_04202023131519_2097131,1
2470812,Frestec,FR 1802 BK,",FR 1802 SL,; ,FR 1802 WH,",760354510197;760354510203;760354510210,Top Freezer,3 - Refrigerator-freezers - automatic defrost with top-mounted freezer without an automatic ice maker,Automatic,0,0,0,0,0,66.1,29.7,18.1,21.8,367,410.0,,,,0,,,,,2023-04-23,2023-04-25,United States,ES_1146193_FR 1802 BK_04232023152659_1283838,1
3994440,Frestec,FR 2002 SL,",FR 2002 WH,",090966175294;090966175300,Top Freezer,3 - Refrigerator-freezers - automatic defrost with top-mounted freezer without an automatic ice maker,Automatic,0,0,0,0,0,68.8,31.7,20.2,24.1,382,428.0,,,,0,,,,,2025-02-10,2025-02-13,United States,ES_1146193_FR 2002 SL_02102025141225_1460840,1
2406385,Frestec,FR 742 BX,",FR 742 BK,; ,FR 742 SL,; ,FR 742 WH,",737547694187;760354510074;760354510081;760354510098,Compact Refrigerator,12 - Compact Refrigerator-Freezer - partial automatic defrost,Automatic,1,0,0,0,0,57.1,21.3,7.4,8.5,336,386.0,,,,0,,,,,2022-09-20,2022-12-29,United States,ES_1146193_FR 742 BX_12132022135340_1344110,0
2384729,Frestec,FTC30RF,",FTC30RE,",760354509337;760354509481;760354509535;760354509719,Compact Refrigerator,11 - Compact Refrigerator and Refrigerator-Freezer other than All-Refrigerator - manual defrost,Manual,1,0,0,0,0,33.5,17.8,3.0,3.7,253,286.0,,,,0,,,,,2021-09-15,2021-09-28,United States,ES_1146193_FTC30RF_09242021142109_1096612,0
2384728,Frestec;Upstreman,FTC45R,",CR45,; ,FR 450 BK,; ,FR 450 SL,; ,FR 450 WH,; ,FR45,; ,SR45,",652726292872;652726292933;652726293053;760354509283;760354509986;760354509993;760354510005,Compact Refrigerator,11A - Compact All-Refrigerator - manual defrost,Manual,1,0,0,0,0,32.5,20.6,4.5,4.5,226,254.0,,,,0,,,,,2021-09-15,2021-09-28,United States,ES_1146193_FTC45R_09242021140703_7843133,0
2331902,Frigiaire,EFR331,"Refrigerator,,; Refrigerator,EFR331-BLACK,; Refrigerator,EFR331-BLACK-COM,; Refrigerator,EFR331-WHITE-COM,; Refrigerator,EFR372,; Refrigerator,EFR372-BLACK-COM,; Refrigerator,EFR372-BLUE-COM,; Refrigerator,EFR372-PINK-COM,; Refrigerator,EFR372-WHITE-COM,; Refrigerator,EFR376,; Refrigerator,EFR376-B-BLACK,; Refrigerator,EFR376-B-BLUE-COM,; Refrigerator,EFR376-B-RED-COM,; Refrigerator,EFR376-BLACK,; Refrigerator,EFR376-BLACK-COM,; Refrigerator,EFR376-BLUE-COM,; Refrigerator,EFR376-PINK-COM,; Refrigerator,EFR376-RED-COM,; Refrigerator,EFR376-WHITE-COM,; Refrigerator,RFR320,; Refrigerator,RFR320-B-BLACK-COM,; Refrigerator,RFR320-B-LIME-COM,; Refrigerator,RFR320-B-ORANGE-COM,; Refrigerator,RFR320-B-WHITE-COM,; Refrigerator,RFR321,; Refrigerator,RFR321-B-STAINLESS-COM,; Refrigerator,RFR321-D-PURPLE,; Refrigerator,RFR321-STAINLESS,; Refrigerator,RFR322,; Refrigerator,RFR322-E-COM,; Refrigerator,RFR376,; Refrigerator,RFR376-B-BLUE,; Refrigerator,RFR376-B-RED,",,Compact Refrigerator,11A - Compact All-Refrigerator - manual defrost,Manual,1,0,0,0,1,32.6,18.5,3.2,3.2,197,244.0,,,,0,,,,,2018-09-13,2018-12-20,United States,ES_1120898_EFR331_12212018104712_7137187,0
2404479,Frigidaire,EFR107-B-BLACK-COM,"Refrigerator,EFR115-B-BLUE-COM,",58465806743,Compact Refrigerator,11A - Compact All-Refrigerator - manual defrost,Manual,1,0,0,0,1,19.0,19.0,1.6,1.6,206,232.0,,R-600a,R-600a (GWP:3 | Lower GWP),0,,,,,2022-09-29,2022-11-10,United States,ES_1120898_EFR107-B-BLACK-COM_11142022122539_3559283,0
2404496,Frigidaire,EFR107-WHITE,"Refrigerator,EFR176-BLACK_AMZ,",58465818869,Compact Refrigerator,11A - Compact All-Refrigerator - manual defrost,Manual,1,0,0,0,1,19.0,19.0,1.6,1.6,206,232.0,,R-600a,R-600a (GWP:3 | Lower GWP),0,,,,,2022-09-29,2022-11-10,United States,ES_1120898_EFR107-WHITE_11142022122539_4362267,0
2404489,Frigidaire,EFR115-B-BLACK,"Refrigerator,EFR115-B-PURPLE-COM,",58465807269,Compact Refrigerator,11A - Compact All-Refrigerator - manual defrost,Manual,1,0,0,0,1,19.0,19.0,1.6,1.6,206,232.0,,R-600a,R-600a (GWP:3 | Lower GWP),0,,,,,2022-09-29,2022-11-10,United States,ES_1120898_EFR115-B-BLACK_11142022122539_7286157,0
2404480,Frigidaire,EFR115-B-BLUE-COM,"Refrigerator,EFR176-B-MOONBM-COM,",58465807283,Compact Refrigerator,11A - Compact All-Refrigerator - manual defrost,Manual,1,0,0,0,1,19.0,19.0,1.6,1.6,206,232.0,,R-600a,R-600a (GWP:3 | Lower GWP),0,,,,,2022-09-29,2022-11-10,United States,ES_1120898_EFR115-B-BLUE-COM_11142022122539_8261124,0
2404490,Frigidaire,EFR115-B-PURPLE-COM,"Refrigerator,EFR115-C-RED-COM,",58465807290,Compact Refrigerator,11A - Compact All-Refrigerator - manual defrost,Manual,1,0,0,0,1,19.0,19.0,1.6,1.6,206,232.0,,R-600a,R-600a (GWP:3 | Lower GWP),0,,,,,2022-09-29,2022-11-10,United States,ES_1120898_EFR115-B-PURPLE-COM_11142022122539_8365781,0
2404486,Frigidaire,EFR115-B-RED,"Refrigerator,EFR177-B-BLACK,",58465807306,Compact Refrigerator,11A - Compact All-Refrigerator - manual defrost,Manual,1,0,0,0,1,19.0,19.0,1.6,1.6,206,232.0,,R-600a,R-600a (GWP:3 | Lower GWP),0,,,,,2022-09-29,2022-11-10,United States,ES_1120898_EFR115-B-RED_11142022122539_2316143,0
2404485,Frigidaire,EFR115-B-WHITE,"Refrigerator,EFR115-B-RED,",58465807276,Compact Refrigerator,11A - Compact All-Refrigerator - manual defrost,Manual,1,0,0,0,1,19.0,19.0,1.6,1.6,206,232.0,,R-600a,R-600a (GWP:3 | Lower GWP),0,,,,,2022-09-29,2022-11-10,United States,ES_1120898_EFR115-B-WHITE_11142022122539_5145919,0
2404491,Frigidaire,EFR115-C-RED-COM,"Refrigerator,EFR176-B-BLUE-COM,",58465807306,Compact Refrigerator,11A - Compact All-Refrigerator - manual defrost,Manual,1,0,0,0,1,19.0,19.0,1.6,1.6,206,232.0,,R-600a,R-600a (GWP:3 | Lower GWP),0,,,,,2022-09-29,2022-11-10,United States,ES_1120898_EFR115-C-RED-COM_11142022122539_5945402,0
2404488,Frigidaire,EFR176-B-BLACK-COM,"Refrigerator,EFR115-B-BLACK,",58465807245,Compact Refrigerator,11A - Compact All-Refrigerator - manual defrost,Manual,1,0,0,0,1,19.0,19.0,1.6,1.6,206,232.0,,R-600a,R-600a (GWP:3 | Lower GWP),0,,,,,2022-09-29,2022-11-10,United States,ES_1120898_EFR176-B-BLACK-COM_11142022122539_1563794,0
2404492,Frigidaire,EFR176-B-BLUE-COM,"Refrigerator,EFR177-B-BLUE,",58465807177,Compact Refrigerator,11A - Compact All-Refrigerator - manual defrost,Manual,1,0,0,0,1,19.0,19.0,1.6,1.6,206,232.0,,R-600a,R-600a (GWP:3 | Lower GWP),0,,,,,2022-09-29,2022-11-10,United States,ES_1120898_EFR176-B-BLUE-COM_11142022122539_6405837,0
2404484,Frigidaire,EFR176-B-CORAL-COM,"Refrigerator,EFR115-B-WHITE,",58465808792,Compact Refrigerator,11A - Compact All-Refrigerator - manual defrost,Manual,1,0,0,0,1,19.0,19.0,1.6,1.6,206,232.0,,R-600a,R-600a (GWP:3 | Lower GWP),0,,,,,2022-09-29,2022-11-10,United States,ES_1120898_EFR176-B-CORAL-COM_11142022122539_6914819,0
2404497,Frigidaire,EFR176-BLACK_AMZ,"Refrigerator,EFR176-CORAL_AMZ,",58465821982,Compact Refrigerator,11A - Compact All-Refrigerator - manual defrost,Manual,1,0,0,0,1,19.0,19.0,1.6,1.6,206,232.0,,R-600a,R-600a (GWP:3 | Lower GWP),0,,,,,2022-09-29,2022-11-10,United States,ES_1120898_EFR176-BLACK_AMZ_11142022122539_8729148,0
2404481,Frigidaire,EFR176-B-MOONBM-COM,"Refrigerator,EFR176-B-RED-COM,",58465808808,Compact Refrigerator,11A - Compact All-Refrigerator - manual defrost,Manual,1,0,0,0,1,19.0,19.0,1.6,1.6,206,232.0,,R-600a,R-600a (GWP:3 | Lower GWP),0,,,,,2022-09-29,2022-11-10,United States,ES_1120898_EFR176-B-MOONBM-COM_11142022122539_7564007,0
2404482,Frigidaire,EFR176-B-RED-COM,"Refrigerator,EFR180-B-COM,",58465807252,Compact Refrigerator,11A - Compact All-Refrigerator - manual defrost,Manual,1,0,0,0,1,19.0,19.0,1.6,1.6,206,232.0,,R-600a,R-600a (GWP:3 | Lower GWP),0,,,,,2022-09-29,2022-11-10,United States,ES_1120898_EFR176-B-RED-COM_11142022122539_7434946,0
2404498,Frigidaire,EFR176-CORAL_AMZ,"Refrigerator,RFR176-B-BLACK,",58465820145,Compact Refrigerator,11A - Compact All-Refrigerator - manual defrost,Manual,1,0,0,0,1,19.0,19.0,1.6,1.6,206,232.0,,R-600a,R-600a (GWP:3 | Lower GWP),0,,,,,2022-09-29,2022-11-10,United States,ES_1120898_EFR176-CORAL_AMZ_11142022122539_8564570,0
2404487,Frigidaire,EFR177-B-BLACK,"Refrigerator,EFR176-B-BLACK-COM,",58465812560,Compact Refrigerator,11A - Compact All-Refrigerator - manual defrost,Manual,1,0,0,0,1,19.0,19.0,1.6,1.6,206,232.0,,R-600a,R-600a (GWP:3 | Lower GWP),0,,,,,2022-09-29,2022-11-10,United States,ES_1120898_EFR177-B-BLACK_11142022122539_5557541,0
2404493,Frigidaire,EFR177-B-BLUE,"Refrigerator,EFR177-B-RED,",58465815196,Compact Refrigerator,11A - Compact All-Refrigerator - manual defrost,Manual,1,0,0,0,1,19.0,19.0,1.6,1.6,206,232.0,,R-600a,R-600a (GWP:3 | Lower GWP),0,,,,,2022-09-29,2022-11-10,United States,ES_1120898_EFR177-B-BLUE_11142022122539_5231553,0
2404494,Frigidaire,EFR177-B-RED,"Refrigerator,EFR182_QVC,",58465815202,Compact Refrigerator,11A - Compact All-Refrigerator - manual defrost,Manual,1,0,0,0,1,19.0,19.0,1.6,1.6,206,232.0,,R-600a,R-600a (GWP:3 | Lower GWP),0,,,,,2022-09-29,2022-11-10,United States,ES_1120898_EFR177-B-RED_11142022122539_3622760,0
2362096,Frigidaire,EFR180,"Refrigerator,EFR100-B-BLACK,; Refrigerator,EFR100-B-BLACK-COM,; Refrigerator,EFR107-B-BLACK,; Refrigerator,EFR107-B-BLACK-COM,; Refrigerator,EFR115-B-BLUE-COM,; Refrigerator,EFR115-B-PURPLE,; Refrigerator,EFR115-B-PURPLE-COM,; Refrigerator,EFR115-B-RED,; Refrigerator,EFR115-B-RED-COM,; Refrigerator,EFR115-B-WHITE,; Refrigerator,EFR115-B-WHITE-COM,; Refrigerator,EFR176-B-BLACK-COM,; Refrigerator,EFR176-B-BLUE-COM,; Refrigerator,EFR176-B-CORAL-COM,; Refrigerator,EFR176-B-MOONBM-COM,; Refrigerator,EFR176-B-RED-COM,; Refrigerator,EFR177-B-BLACK,; Refrigerator,EFR177-B-BLACK-COM,; Refrigerator,EFR177-B-WHITE,; Refrigerator,EFR177-B-WHITE-COM,; Refrigerator,EFR180-B,; Refrigerator,EFR180-B-COM,; Refrigerator,EFR182,; Refrigerator,RFR176,; Refrigerator,RFR176-B-BLACK,; Refrigerator,RFR176-B-BLACK-COM,; Refrigerator,RFR176-B-BLUE,; Refrigerator,RFR176-B-BLUE-COM,; Refrigerator,RFR176-B-CORAL-COM,; Refrigerator,RFR176-B-MOONBM-COM,; Refrigerator,RFR176-B-ORANGE,; Refrigerator,RFR176-B-ORANGE-COM,; Refrigerator,RFR176-B-PURPLE,; Refrigerator,RFR176-B-PURPLE-COM,; Refrigerator,RFR176-B-RED,; Refrigerator,RFR176-B-RED-COM,; Refrigerator,RFR176-B-WHITE,",,Compact Refrigerator,11A - Compact All-Refrigerator - manual defrost,Manual,1,0,0,0,1,19.0,19.0,1.6,1.6,158,232.0,,,,0,,,,,2020-06-10,2020-06-16,United States,ES_1120898_EFR180_06242020113352_5180191,1
2404483,Frigidaire,EFR180-B-COM,"Refrigerator,EFR176-B-CORAL-COM,",58465807238,Compact Refrigerator,11A - Compact All-Refrigerator - manual defrost,Manual,1,0,0,0,1,19.0,19.0,1.6,1.6,206,232.0,,R-600a,R-600a (GWP:3 | Lower GWP),0,,,,,2022-09-29,2022-11-10,United States,ES_1120898_EFR180-B-COM_11142022122539_9893359,0
2404476,Frigidaire,EFR182,"Refrigerator,EFR107-B-BLACK,",58465815622,Compact Refrigerator,11A - Compact All-Refrigerator - manual defrost,Manual,1,0,0,0,1,19.0,19.0,1.6,1.6,206,232.0,,R-600a,R-600a (GWP:3 | Lower GWP),0,,,,,2022-09-29,2022-11-10,United States,ES_1120898_EFR182_11142022122539_6642922,0
2404495,Frigidaire,EFR182_QVC,"Refrigerator,EFR107-WHITE,",58465820770,Compact Refrigerator,11A - Compact All-Refrigerator - manual defrost,Manual,1,0,0,0,1,19.0,19.0,1.6,1.6,206,232.0,,R-600a,R-600a (GWP:3 | Lower GWP),0,,,,,2022-09-29,2022-11-10,United States,ES_1120898_EFR182_QVC_11142022122539_1453820,0
2384633,Frigidaire;Rca,EFR100,",EFR115,; ,EFR176,; ,EFR180,; ,EFR182,; ,RFR115,; ,RFR160,; ,RFR176,; ,RFR180,",058465792190;058465793883;058465793890;058465794002;058465794170;058465794187;058465806866;058465807177;058465807238;058465807245;058465807252;058465807276;058465807290;058465807306;058465808792;058465808808;058465814939;058465815622;058465820480,Compact Refrigerator,11A - Compact All-Refrigerator - manual defrost,Manual,1,0,0,0,0,19.8,17.8,1.7,1.7,206,232.0,,,,0,,,,,2021-09-15,2021-09-23,United States,ES_1120898_EFR100_09162021141308_939142,0
2384722,Frigidaire;Rca,EFR323,",EFR331,; ,EFR376,; ,RFR320,; ,RFR321,; ,RFR322,; ,RFR335,; ,RFR376,",058465782481;058465793975;058465793982;058465793999;058465802714;058465802721;058465806415;058465807320;058465807337;058465807344;058465807801;058465808075;058465808273;058465808945;058465809065;058465809133;058465812034;058465812041;058465816049,Compact Refrigerator,11A - Compact All-Refrigerator - manual defrost,Manual,1,0,0,0,0,32.5,17.8,3.0,3.0,216,243.0,,,,0,,,,,2021-09-15,2021-09-27,United States,ES_1120898_EFR323_09182021132823_3337976,0
2396863,Frigidaire;Rca;Ginny'S;Arctic Chef,EFR285-C,",ACFR283-WHITE-6COM,; ,EFR231-BLACK-PL,; ,EFR231-WHITE-PL,; ,EFR285-6COM,; ,FR276-BLACK-GB,; ,FR276-RED-GB,; ,RFR283-B-WHITE,; ,RFR283-BLACK-6COM,; ,RFR283-D-BLACK,; ,RFR283-F-STAINLESS,; ,RFR283-STAINLESS-6COM,",058465807795;058465808334;058465809010;058465812409;058465812416;058465818586;058465829483;058465831554,Compact Refrigerator,11A - Compact All-Refrigerator - manual defrost,Manual,1,0,0,0,0,27.2,17.8,2.5,2.5,210,239.0,,,,0,,,,,2022-05-12,2022-05-23,United States,ES_1120898_EFR285-C_05122022135227_5362817,0
2389763,Frigidaire;Rca;Hamilton Beach,EFR100-D-BLACK,",EFR100-BLACK-6COM,; ,EFR115-B-GREEN_AMZ,; ,EFR115-B-ORANGE,; ,EFR115-B-RED-COM,; ,EFR115-C-BLUE,; ,EFR115-C-PURPLE-COM,; ,EFR115-C-WHITE,; ,EFR115-PURPLE-6COM,; ,EFR115-RED-6COM,; ,EFR115-WHITE-6COM,; ,EFR176-B-BLACK_HD,; ,EFR176-BLACK-6COM,; ,EFR176-BLACK_AMZ,; ,EFR176-BLUE-6COM,; ,EFR176-C-BLACK,; ,EFR176-C-BLACK_AMZ,; ,EFR176-C-BLUE,; ,EFR176-C-CORAL_AMZ,; ,EFR176-C-CORAL_AMZ-6COM,; ,EFR176-C-RED,; ,EFR176-CORAL,; ,EFR176-CORAL-6COM,; ,EFR176-MOONBM,; ,EFR176-MOONBM-6COM,; ,EFR176-PINK-6COM,; ,EFR176-RED-6COM,; ,EFR176-WHITE-6COM,; ,EFR180-6COM,; ,EFR182-C,; ,HBF1600-BLUE-6COM,; ,HBF1600-CREAM-6COM,; ,HBF1600-RED-6COM,; ,HBF1650-BLACK-6COM,; ,HBF1650-WHITE-6COM,; ,RFR115-B-WHITE,; ,RFR115-C-BLACK-6COM,; ,RFR115-C-BLUE,; ,RFR115-F-BLACK,; ,RFR160-C-PURPLE,; ,RFR160-C-RED,; ,RFR176-D-BLACK,",058465792190;058465793883;058465793890;058465794170;058465794187;058465795153;058465806866;058465807177;058465807238;058465807245;058465807252;058465807276;058465807283;058465807290;058465807306;058465807313;058465808495;058465808792;058465808808;058465812423;058465814939;058465815622;058465820145;058465820176;058465820480;058465821982;058465822835;058465825393;058465825409,Compact Refrigerator,11A - Compact All-Refrigerator - manual defrost,Manual,1,0,0,0,0,19.8,17.8,1.6,1.6,200,232.0,,,,0,,,,,2021-12-15,2021-12-24,United States,ES_1120898_EFR100-D-BLACK_12222021131817_1389428,0
2389762,Frigidaire;Rca;Hamilton Beach;Montgomery Ward;Arctic Chef,EFR323-C,",ACFR320-BLACK-6COM,; ,ACFR321-BLACK-6COM,; ,ACFR322-6COM,; ,ACFR326-BLACK-6COM,; ,ACFR335-6COM,; ,ACFR335-AMZ-6COM,; ,EFR321-AMZ-6COM,; ,EFR331-BLACK-6COM,; ,EFR331-C-BLACK,; ,EFR331-C-WHITE,; ,EFR331-WHITE-6COM,; ,EFR376-B-BLUE-6COM,; ,EFR376-B-CORAL,; ,EFR376-B-RED-6COM,; ,EFR376-BLACK-6COM,; ,EFR376-C-MOONBM,; ,EFR376-C-PINK,; ,EFR376-CORAL-6COM,; ,EFR376-D-BLACK,; ,EFR376-D-BLUE,; ,EFR376-D-RED,; ,EFR376-D-WHITE,; ,EFR376-MOONBM-6COM,; ,EFR376-PINK-6COM,; ,EFR376-WHITE-6COM,; ,FR331-BLACK-MW,; ,FR331-RED-MW,; ,HBF3200-CORAL,; ,HBF3200-CREAM-6COM,; ,HBF3200-RED-6COM,; ,HBF3210-BLACK-6COM,; ,HBF3210-WHITE-6COM,; ,RFR320-B-LIME-6COM,; ,RFR320-BLACK-6COM,; ,RFR320-C-LIME,; ,RFR320-C-PURPLE-6COM,; ,RFR320-D-BLACK,; ,RFR320-D-BLUE,; ,RFR320-D-PURPLE,; ,RFR320-E-ORANGE,; ,RFR320-WHITE-6COM,; ,RFR321-A-PURPLE,; ,RFR321-BLACK-6COM,; ,RFR321-C-PURPLE-6COM,; ,RFR321-D-BLUE,; ,RFR321-E-BLACK,; ,RFR321-E-WHITE,; ,RFR322-C,; ,RFR322-C-6COM,; ,RFR326-BLACK-6COM,; ,RFR335-6COM,; ,RFR376-BLUE,; ,RFR376-D-RED,",058465782481;058465793975;058465793982;058465793999;058465796594;058465802714;058465802721;058465806415;058465806620;058465807320;058465807337;058465807344;058465807801;058465807818;058465808075;058465808273;058465808280;058465808419;058465808945;058465808990;058465809065;058465809133;058465812034;058465812041;058465815615;058465816049;058465822651;058465822668;058465824020;058465824037;058465829742;058465829759;058465830090,Compact Refrigerator,11A - Compact All-Refrigerator - manual defrost,Manual,1,0,0,0,0,33.3,17.8,3.1,3.1,215,243.0,,,,0,,,,,2021-12-15,2021-12-24,United States,ES_1120898_EFR323-C_12222021132553_5503198,0
2396903,Frigidaire;Rca;Thomson,EFR492-B,",RFR441-C,; ,RFR453,; ,RFR453-6COM,; ,RFR464-C-BLACK,; ,RFR464-C-WHITE,; ,RFR465-E,; ,TFR441-B,",058465793937;058465807740;058465807788;058465808761;058465808778;058465809973;058465816407,Compact Refrigerator,13A - Compact All-Refrigerators - automatic defrost,Automatic,1,0,0,0,0,32.5,20.6,4.5,4.5,264,301.0,,,,0,,,,,2022-05-12,2022-05-26,United States,ES_1120898_EFR492-B_05122022102300_7401697,0
3701831,Fulgor Milano,FM4FBM24IVS2,",FM4FBM24ISS2,",804467738267;804467761685,Bottom Freezer,5I - Refrigerator-freezers - automatic defrost with bottom-mounted freezer with an automatic icemaker without through-the-door ice service,Automatic,0,0,0,1,0,73.2,23.4,11.5,14.2,480,527.0,,R-600a,R-600a (GWP:3 | Lower GWP),0,,,,,2024-09-20,2024-10-09,"United States, Canada",ES_1145610_FM4FBM24IVS2_09252024171214_5073472,0
3701836,Fulgor Milano,FM4FBM24VS2,",FM4FBM24SS2,",804467738151;804467928712,Bottom Freezer,5 - Refrigerator-freezers - automatic defrost with bottom-mounted freezer without an automatic ice maker,Automatic,0,0,0,0,0,73.2,23.4,11.5,14.2,396,443.0,,R-600a,R-600a (GWP:3 | Lower GWP),0,,,,,2024-09-20,2024-10-09,"United States, Canada",ES_1145610_FM4FBM24VS2_09252024172727_8160958,0
2396583,"Fulgor Milano, Bertazzoni, Vitara",FM4BM36FBI,",FM4BM36BS,; ,REF36BMBPNB,; ,REF36BMBXNB,; ,VBBM2000ESE,; ,VBBM2000EWE,",616833174308;616833174346;616833174384;616833174407;8059304889370;8059304889424,Bottom Freezer,5-BI - Built-In Refrigerator-freezers - automatic defrost with bottom-mounted freezer without an automatic icemaker,Automatic,0,1,0,0,0,83.6,35.8,19.8,24.0,506,563.0,,R-600a,R-600a (GWP:3 | Lower GWP),0,,,,,2022-05-09,2022-05-19,"United States, Canada",ES_1145610_FM4BM36FBI_05092022171038_9072076,0
2396528,"Fulgor Milano, Bertazzoni, Vitara",FM4FBM36FBI,",FM4FBM36BS,; ,REF36FDBPNB,; ,REF36FDBXNB,; ,VBFBM1950ESE,; ,VBFBM1950EWE,",616833174322;616833174360;616833174421;616833174445;8059304889349;8059304889400,Bottom Freezer,5-BI - Built-In Refrigerator-freezers - automatic defrost with bottom-mounted freezer without an automatic icemaker,Automatic,0,1,0,0,0,83.6,35.8,19.6,23.9,505,562.0,,R-600a,R-600a (GWP:3 | Lower GWP),0,,,,,2022-05-09,2022-05-18,"United States, Canada",ES_1145610_FM4FBM36FBI_05162022141235_9749719,0
2396581,"Fulgor Milano, Bertazzoni, Vitara, Forte, Kucht, Hallman, Savalo",FM4BM36IFBI,",F20BFRESC450PR,; ,FM4BM36IBS,; ,HRBIFD36PR,; ,KR360SD,; ,REF36BMBZPNV,; ,REF36BMBZXNV,; ,S36BFR700IMBIP,; ,VBBM2000ESEI,; ,VBBM2000EWEI,",616833174315;616833174353;616833174391;616833174414;640117893005;8059304889356;8059304889431;810076235035;811118037549;860010679319,Bottom Freezer,5I-BI - Built-In Refrigerator-freezers - automatic defrost with bottom-mounted freezer with an automatic icemaker without through-the-door ice service,Automatic,0,1,0,1,0,83.6,35.8,19.8,24.0,590,647.0,,R-600a,R-600a (GWP:3 | Lower GWP),0,,,,,2023-08-23,2022-05-19,"United States, Canada",ES_1145610_FM4BM36IFBI_05162022141522_2734643,0
2396582,"Fulgor Milano, Bertazzoni, Vitara, Forte, Kucht, Zline, Hallman",FM4FBM36IFBI,",FFD20ESC450PR,; ,FM4FBM36IBS,; ,HRBISBM36PR,; ,KR365FD,; ,RBIV-36,; ,REF36FDBZPNV,; ,REF36FDBZXNV,; ,VBFBM1950ESEI,; ,VBFBM1950EWEI,",195948124687;616833174339;616833174377;616833174438;616833174452;640117893012;8059304889363;8059304889417;810076235073;811118037617,Bottom Freezer,5I-BI - Built-In Refrigerator-freezers - automatic defrost with bottom-mounted freezer with an automatic icemaker without through-the-door ice service,Automatic,0,1,0,1,0,83.6,35.8,19.6,23.8,589,645.0,,R-600a,R-600a (GWP:3 | Lower GWP),0,,,,,2022-05-09,2022-05-19,"United States, Canada",ES_1145610_FM4FBM36IFBI_05162022142709_4532281,0
2370101,"Fulgor Milano, Vitara",FM4BM30FBI,",FM4BM30BS,; ,VBBM1600ESE,; ,VBBM1600EWE,",,Bottom Freezer,5-BI - Built-In Refrigerator-freezers - automatic defrost with bottom-mounted freezer without an automatic icemaker,Automatic,0,1,0,0,0,83.6,29.8,16.0,19.4,467,519.0,,,,0,,,,,2020-11-10,2020-11-23,"United States, Canada",ES_1145610_FM4BM30FBI_11232020154003_1040002,0
2370102,"Fulgor Milano, Vitara",FM4BM30IFBI,",FM4BM30IBS,; ,VBBM1601ESE,; ,VBBM1601EWE,",,Bottom Freezer,5I-BI - Built-In Refrigerator-freezers - automatic defrost with bottom-mounted freezer with an automatic icemaker without through-the-door ice service,Automatic,0,1,0,1,0,83.6,29.8,16.0,19.4,551,603.0,,,,0,,,,,2020-11-10,2020-11-23,"United States, Canada",ES_1145610_FM4BM30IFBI_11232020154330_1192285,0
2396529,"Fulgor Milano, Vitara, Forte",FM4BM28FBI,",F12BFRESC450PR,; ,VBBM1200EWE,",738944576687;738944576694;810076231778,Bottom Freezer,5-BI - Built-In Refrigerator-freezers - automatic defrost with bottom-mounted freezer without an automatic icemaker,Automatic,0,1,0,0,0,76.3,27.2,12.6,14.9,429,477.0,,R-600a,R-600a (GWP:3 | Lower GWP),0,,,,,2022-05-09,2022-05-18,"United States, Canada",ES_1145610_FM4BM28FBI_05092022150404_8318139,0
4499050,Gasland,RG1014*,",,*: Suffix could be from 0 to 9 or A to Z or blank to represent different unit color",850073127315,Top Freezer,3 - Refrigerator-freezers - automatic defrost with top-mounted freezer without an automatic ice maker,Automatic,0,0,0,0,0,61.0,28.0,14.2,17.1,333,372.0,,R-600a,R-600a (GWP:3 | Lower GWP),0,,,,,2025-09-09,2025-09-17,"United States, Canada",ES_1152483_RG1014*_091720250046336_2810630,1
2303399,Gaggenau,RB472704,",,Network Communication",825225922490,Bottom Freezer,5I-BI - Built-In Refrigerator-freezers - automatic defrost with bottom-mounted freezer with an automatic icemaker without through-the-door ice service,Automatic,0,1,0,1,0,83.7,30.0,16.0,19.4,498,603.0,,,,0,,,,,2017-09-01,2017-08-24,"United States, Canada",ES_0031649_RB472704_08292017124701_70141391,0
2303401,Gaggenau,RB492704,",,Network Communication",825225922506,Bottom Freezer,5I-BI - Built-In Refrigerator-freezers - automatic defrost with bottom-mounted freezer with an automatic icemaker without through-the-door ice service,Automatic,0,1,0,1,0,83.7,36.0,19.5,23.8,531,645.0,,,,0,,,,,2017-09-01,2017-08-24,"United States, Canada",ES_0031649_RB492704_08292017124701_70141391,0
2303335,Gaggenau,RC462704,",,Network Communication",825225922513,Freezerless and Single Door,3A-BI - Built-In All-Refrigerators - automatic defrost,Automatic,0,1,0,0,0,83.7,24.0,13.0,13.0,264,333.0,,,,0,,,,,2017-09-01,2017-05-04,"United States, Canada",ES_0031649_RC462704_05082017020339_70129737,0
2303337,Gaggenau,RC472704,",,Network Communication",825225922520,Freezerless and Single Door,3A-BI - Built-In All-Refrigerators - automatic defrost,Automatic,0,1,0,0,0,83.7,30.0,16.8,16.8,289,363.0,,,,0,,,,,2017-09-01,2017-05-04,"United States, Canada",ES_0031649_RC472704_05082017020339_70129737,0
2303397,Gaggenau,RC492704,",,Network Communication",825225922636,Freezerless and Single Door,3A-BI - Built-In All-Refrigerators - automatic defrost,Automatic,0,1,0,0,0,83.7,36.0,20.6,20.6,313,394.0,,,,0,,,,,2017-09-01,2017-05-04,"United States, Canada",ES_0031649_RC492704_05082017020339_70129737,0
2303403,Gaggenau,RY492704,",,Network Communication",825225922728,Bottom Freezer,5I-BI - Built-In Refrigerator-freezers - automatic defrost with bottom-mounted freezer with an automatic icemaker without through-the-door ice service,Automatic,0,1,0,1,0,83.7,36.0,19.4,23.6,585,643.0,,,,0,,,,,2017-09-01,2017-08-24,"United States, Canada",ES_0031649_RY492704_08292017124701_70141391,0
2381229,Ge Profile,PVD28BYNC***,",PVD28BYNFS,",084691869184,Bottom Freezer,5A - Refrigerator-freezers - automatic defrost with bottom-mounted freezer with through-the-door ice service,Automatic,0,0,1,1,0,68.6,35.8,27.9,34.4,758,794.0,,,,1,Wi-Fi,1.0,XMPP https://tools.ietf.org/html/rfc6120 TLS https://tools.ietf.org/html/rfc5246,0.0,2021-07-01,2021-06-18,"United States, Canada",ES_1123206_PVD28BYNC***_06282021092311_80088882,0
2470968,Golden,BCD510*,",,* , can be any of A-Z,a-z,0-9,version code or blank.",,Top Freezer,3 - Refrigerator-freezers - automatic defrost with top-mounted freezer without an automatic ice maker,Automatic,0,0,0,0,0,65.0,30.0,18.0,21.0,362,403.0,,R-600a,R-600a (GWP:3 | Lower GWP),0,,,,,2023-04-27,2023-05-02,"United States, Canada",ES_1043740_BCD510*_050220230336372_1003484,1
2732643,Golden,BCD510**,",,* can be replaced by A to Z or 1 to 9 denotes products with features",197644336968,Top Freezer,3 - Refrigerator-freezers - automatic defrost with top-mounted freezer without an automatic ice maker,Automatic,0,0,0,0,0,67.0,33.0,18.0,21.0,362,403.0,,,,0,,,,,2023-11-01,2023-11-13,"United States, Canada",ES_1043740_BCD510**_111320230137313_1424807,1
4497521,Genuine Comfort,GCCF-B16LA0-1,",,Employ with compressor QD35C5",,Compact Refrigerator,11A - Compact All-Refrigerator - manual defrost,Manual,1,0,0,0,0,19.6,17.5,1.6,1.6,208,232.0,,,,0,,,,,2025-07-25,2025-08-28,"United States, Canada",ES_1145374_GCCF-B16LA0-1_082820250541981_9002014,0
4497524,Genuine Comfort,GCCF-B26LA0-1,",,Employ with compressor options: QD35Y11G, DG40BY1A, L35C5L",,Compact Refrigerator,11A - Compact All-Refrigerator - manual defrost,Manual,1,0,0,0,0,25.0,17.5,2.6,2.6,215,239.0,,,,0,,,,,2025-07-25,2025-08-28,"United States, Canada",ES_1145374_GCCF-B26LA0-1_08282025054110_7689157,0
4497526,Genuine Comfort,GCCF-B32LA0-1,",,Employ with compressor options: L35C5L, DG40BY1A, QD35Y11G",,Compact Refrigerator,11A - Compact All-Refrigerator - manual defrost,Manual,1,0,0,0,0,31.2,17.5,3.2,3.2,219,244.0,,,,0,,,,,2025-07-25,2025-08-28,"United States, Canada",ES_1145374_GCCF-B32LA0-1_082820250541583_8140954,0
4497519,Genuine Comfort,GCCF-B45LA0-1,",,Employ with compressor options: DG40BY1A, L35C5L",,Compact Refrigerator,11A - Compact All-Refrigerator - manual defrost,Manual,1,0,0,0,0,31.5,20.3,4.4,4.4,226,254.0,,,,0,,,,,2025-07-25,2025-08-28,"United States, Canada",ES_1145374_GCCF-B45LA0-1_082820250541257_5125789,0
4497522,Genuine Comfort,GCCF-S16LA0-1,",,Employ with compressor QD35C5",,Compact Refrigerator,11A - Compact All-Refrigerator - manual defrost,Manual,1,0,0,0,0,19.6,17.5,1.6,1.6,208,232.0,,,,0,,,,,2025-07-25,2025-08-28,"United States, Canada",ES_1145374_GCCF-S16LA0-1_082820250542587_1129854,0
4497523,Genuine Comfort,GCCF-S26LA0-1,",,Employ with compressor options: QD35Y11G, DG40BY1A, L35C5L",,Compact Refrigerator,11A - Compact All-Refrigerator - manual defrost,Manual,1,0,0,0,0,25.0,17.5,2.6,2.6,215,239.0,,,,0,,,,,2025-07-25,2025-08-28,"United States, Canada",ES_1145374_GCCF-S26LA0-1_082820250542246_1163491,0
4497525,Genuine Comfort,GCCF-S32LA0-1,",,Employ with compressor options: L35C5L, DG40BY1A, QD35Y11G",,Compact Refrigerator,11A - Compact All-Refrigerator - manual defrost,Manual,1,0,0,0,0,31.2,17.5,3.2,3.2,219,244.0,,,,0,,,,,2025-07-25,2025-08-28,"United States, Canada",ES_1145374_GCCF-S32LA0-1_082820250541311_4896878,0
4497520,Genuine Comfort,GCCF-S45LA0-1,",,Employ with compressor options: DG40BY1A, L35C5L",,Compact Refrigerator,11A - Compact All-Refrigerator - manual defrost,Manual,1,0,0,0,0,31.5,20.3,4.4,4.4,226,254.0,,,,0,,,,,2025-07-25,2025-08-28,"United States, Canada",ES_1145374_GCCF-S45LA0-1_082820250631408_8807139,0
2375170,Hisense,HRT180N6A*,",,The symbols * can be replaced with A, B, C to Z, it means the color of enclosure.",,Top Freezer,3 - Refrigerator-freezers - automatic defrost with top-mounted freezer without an automatic ice maker,Automatic,0,0,0,0,0,66.5,29.7,18.0,21.1,363,404.0,,,,0,,,,,2021-03-10,2021-03-16,"United States, Canada",ES_1110877_HRT180N6A*_031020210150399_6984653,1
2388715,Hisense,HRT180N6A*E,",,The symbols * can be replaced with A, B, C to Z, it means the color of enclosure.",810088360343;810088360350;810088360367,Top Freezer,3 - Refrigerator-freezers - automatic defrost with top-mounted freezer without an automatic ice maker,Automatic,0,0,0,0,0,66.5,29.7,18.0,21.1,363,404.0,,,,0,,,,,2021-11-29,2021-12-02,"United States, Canada",ES_1110877_HRT180N6A*E_120120212001833_9598567,1
2398233,Hisense,LMS016M6RBE,",HRC016ABE,; ,LMS016M7RVE,; ,RC16A1GBE,",810088360992;810088361357;810088361470;810088366895,Compact Refrigerator,13A - Compact All-Refrigerators - automatic defrost,Automatic,1,0,0,0,0,19.7,17.5,1.6,1.6,246,274.0,,,,0,,,,,2022-06-29,2022-07-06,"United States, Canada",ES_1110877_LMS016M6RBE_06292022165745_1706506,0
2398255,Hisense,LMS026M6RBE,",HRC025ABE,; ,LMS026M6RVE,; ,RC26A1GBE,",810088361005;810088361012;810088361487;810088366901,Compact Refrigerator,13A - Compact All-Refrigerators - automatic defrost,Automatic,1,0,0,0,0,27.4,17.5,2.5,2.5,254,282.0,,,,0,,,,,2022-07-10,2022-07-07,"United States, Canada",ES_1110877_LMS026M6RBE_07042022173421_7717706,0
2395422,Hisense,LMS033M6RBE,",HRC033ABE,; ,HRC033AWE,; ,LMS033M6RVE,; ,RC33A1G*E,; ,RC33A1GWE,",810088361029;810088361036;810088361227;810088366918;810088366925,Compact Refrigerator,13A - Compact All-Refrigerators - automatic defrost,Automatic,1,0,0,0,0,33.2,18.7,3.3,3.3,260,290.0,,,,0,,,,,2022-04-23,2022-05-04,"United States, Canada",ES_1110877_LMS033M6RBE_04272022170057_7974817,0
2395421,Hisense,LMS044M6RBE,",HRC044AVE,; ,LMS044M6RVE,; ,RC44A1G*E,; ,RC44A1GBE,",810088361043;810088361050;810088361500;810088366932,Compact Refrigerator,13A - Compact All-Refrigerators - automatic defrost,Automatic,1,0,0,0,0,33.1,18.7,4.4,4.4,269,300.0,,,,0,,,,,2022-04-23,2022-05-04,"United States, Canada",ES_1110877_LMS044M6RBE_04272022160823_8501092,0
2399463,Hisense,LMT33M6AVE,",HRT031AVE,; ,RC31C2WSE,",810088361364;810088361906;810088366949,Compact Refrigerator,12 - Compact Refrigerator-Freezer - partial automatic defrost,Automatic,1,0,0,0,0,33.9,18.7,3.1,3.7,321,358.0,,,,0,,,,,2022-07-26,2022-08-02,"United States, Canada",ES_1110877_LMT33M6AVE_07282022100635_7879297,0
2399464,Hisense,LMT43M6ABE,",HRT044AAE,; ,HRT044AVE,; ,HRT044VE,; ,LMT43M6AVE,; ,RC44C2GSE,",810088361388;810088361395;810088361937;810088366956;810088366963;810088367489,Compact Refrigerator,12 - Compact Refrigerator-Freezer - partial automatic defrost,Automatic,1,0,0,0,0,46.1,18.7,4.4,5.2,329,367.0,,,,0,,,,,2022-07-26,2022-08-02,"United States, Canada",ES_1110877_LMT43M6ABE_07282022113503_865442,0
2390450,Hisense,RB17A2C*E,",,The symbol * in above model number can be placed by A, B, C... to Z, means difference color of enclosure.",810088360732,Bottom Freezer,5 - Refrigerator-freezers - automatic defrost with bottom-mounted freezer without an automatic ice maker,Automatic,0,0,0,0,0,69.1,31.1,17.2,21.1,453,504.0,,,,0,,,,,2022-01-10,2024-08-23,"United States, Canada",ES_1110877_RB17A2C*E_011320220046783_8372749,0
2341352,Hisense,RB17N6C*E,",,The symbol * in above model number can be placed by A, B, C, to Z, means difference color of enclosure.",,Bottom Freezer,5I - Refrigerator-freezers - automatic defrost with bottom-mounted freezer with an automatic icemaker without through-the-door ice service,Automatic,0,0,0,1,0,69.1,31.3,17.1,20.9,535,586.0,,,,0,,,,,2019-07-15,2019-07-17,"United States, Canada",ES_1110877_RB17N6C*E_07182019004606_0766533,0
2357787,Hisense,RB17N6F*E,",,The symbol * may be A to Z, means different control panel.",,Bottom Freezer,5 - Refrigerator-freezers - automatic defrost with bottom-mounted freezer without an automatic ice maker,Automatic,0,0,0,0,0,69.1,31.3,17.1,20.9,451,502.0,,,,0,,,,,2022-09-06,2020-04-08,"United States, Canada",ES_1110877_RB17N6F*E_04092020031931_2371558,0
2508266,Hisense,RB22A2F*E,",,The symbols  *, can be replaced with A to Z, it means the color of enclosure.",810088362927,Bottom Freezer,5 - Refrigerator-freezers - automatic defrost with bottom-mounted freezer without an automatic ice maker,Automatic,0,0,0,0,0,67.9,31.3,22.3,27.5,501,560.0,,,,0,,,,,2023-05-29,2023-06-12,"United States, Canada",ES_1110877_RB22A2F*E_061220230400875_3552569,0
2407374,Hisense,RC33C1G*E,",WMS033M6XBE,; ,WMS033M6XVE,",,Compact Refrigerator,11A - Compact All-Refrigerator - manual defrost,Manual,1,0,0,0,0,33.2,18.7,3.3,3.3,220,245.0,,,,0,,,,,2022-01-10,2023-01-26,"United States, Canada",ES_1110877_RC33C1G*E_12282022194350_3184652,0
2395435,Hisense,RF200D4C*E,",,The symbols * maybe replaced by A, B, C to Z, it means the color of enclosure.",810088361449,Bottom Freezer,5A - Refrigerator-freezers - automatic defrost with bottom-mounted freezer with through-the-door ice service,Automatic,0,0,1,1,0,70.3,36.0,19.8,25.5,648,711.0,,,,0,,0.0,,,2022-03-29,2022-05-05,"United States, Canada",ES_1110877_RF200D4C*E_050420220525884_3823298,0
2365932,Hisense,RF210N6A*E,",,* could be 0-9 or A-Z",,Bottom Freezer,5 - Refrigerator-freezers - automatic defrost with bottom-mounted freezer without an automatic ice maker,Automatic,0,0,0,0,0,66.9,29.9,20.8,26.0,468,547.0,,,,0,,,,,2020-05-25,2020-09-17,"United States, Canada",ES_1110877_RF210N6A*E_09182020065150_1910663,0
2348391,Hisense,RF210N6W*E,",,Compressor VTH1113Y A; ,,The symbols * maybe replaced by A, B, C to Z, it means the color of enclosure.",,Bottom Freezer,5I - Refrigerator-freezers - automatic defrost with bottom-mounted freezer with an automatic icemaker without through-the-door ice service,Automatic,0,0,0,1,0,70.0,36.0,20.9,25.6,573,628.0,,,,0,,0.0,,,2019-09-25,2019-09-25,"United States, Canada",ES_1110877_RF210N6W*E_10142019024945_1385670,0
2391099,Hisense,RF21A3F*E,",,* could be 0-9 or A-Z",,Bottom Freezer,5 - Refrigerator-freezers - automatic defrost with bottom-mounted freezer without an automatic ice maker,Automatic,0,0,0,0,0,66.9,29.9,20.8,26.0,468,547.0,,,,0,,,,,2020-05-25,2022-01-20,"United States, Canada",ES_1110877_RF21A3F*E_012020220133936_5512977,0
2391551,Hisense,RF21B3F*E,",,* can be 0 to 9 or A to Z for minor appearance differences. (compressor VFA110CY1)",,Bottom Freezer,5I - Refrigerator-freezers - automatic defrost with bottom-mounted freezer with an automatic icemaker without through-the-door ice service,Automatic,0,0,0,1,0,66.9,29.9,20.6,25.8,547,629.0,,,,0,,,,,2022-01-06,2022-04-14,United States,ES_1110877_RF21B3F*E_012020222008336_7289391,0
2407448,Hisense,RF225C3C*EI,",,The symbols *, maybe replaced by A to Z. It means the color of enclosure.",810088362606,Bottom Freezer,5I - Refrigerator-freezers - automatic defrost with bottom-mounted freezer with an automatic icemaker without through-the-door ice service,Automatic,0,0,0,1,0,70.3,36.0,22.4,27.7,590,646.0,,,,0,,,,,2023-01-18,2023-01-30,"United States, Canada",ES_1110877_RF225C3C*EI_013020230312128_6272722,0
3706648,Hisense,RF22B3F*E,",,Brand : Hisense (The symbols * may be replaced by A, B, C to Z, it means the color of enclosure.)(Compressor options: VFL110CY1, VTH1113YG)",810088362477,Bottom Freezer,5I - Refrigerator-freezers - automatic defrost with bottom-mounted freezer with an automatic icemaker without through-the-door ice service,Automatic,0,0,0,1,0,67.9,31.3,22.1,27.3,585,643.0,,,,0,,,,,2023-02-23,2024-10-21,"United States, Canada",ES_1110877_RF22B3F*E_10212024015131_1020319,0
3419036,Hisense,RF22B3FSEI,",,Brand : Hisense (Compressor options: VFL110CY1, VTH1113YG)",810088362583,Bottom Freezer,5I - Refrigerator-freezers - automatic defrost with bottom-mounted freezer with an automatic icemaker without through-the-door ice service,Automatic,0,0,0,1,0,67.9,31.3,22.1,27.3,585,643.0,,,,0,,,,,2023-02-23,2024-03-21,"United States, Canada",ES_1110877_RF22B3FSEI_032120240634377_4581905,0
2390447,Hisense,RF254N6C*E,",,The symbols * maybe replaced by A, B, C... to Z means the color of enclosure.",810088360756,Bottom Freezer,5A - Refrigerator-freezers - automatic defrost with bottom-mounted freezer with through-the-door ice service,Automatic,0,0,1,1,0,70.0,36.0,25.4,31.3,696,765.0,,,,0,,,,,2022-01-10,2022-01-13,"United States, Canada",ES_1110877_RF254N6C*E_01132022000911_5396037,0
2394907,Hisense,RF266C3F*E,",,The symbols * maybe replaced by A, B, C to Z, it means the color of enclosure.",810088361517,Bottom Freezer,5I - Refrigerator-freezers - automatic defrost with bottom-mounted freezer with an automatic icemaker without through-the-door ice service,Automatic,0,0,0,1,0,70.0,36.0,26.6,32.7,583,690.0,,,,0,,,,,2023-07-03,2023-09-14,"United States, Canada",ES_1110877_RF266C3F*E_04202022033280_6442832,0
2357685,Hisense,RF26N6A*E,",,Compressor VFL110CY1; ,,The * may be any letter or number, represent different buyers, the color of enclosure, or the location of the door handle",,Bottom Freezer,5I - Refrigerator-freezers - automatic defrost with bottom-mounted freezer with an automatic icemaker without through-the-door ice service,Automatic,0,0,0,1,0,70.0,35.9,26.6,32.5,628,689.0,,,,0,,,,,2020-04-02,2020-04-06,"United States, Canada",ES_1110877_RF26N6A*E_04062020075947_9987586,0
2395380,Hisense,RF27A3F*E,",,The symbols * maybe replaced by A, B, C to Z, it means the color of enclosure.",810088361432,Bottom Freezer,5 - Refrigerator-freezers - automatic defrost with bottom-mounted freezer without an automatic ice maker,Automatic,0,0,0,0,0,70.0,36.0,26.7,32.8,546,607.0,,,,0,,,,,2022-04-26,2022-05-03,"United States, Canada",ES_1110877_RF27A3F*E_050320220734550_7794148,0
2379611,Hisense,WMS017M6XBE,",HMS016M6RVE,; ,RC16C1G*E,; ,RC16C1GBE,; ,WMS017M6XVE,",810088361456;810088364563;819130029368,Compact Refrigerator,11A - Compact All-Refrigerator - manual defrost,Manual,1,0,0,0,0,19.7,17.5,1.6,1.6,208,232.0,,,,0,,,,,2021-06-15,2021-06-16,"United States, Canada",ES_1110877_WMS017M6XBE_06122021094500_7349511,0
2397745,Hisense,WMS026M6XBE,",RC26C1GBE,",810088360923;810088361173,Compact Refrigerator,11A - Compact All-Refrigerator - manual defrost,Manual,1,0,0,0,0,27.4,17.5,2.6,2.6,215,239.0,,,,0,,,,,2022-09-30,2022-06-23,"United States, Canada",ES_1110877_WMS026M6XBE_06202022134235_1933557,0
2393667,Hisense,WMS044M6XBE,",HMS044M6RRE,; ,RC44C1GBE,; ,RC44C1GSE,; ,RC44C1GWE,; ,WMS044M6XVE,",810088360954;810088360961;810088361197;810088361425;810088363795,Compact Refrigerator,11A - Compact All-Refrigerator - manual defrost,Manual,1,0,0,0,0,33.1,18.7,4.4,4.4,228,254.0,,,,0,,,,,2022-04-30,2022-03-08,"United States, Canada",ES_1110877_WMS044M6XBE_03012022142250_3394433,0
2398234,Hisense,WMS053M6XVE,",LMS053M6RVE,",810088360978;810088361067,Compact Refrigerator,11 - Compact Refrigerator and Refrigerator-Freezer other than All-Refrigerator - manual defrost,Manual,1,0,0,0,0,42.5,20.2,5.4,5.7,273,304.0,,,,0,,,,,2022-06-30,2022-07-06,"United States, Canada",ES_1110877_WMS053M6XVE_06282022133228_6178247,0
3619594,Homcom,800-128BK,"Refrigerator-Freezer,800-128BK,; Refrigerator-Freezer,800-128V81BK,",,Compact Refrigerator,12 - Compact Refrigerator-Freezer - partial automatic defrost,Automatic,1,0,0,0,0,34.1,17.9,3.2,3.9,304,359.0,,R-600a,R-600a (GWP:3 | Lower GWP),0,,,,,2024-08-09,2024-04-03,Canada,ES_1151114_800-128BK_08092024140000_0000001,0
3626780,Homcom,800-129V81BK,"Refrigerator,800-129V80WT,; Refrigerator,800-129V81BK,",,Compact Refrigerator,11A - Compact All-Refrigerator - manual defrost,Manual,1,0,0,0,0,32.8,18.7,3.2,3.2,206,244.0,,R-600a,R-600a (GWP:3 | Lower GWP),0,,,,,2024-04-07,2024-04-07,Canada,ES_1151114_800-129V81BK_08272024090000_0000001,0
2384737,Honeywell,H31MRB*,",,*  can be any of A-Z,a-z,0-9,version code or blank",,Compact Refrigerator,12 - Compact Refrigerator-Freezer - partial automatic defrost,Automatic,1,0,0,0,0,33.0,18.5,3.1,3.8,270,358.0,,,,0,,,,,2021-09-15,2021-09-29,"United States, Canada",ES_1132323_H31MRB*_092920210043722_4772576,0
2384738,Honeywell,H31MRS*,",,*  can be any of A-Z,a-z,0-9,version code or blank",,Compact Refrigerator,12 - Compact Refrigerator-Freezer - partial automatic defrost,Automatic,1,0,0,0,0,33.0,18.5,3.1,3.8,270,358.0,,,,0,,,,,2021-09-15,2021-09-29,"United States, Canada",ES_1132323_H31MRS*_092920210043409_1952348,0
3701838,Hallman,HBFSBMID24VS,",HBFSBMID24SS,; ,HCLFSBMID24SS,; ,HCLFSBMID24VS,",804467920983;804467969517;810137126500;810137126524,Bottom Freezer,5 - Refrigerator-freezers - automatic defrost with bottom-mounted freezer without an automatic ice maker,Automatic,0,0,0,0,0,73.2,23.4,11.5,14.2,396,443.0,,R-600a,R-600a (GWP:3 | Lower GWP),0,,,,,2024-09-20,2024-10-09,"United States, Canada",ES_1145610_HBFSBMID24VS_09252024172728_7535342,0
3701833,Hallman,HBFSBMIDIM24VS,",HBFSBMIDIM24SS,; ,HCLFSBMIDIM24SS,; ,HCLFSBMIDIM24VS,",804467642311;804467966592;810137126517;810137126531,Bottom Freezer,5I - Refrigerator-freezers - automatic defrost with bottom-mounted freezer with an automatic icemaker without through-the-door ice service,Automatic,0,0,0,1,0,73.2,23.4,11.5,14.2,480,527.0,,R-600a,R-600a (GWP:3 | Lower GWP),0,,,,,2024-09-20,2024-10-09,"United States, Canada",ES_1145610_HBFSBMIDIM24VS_09252024171215_9684686,0
3550204,Hamilton Beach,BC-396,",HBFRF1495-B-3BCOM,; ,HZ49411494-B,",058465829568,Freezerless and Single Door,3A - All-Refrigerators - automatic defrost,Automatic,0,0,0,0,0,62.0,27.9,14.0,14.0,269,301.0,,,,0,,,,,2024-06-11,2024-07-01,United States,ES_1120898_HBFRF1495-B-3BCOM_06172024144054_3145563,0
2404478,Hamilton Beach,EFR100-B-BLACK,"Refrigerator,EFR107-B-BLACK-COM,",58465806866,Compact Refrigerator,11A - Compact All-Refrigerator - manual defrost,Manual,1,0,0,0,1,19.0,19.0,1.6,1.6,206,232.0,,R-600a,R-600a (GWP:3 | Lower GWP),0,,,,,2022-09-29,2022-11-10,United States,ES_1120898_EFR100-B-BLACK_11142022122539_9026551,0
2404473,Hamilton Beach,HBF1600-BLUE,"Refrigerator,HBF1600-RED,",58465795153,Compact Refrigerator,11A - Compact All-Refrigerator - manual defrost,Manual,1,0,0,0,1,19.0,19.0,1.6,1.6,206,232.0,,R-600a,R-600a (GWP:3 | Lower GWP),0,,,,,2022-09-29,2022-11-10,United States,ES_1120898_HBF1600-BLUE_11142022122539_3493395,0
2404472,Hamilton Beach,HBF1600-CORAL,"Refrigerator,HBF1600-BLUE,",58465822620,Compact Refrigerator,11A - Compact All-Refrigerator - manual defrost,Manual,1,0,0,0,1,19.0,19.0,1.6,1.6,206,232.0,,R-600a,R-600a (GWP:3 | Lower GWP),0,,,,,2022-09-29,2022-11-10,United States,ES_1120898_HBF1600-CORAL_11142022122539_5629437,0
2404475,Hamilton Beach,HBF1600-CREAM,"Refrigerator,HBF1600-CORAL,",58465822835,Compact Refrigerator,11A - Compact All-Refrigerator - manual defrost,Manual,1,0,0,0,1,19.0,19.0,1.6,1.6,206,232.0,,R-600a,R-600a (GWP:3 | Lower GWP),0,,,,,2022-09-29,2022-11-10,United States,ES_1120898_HBF1600-CREAM_11142022122539_6762130,0
2404474,Hamilton Beach,HBF1600-RED,"Refrigerator,HBF1600-CREAM,",58465822828,Compact Refrigerator,11A - Compact All-Refrigerator - manual defrost,Manual,1,0,0,0,1,19.0,19.0,1.6,1.6,206,232.0,,R-600a,R-600a (GWP:3 | Lower GWP),0,,,,,2022-09-29,2022-11-10,United States,ES_1120898_HBF1600-RED_11142022122539_2389085,0
2398569,Hamilton Beach,HBF1600-WHITE,",HBF1600-BLUE,; ,HBF1600-CORAL,; ,HBF1600-CREAM,; ,HBF1600-MOONBM,; ,HBF1600-RED,",,Compact Refrigerator,11A - Compact All-Refrigerator - manual defrost,Manual,1,0,0,0,1,19.0,19.0,1.6,1.6,206,232.0,,,,0,,,,,2022-06-10,2022-07-10,United States,ES_1120898_HBF1600-WHITE_07182022123855_8936423,0
3786702,Hamilton Beach,HBF1663-SSBLACK,",,Employ compressor VTB1113Y",058465835101,Bottom Freezer,5 - Refrigerator-freezers - automatic defrost with bottom-mounted freezer without an automatic ice maker,Automatic,0,0,0,0,0,70.1,32.9,16.6,20.4,425,498.0,,,,0,,,,,2024-11-01,2024-11-12,"United States, Canada",ES_1120898_HBF1663-SSBLACK_111220240433869_2494457,0
2667904,Hamilton Beach,HBF1770/HZ0771,",,Employ compressor VFA090CY1",058465825423,Bottom Freezer,5 - Refrigerator-freezers - automatic defrost with bottom-mounted freezer without an automatic ice maker,Automatic,0,0,0,0,0,70.1,29.9,17.7,21.7,435,509.0,,,,0,,,,,2025-06-05,2025-06-19,"United States, Canada",ES_1120898_HBF1770/HZ0771_09152023053761_8167980,0
3531096,Hamilton Beach,HBF1772,",,Employ compressor VFA090CY1",058465827182,Bottom Freezer,5 - Refrigerator-freezers - automatic defrost with bottom-mounted freezer without an automatic ice maker,Automatic,0,0,0,0,0,70.1,29.9,17.7,21.7,435,509.0,,,,0,,,,,2025-06-05,2025-06-19,"United States, Canada",ES_1120898_HBF1772_052720240654590_5142817,0
3419016,Hamilton Beach,HBF1800,",,Employ compressor VFA090CY1",058465830335,Bottom Freezer,5 - Refrigerator-freezers - automatic defrost with bottom-mounted freezer without an automatic ice maker,Automatic,0,0,0,0,0,70.1,29.9,18.0,22.0,438,512.0,,,,0,,,,,2025-06-05,2025-06-19,"United States, Canada",ES_1120898_HBF1800_032020240818100_8849807,0
2667906,Hamilton Beach,HBF2067/HZ7602,",,Employ compressor VFA110CY",058465826574,Bottom Freezer,5 - Refrigerator-freezers - automatic defrost with bottom-mounted freezer without an automatic ice maker,Automatic,0,0,0,0,0,70.1,35.9,20.3,25.0,461,538.0,,,,0,,,,,2025-06-05,2025-06-19,"United States, Canada",ES_1120898_HBF2067/HZ7602_091520230537560_2979436,0
2398274,Hamilton Beach,HBF3200-BLACK,",HBF3200-BLUE,; ,HBF3200-CORAL,; ,HBF3200-CREAM,; ,HBF3200-MOONBM,; ,HBF3200-RED,; ,HBF3200-WHITE,; ,HBF3210-BLACK,; ,HBF3210-BLUE,; ,HBF3210-CORAL,; ,HBF3210-CREAM,; ,HBF3210-MOONBM,; ,HBF3210-WHITE,",,Compact Refrigerator,11A - Compact All-Refrigerator - manual defrost,Manual,1,0,0,0,1,33.0,17.0,3.2,3.2,218,244.0,,,,0,,,,,2022-06-01,2022-06-26,United States,ES_1120898_HBF3200-BLACK_07082022124957_7297119,0
2370695,Hisense,BCD-450WYZ/HC1(H),",,2 compressor options:EZ65H1Y-U, TB1112HY",,Bottom Freezer,5I - Refrigerator-freezers - automatic defrost with bottom-mounted freezer with an automatic icemaker without through-the-door ice service,Automatic,0,0,0,1,0,69.1,31.1,17.2,21.1,491,588.0,,R-600a,R-600a (GWP:3 | Lower GWP),0,,,,,2020-12-04,2020-12-09,"United States, Canada",ES_1110877_BCD-450WYZ/HC1(H)_120720200136534_5605395,0
2357681,Hisense,BCD-740WP/HC,",,Compressor VFL110CY1",,Bottom Freezer,5I - Refrigerator-freezers - automatic defrost with bottom-mounted freezer with an automatic icemaker without through-the-door ice service,Automatic,0,0,0,1,0,70.0,35.9,26.6,32.5,628,689.0,,,,0,,,,,2020-04-02,2020-04-06,"United States, Canada",ES_1110877_BCD-740WP/HC_04062020080038_0038783,0
2357682,Hisense,BCD-740WPZR/HC,",,Compressor VFL110CY1",,Bottom Freezer,5I - Refrigerator-freezers - automatic defrost with bottom-mounted freezer with an automatic icemaker without through-the-door ice service,Automatic,0,0,0,1,0,70.0,35.9,26.6,32.5,628,689.0,,,,0,,,,,2020-04-02,2020-04-06,"United States, Canada",ES_1110877_BCD-740WPZR/HC_04062020075537_9737330,0
2370692,Hisense,HRB171N6A*E,",,* in model number can be placed by A~Z, means difference color of enclosure.",,Bottom Freezer,5 - Refrigerator-freezers - automatic defrost with bottom-mounted freezer without an automatic ice maker,Automatic,0,0,0,0,0,69.1,31.1,17.2,21.1,453,504.0,,R-600a,R-600a (GWP:3 | Lower GWP),0,,,,,2020-12-04,2024-08-09,"United States, Canada",ES_1110877_HRB171N6A*E_120920202059228_2584713,0
2370693,Hisense,HRB171N6A*EH,",,* in model number can be placed by A~Z, means difference color of enclosure.",,Bottom Freezer,5 - Refrigerator-freezers - automatic defrost with bottom-mounted freezer without an automatic ice maker,Automatic,0,0,0,0,0,69.1,31.1,17.2,21.1,453,504.0,,R-600a,R-600a (GWP:3 | Lower GWP),0,,,,,2020-12-04,2024-08-09,"United States, Canada",ES_1110877_HRB171N6A*EH_120920202059420_9942583,0
2370696,Hisense,HRB171N6B*E,",,* in model number can be placed by A~Z, means difference color of enclosure.(2 compressor options)",,Bottom Freezer,5I - Refrigerator-freezers - automatic defrost with bottom-mounted freezer with an automatic icemaker without through-the-door ice service,Automatic,0,0,0,1,0,69.1,31.1,17.2,21.1,491,588.0,,R-600a,R-600a (GWP:3 | Lower GWP),0,,,,,2020-12-04,2020-12-09,"United States, Canada",ES_1110877_HRB171N6B*E_120720200138768_4677020,0
2668631,Hisense,HRB221N6B*E,",,The symbols * can be replaced by A, B, C to Z, it means the color of enclosure.",810088362385,Bottom Freezer,5I - Refrigerator-freezers - automatic defrost with bottom-mounted freezer with an automatic icemaker without through-the-door ice service,Automatic,0,0,0,1,0,67.9,31.3,22.3,27.5,587,644.0,,,,0,,,,,2023-06-09,2023-09-27,"United States, Canada",ES_1110877_HRB221N6B*E_092720230052498_1700324,0
3436191,Hisense,HRF209N6C**,",,The symbols * may be replaced by A, B, C to Z, it means the color of enclosure.",810088360404,Bottom Freezer,5I - Refrigerator-freezers - automatic defrost with bottom-mounted freezer with an automatic icemaker without through-the-door ice service,Automatic,0,0,0,1,0,70.0,36.0,21.2,25.9,573,630.0,,,,0,,,,,2023-06-07,2024-04-09,"United States, Canada",ES_1110877_HRF209N6C**_040920240209156_8736009,0
2396907,Hisense,HRF209N6C*E,",,The symbols * maybe replaced by A, B, C to Z, it means the color of enclosure.",810088360404,Bottom Freezer,5I - Refrigerator-freezers - automatic defrost with bottom-mounted freezer with an automatic icemaker without through-the-door ice service,Automatic,0,0,0,1,0,70.0,36.0,21.2,25.9,573,630.0,,,,0,,0.0,,,2022-05-11,2022-05-26,"United States, Canada",ES_1110877_HRF209N6C*E_052620220130543_4276437,0
2348390,Hisense,HRF210N6C*E,",,Compressor VTH1113Y A; ,,The symbols * maybe replaced by A, B, C to Z, it means the color of enclosure.",,Bottom Freezer,5I - Refrigerator-freezers - automatic defrost with bottom-mounted freezer with an automatic icemaker without through-the-door ice service,Automatic,0,0,0,1,0,70.0,36.0,20.9,25.6,573,628.0,,,,0,,0.0,,,2019-09-25,2019-09-25,"United States, Canada",ES_1110877_HRF210N6C*E_10142019024917_1357456,0
3419034,Hisense,HRF220N6B*E,",,Brand : Hisense (The symbols * may be replaced by A, B, C to Z, it means the color of enclosure.)(Compressor options: VFL110CY1, VTH1113YG)",810088362361,Bottom Freezer,5I - Refrigerator-freezers - automatic defrost with bottom-mounted freezer with an automatic icemaker without through-the-door ice service,Automatic,0,0,0,1,0,67.9,31.3,22.1,27.3,585,643.0,,,,0,,,,,2023-02-23,2024-03-21,"United States, Canada",ES_1110877_HRF220N6B*E_032120240632264_5368378,0
3419035,Hisense,HRF220N6B*EW,",,Brand : Hisense (The symbols * may be replaced by A, B, C to Z, it means the color of enclosure.)(Compressor options: VFL110CY1, VTH1113YG)",810088362378,Bottom Freezer,5I - Refrigerator-freezers - automatic defrost with bottom-mounted freezer with an automatic icemaker without through-the-door ice service,Automatic,0,0,0,1,0,67.9,31.3,22.1,27.3,585,643.0,,,,0,,,,,2023-02-23,2024-03-21,"United States, Canada",ES_1110877_HRF220N6B*EW_032120240633283_6817765,0
2394414,Hisense,HRF254N6D*E,",,The symbols *, maybe replaced by A, B, C to Z, it means the color of enclosure.",819130029931,Bottom Freezer,5A - Refrigerator-freezers - automatic defrost with bottom-mounted freezer with through-the-door ice service,Automatic,0,0,1,1,0,70.0,36.0,25.4,31.4,696,766.0,,,,0,,0.0,,,2022-03-29,2022-04-06,"United States, Canada",ES_1110877_HRF254N6D*E_040620220602687_4625869,0
2369362,Hisense,HRF254N6T*E,",,The symbols *, maybe replaced by A, B, C to Z, it means the color of enclosure.",,Bottom Freezer,5A - Refrigerator-freezers - automatic defrost with bottom-mounted freezer with through-the-door ice service,Automatic,0,0,1,1,0,70.0,36.0,25.4,31.3,696,765.0,,,,0,,,,,2020-11-04,2020-11-11,"United States, Canada",ES_1110877_HRF254N6T*E_11112020022150_1310082,0
2394906,Hisense,HRF266N6C*E1,",,The symbols * maybe replaced by A, B, C to Z, it means the color of enclosure.",810088360909,Bottom Freezer,5I - Refrigerator-freezers - automatic defrost with bottom-mounted freezer with an automatic icemaker without through-the-door ice service,Automatic,0,0,0,1,0,70.0,36.0,26.6,32.7,583,690.0,,,,0,,,,,2023-07-03,2023-09-14,"United States, Canada",ES_1110877_HRF266N6C*E1_042020220331958_9972424,0
2395433,Hisense,HRM198N6P*E,",,The symbols * maybe replaced by A, B, C to Z, it means the color of enclosure.",810088361555,Bottom Freezer,5A - Refrigerator-freezers - automatic defrost with bottom-mounted freezer with through-the-door ice service,Automatic,0,0,1,1,0,70.3,36.0,19.8,25.5,648,711.0,,,,0,,0.0,,,2022-03-29,2022-05-05,"United States, Canada",ES_1110877_HRM198N6P*E_050420220524593_3504893,0
2494948,Hisense,HRM260N6T*E,",,The symbols *, maybe replaced by A, B, C to Z, it means the color of enclosure.",810088364006,Bottom Freezer,5A - Refrigerator-freezers - automatic defrost with bottom-mounted freezer with through-the-door ice service,Automatic,0,0,1,1,0,70.3,36.0,25.6,30.9,692,761.0,,,,0,,,,,2023-05-12,2023-05-17,"United States, Canada",ES_1110877_HRM260N6T*E_051820230838583_5826137,0
4480558,Hisense,HRM260P9T*E,",,The symbols * may be replaced by A, B, C to Z, it means the color of enclosure.",850072177649,Bottom Freezer,5A - Refrigerator-freezers - automatic defrost with bottom-mounted freezer with through-the-door ice service,Automatic,0,0,1,1,0,70.3,36.0,25.4,30.7,692,759.0,,,,0,,,,,2025-06-16,2025-07-28,"United States, Canada",ES_1110877_HRM260P9T*E_072820250303823_9293084,0
2255615,Insignia,NS-RTM12SS7,",NS-RTM12SS7-C,; Refrigerator-Freezers,NS-RTM12SS7,",,Top Freezer,3 - Refrigerator-freezers - automatic defrost with top-mounted freezer without an automatic ice maker,Automatic,0,0,0,0,0,59.9,24.1,11.5,13.9,311,346.0,,,,0,,,,,2015-12-25,2015-12-29,"United States, Canada",ES_1059185_NS-RTM12SS7_12292015052906_6946834,1
2732283,Insignia,NS-RTM14***,",,* Suffix could be from 0 to 9 or A to Z or blank to represent different unit color",600603304613,Top Freezer,3 - Refrigerator-freezers - automatic defrost with top-mounted freezer without an automatic ice maker,Automatic,0,0,0,0,0,61.0,28.0,14.2,17.1,333,372.0,,R-600a,R-600a (GWP:3 | Lower GWP),0,,,,,2023-10-27,2023-11-07,"United States, Canada",ES_1059185_NS-RTM14***_110720230255296_7819959,1
2406382,Insignia,NS-RTM20**#***,",,* can be A-Z, a-z, - or blank, # can be 0-9, all models are identical except the model name",,Top Freezer,3 - Refrigerator-freezers - automatic defrost with top-mounted freezer without an automatic ice maker,Automatic,0,0,0,0,0,67.0,30.0,20.5,25.0,390,435.0,,R-600a,R-600a (GWP:3 | Lower GWP),0,,,,,2022-12-29,2022-12-29,"United States, Canada",ES_1059185_NS-RTM20**#***_122920220149783_1021917,1
2362401,Insignia,NS-CFR32******,",,‘’*’’ can be A-Z, a-z, 0-9, - or blank",,Compact Refrigerator,12 - Compact Refrigerator-Freezer - partial automatic defrost,Automatic,1,0,0,0,0,33.3,18.9,3.2,3.9,323,359.0,,,,0,,,,,2020-06-28,2020-07-03,"United States, Canada",ES_1059185_NS-CFR32******_07032020024358_4238835,0
4005725,Insignia,NS-RBM18***,",,* Suffix could be from 0 to 9 or A to Z or blank to represent different unit color",,Bottom Freezer,5 - Refrigerator-freezers - automatic defrost with bottom-mounted freezer without an automatic ice maker,Automatic,0,0,0,0,0,65.0,29.5,18.7,18.7,466,482.0,,,,0,,,,,2025-03-21,2025-03-25,"United States, Canada",ES_1059185_NS-RBM18***_032520250515457_3234506,0
2387140,Honeywell,H33MRB*,",,*  can be any of A-Z,a-z,0-9,version code or blank",,Compact Refrigerator,11A - Compact All-Refrigerator - manual defrost,Manual,1,0,0,0,0,33.9,18.5,3.3,3.3,220,245.0,,,,0,,,,,2021-08-10,2021-09-29,"United States, Canada",ES_1132323_H33MRB*_092820210320497_1894573,0
2384740,Honeywell,H33MRS*,",,*  can be any of A-Z,a-z,0-9,version code or blank",,Compact Refrigerator,11A - Compact All-Refrigerator - manual defrost,Manual,1,0,0,0,0,33.9,18.5,3.3,3.3,220,245.0,,,,0,,,,,2021-08-10,2021-09-29,"United States, Canada",ES_1132323_H33MRS*_092820210320820_2315012,0
2631727,Honeywell,H3UF*,",,Asterisk "" * "" denotes products with features, which can be any capital letter from A-Z or 0-9, it does not have an effect on energy performance",,Upright Freezer,16 - Compact upright freezers with manual defrost,Manual,1,0,0,0,0,33.9,19.7,3.0,5.3,240,272.0,,,,0,,,,,2023-07-17,2023-08-01,United States,ES_1132323_H3UF*_080120230746114_7658016,0
3462887,House Kobo,UR-BCD398WE-SQ-**,",,*: Suffix could be from 0 to 9 or A to Z or blank to represent different unit color",198168533901,Top Freezer,3 - Refrigerator-freezers - automatic defrost with top-mounted freezer without an automatic ice maker,Automatic,0,0,0,0,0,61.0,28.0,14.2,17.1,333,372.0,,R-600a,R-600a (GWP:3 | Lower GWP),0,,,,,2024-04-22,2024-04-26,"United States, Canada",ES_1150317_UR-BCD398WE-SQ-**_042620240127720_1858764,1
3892694,House Kobo,WZTMF18***,",,Ice maker ready product (without icemaker) , Asterisk * can be replaced by A to Z or 1 to 9 denotes products with features",198715931167,Top Freezer,3 - Refrigerator-freezers - automatic defrost with top-mounted freezer without an automatic ice maker,Automatic,0,0,0,0,0,67.0,33.0,18.0,21.0,362,403.0,,,,0,,,,,2025-01-01,2025-01-10,"United States, Canada",ES_1150317_WZTMF18***_011020250507560_4090436,1
3892695,House Kobo,WZTMF18***,",,Ice maker ready product (with icemaker) , Asterisk * can be replaced by A to Z or 1 to 9 denotes products with features",198715714890,Top Freezer,3I - Refrigerator-freezer - automatic defrost with op-mounted freezer with automatic icemaker without through-the-door ice,Automatic,0,0,0,1,0,67.0,33.0,18.0,21.0,446,487.0,,,,0,,,,,2025-01-01,2025-01-10,"United States, Canada",ES_1150317_WZTMF18***_01102025050682_6014867,1
4008378,Icebox,IBCR17BLS,",,IBCR17BLS",,Compact Refrigerator,11A - Compact All-Refrigerator - manual defrost,Manual,1,0,0,0,1,17.5,18.5,1.7,1.7,208,232.0,,R-600a,R-600a (GWP:3 | Lower GWP),0,,,,,2025-03-14,2025-03-31,"United States, Canada",ES_1126481_IBCR17BLS_04012025114553_6046378,0
4008376,Icebox,IBCR17MNT,",,IBCR17MNT",,Compact Refrigerator,11A - Compact All-Refrigerator - manual defrost,Manual,1,0,0,0,1,17.5,18.5,1.7,1.7,208,232.0,,R-600a,R-600a (GWP:3 | Lower GWP),0,,,,,2025-03-14,2025-03-31,"United States, Canada",ES_1126481_IBCR17MNT_04012025114553_7618018,0
4008377,Icebox,IBCR17SLT,",,IBCR17SLT",,Compact Refrigerator,11A - Compact All-Refrigerator - manual defrost,Manual,1,0,0,0,1,17.5,18.5,1.7,1.7,208,232.0,,R-600a,R-600a (GWP:3 | Lower GWP),0,,,,,2025-03-14,2025-03-31,"United States, Canada",ES_1126481_IBCR17SLT_04012025114553_1853819,0
4008375,Icebox,IBCR17SUN,",,IBCR17SUN",,Compact Refrigerator,11A - Compact All-Refrigerator - manual defrost,Manual,1,0,0,0,1,17.5,18.5,1.7,1.7,208,232.0,,R-600a,R-600a (GWP:3 | Lower GWP),0,,,,,2025-03-14,2025-03-31,"United States, Canada",ES_1126481_IBCR17SUN_04012025114553_2128314,0
4006639,Icebox,IBCR25BLS,",,IBCR25BLS",,Compact Refrigerator,11A - Compact All-Refrigerator - manual defrost,Manual,1,0,0,0,1,26.6,17.5,2.5,2.5,214,239.0,,R-600a,R-600a (GWP:3 | Lower GWP),0,,,,,2025-03-14,2025-03-28,"United States, Canada",ES_1126481_IBCR25BLS_03312025103429_8288026,0
4006637,Icebox,IBCR25MNT,",,IBCR25MNT",,Compact Refrigerator,11A - Compact All-Refrigerator - manual defrost,Manual,1,0,0,0,1,26.6,17.5,2.5,2.5,214,239.0,,R-600a,R-600a (GWP:3 | Lower GWP),0,,,,,2025-03-14,2025-03-28,"United States, Canada",ES_1126481_IBCR25MNT_03312025103429_7521129,0
4006638,Icebox,IBCR25SLT,",,IBCR25SLT",,Compact Refrigerator,11A - Compact All-Refrigerator - manual defrost,Manual,1,0,0,0,1,26.6,17.5,2.5,2.5,214,239.0,,R-600a,R-600a (GWP:3 | Lower GWP),0,,,,,2025-03-14,2025-03-28,"United States, Canada",ES_1126481_IBCR25SLT_03312025103429_4394733,0
4006636,Icebox,IBCR25SUN,",,IBCR25SUN",,Compact Refrigerator,11A - Compact All-Refrigerator - manual defrost,Manual,1,0,0,0,1,26.6,17.5,2.5,2.5,214,239.0,,R-600a,R-600a (GWP:3 | Lower GWP),0,,,,,2025-03-14,2025-03-28,"United States, Canada",ES_1126481_IBCR25SUN_03312025103429_6510255,0
2309284,Igloo,FR283I-B-BLACK,"FR283I-B-BLACK,FR283I-BLACK,FR283I-C-BLACK,FR283I-STAINLESS,FR283I-WHITE,FR283I-BLACK,; FR283I-B-BLACK,FR283I-BLACK,FR283I-C-BLACK,FR283I-STAINLESS,FR283I-WHITE,FR283I-C-BLACK,; FR283I-B-BLACK,FR283I-BLACK,FR283I-C-BLACK,FR283I-STAINLESS,FR283I-WHITE,FR283I-STAINLESS,; FR283I-B-BLACK,FR283I-BLACK,FR283I-C-BLACK,FR283I-STAINLESS,FR283I-WHITE,FR283I-WHITE,",,Compact Refrigerator,11A - Compact All-Refrigerator - manual defrost,Manual,1,0,0,0,1,26.3,18.5,2.6,2.6,209,239.0,,,,0,,,,,2017-12-15,2018-01-17,United States,ES_1120898_FR283I-B-BLACK_01172018153637_2129013,0
3550227,Insignia,NS-CF25WH5,",NS-CF25BK5,; ,NS-CF25BK5-C,",600603309113;600603309120;600603309137,Compact Refrigerator,13A - Compact All-Refrigerators - automatic defrost,Automatic,1,0,0,0,0,27.3,17.5,2.5,2.5,230,282.0,,,,0,,,,,2024-06-24,2024-07-01,"United States, Canada",ES_1059185_NS-CF25WH5_06242024162430_214807,0
2341697,Kenmore,111.60#1####,",,1st ""#"" : 0-9, 2nd ""#"": 0-9, 3rd ""#"" : 0-9, 4th ""#"": 0-9, 5th ""#"" : 0-9; 60#1#,60#1#,First ""#"" Functional option : 0-9, Second ""#"" Door color : 0-9",,Top Freezer,3 - Refrigerator-freezers - automatic defrost with top-mounted freezer without an automatic ice maker,Automatic,0,0,0,0,0,66.0,30.0,18.2,22.1,365,412.0,,R-600a,R-600a (GWP:3 | Lower GWP),0,,,,,2019-08-01,2019-07-29,"United States, Canada",ES_15649_111.60*1****_07292019055047_9447502,1
2388048,Kenmore,111.6071####,",,# can be 0~9; 6071#,6071#,""#"" means that door color : 0-9",,Top Freezer,3 - Refrigerator-freezers - automatic defrost with top-mounted freezer without an automatic ice maker,Automatic,0,0,0,0,0,66.3,29.9,18.2,22.1,370,412.0,,R-600a,R-600a (GWP:3 | Lower GWP),0,,0.0,,,2021-10-20,2021-11-05,"United States, Canada",ES_15649_111.6071####_110520210056226_4208092,1
2393853,Kenmore,111.6076####,",,1st ""#"" door color : 0-9 ,2nd ""#"" the year of introduction : 0-9 ,3rd ""#"" decade of introduction : 0-9 ,4th ""#"" engineering digit change : 0-9; 6076#,6076#,First ""#"" means that door color : 0-9",,Top Freezer,3 - Refrigerator-freezers - automatic defrost with top-mounted freezer without an automatic ice maker,Automatic,0,0,0,0,0,66.3,29.9,18.3,22.2,370,413.0,,R-600a,R-600a (GWP:3 | Lower GWP),0,,,,,2022-02-25,2022-03-17,United States,ES_15649_111.6076####_031720222333443_3904955,1
2366270,Kenmore,111.612#####,",,1st ""#"" : 0-9, 2nd""#"": 0-9, 3rd ""#"" : 0-9, 4th""#"": 0-9, 5th ""#"": 0-9; 612##,612##,First ""#""- Product grade : 0-9 , Second ""#"" Door color : 0-9",,Top Freezer,3 - Refrigerator-freezers - automatic defrost with top-mounted freezer without an automatic ice maker,Automatic,0,0,0,0,0,66.7,32.9,20.8,25.2,393,437.0,,R-600a,R-600a (GWP:3 | Lower GWP),0,,0.0,,,2020-09-28,2020-09-25,"United States, Canada",ES_15649_111.612*****_09252020140046_2446723,1
2388050,Kenmore,111.6121####,",,#: 0~9; 6121#,6121#,-	First ""#"" means that door color : 0-9",,Top Freezer,3 - Refrigerator-freezers - automatic defrost with top-mounted freezer without an automatic ice maker,Automatic,0,0,0,0,0,66.7,32.9,20.8,25.1,393,436.0,,R-600a,R-600a (GWP:3 | Lower GWP),0,,0.0,,,2021-10-20,2021-11-05,"United States, Canada",ES_15649_111.6121####_110520210229336_9559842,1
2341698,Kenmore,111.70#1####,",,1st ""#"" : 0-9, 2nd ""#"": 0-9, 3rd ""#"" : 0-9, 4th ""#"": 0-9, 5th ""#"" : 0-9; 70#1#,70#1#,First ""#"" Functional option : 0-9, Second ""#"" Door color : 0-9",,Top Freezer,3I - Refrigerator-freezer - automatic defrost with op-mounted freezer with automatic icemaker without through-the-door ice,Automatic,0,0,0,1,0,66.0,30.0,18.2,22.1,450,496.0,,R-600a,R-600a (GWP:3 | Lower GWP),0,,,,,2019-08-01,2019-07-29,"United States, Canada",ES_15649_111.70*1****_07292019055209_9529242,1
2388049,Kenmore,111.7071####,",,# can be 0~9; 7071#,7071#,First ""#"" means that door color : 0-9",,Top Freezer,3I - Refrigerator-freezer - automatic defrost with op-mounted freezer with automatic icemaker without through-the-door ice,Automatic,0,0,0,1,0,66.3,29.9,18.2,22.1,454,496.0,,R-600a,R-600a (GWP:3 | Lower GWP),0,,0.0,,,2021-10-20,2021-11-05,"United States, Canada",ES_15649_111.7071####_110520210152224_4658959,1
2393802,Kenmore,111.7076####,",,First ""#"" door color : 0-9, Second ""#"" year of introduction : 0-9, Third ""#"" decade of introduction : 0-9, Fourth ""#"" engineering digit change : 0-9; 7076#,7076#,First ""#"" means that door color : 0-9",,Top Freezer,3I - Refrigerator-freezer - automatic defrost with op-mounted freezer with automatic icemaker without through-the-door ice,Automatic,0,0,0,1,0,66.3,29.9,18.3,22.2,450,497.0,,R-600a,R-600a (GWP:3 | Lower GWP),0,,0.0,,,2022-02-25,2022-03-11,United States,ES_1108205_111.7076####_031620220104223_6945766,1
2366273,Kenmore,111.712#####,",,1st ""#"" : 0-9, 2nd ""#"": 0-9, 3rd ""#"" : 0-9, 4th ""#"": 0-9, 5th ""#"" : 0-9; 712##,712##,First ""#"" Product grade : 0-9 ,Second ""#"" Door color : 0-9",,Top Freezer,3I - Refrigerator-freezer - automatic defrost with op-mounted freezer with automatic icemaker without through-the-door ice,Automatic,0,0,0,1,0,66.7,32.9,20.8,25.2,472,521.0,,R-600a,R-600a (GWP:3 | Lower GWP),0,,,,,2020-09-29,2021-12-06,"United States, Canada",ES_15649_111.712*****_09252020150540_6340424,1
2388051,Kenmore,111.7121####,",,#:0~9; 7121#,7121#,-	First ""#"" means that door color : 0-9",,Top Freezer,3I - Refrigerator-freezer - automatic defrost with op-mounted freezer with automatic icemaker without through-the-door ice,Automatic,0,0,0,1,0,66.7,32.9,20.8,25.2,477,521.0,,R-600a,R-600a (GWP:3 | Lower GWP),0,,0.0,,,2021-10-20,2021-11-05,"United States, Canada",ES_15649_111.7121####_110520210254371_3493157,1
2346813,Kenmore,111.7269####,",,1st ""#"" Door Color : 0-9 , 2nd ""#""The year of introduction : 0-9, 3rd ""#"" Decade of Introduction : 0-9 , 4th ""#"" Engineering revision level : 0-9; 7269#,7269#,First ""#"" means that Door Color : 0-9",,Bottom Freezer,5A - Refrigerator-freezers - automatic defrost with bottom-mounted freezer with through-the-door ice service,Automatic,0,0,1,1,1,70.1,35.9,29.5,36.2,738,810.0,,R-600a,R-600a (GWP:3 | Lower GWP),0,,0.0,,,2019-10-04,2021-11-28,"United States, Canada",ES_15649_111.7269****_09202019045208_5128321,0
2357716,Kenmore,111.7279####,",,1st ""#"" Door Color : 0-9 , 2nd ""#"" The year of introduction : 0-9 , 3rd ""#"" Decade of Introduction : 0-9 , 4th ""#"" Engineering revision level : 0-9; 7279#,7279#,-	First ""#"" means that Door Color : 0-9",,Bottom Freezer,5A - Refrigerator-freezers - automatic defrost with bottom-mounted freezer with through-the-door ice service,Automatic,0,0,1,1,1,70.1,35.9,29.5,36.6,738,814.0,,R-600a,R-600a (GWP:3 | Lower GWP),0,,,,,2020-04-13,2021-11-29,"United States, Canada",ES_15649_111.7279****_03272020104756_6076367,0
2354599,Kenmore,111.7331####,",,1st ""#"" Door Color : 0-9 , 2nd ""#"" The year of introduction : 0-9 , 3rd ""#"" Decade of Introduction : 0-9 , 4th ""#"" Engineering revision level : 0-9; 7331#,7331#,First ""#"" means that Door Color : 0-9; K*BH031A*E#,K*BH031A*E#,1st ""*"" vender code : A-Z , 2nd ""*"" door color : A-Z , 1st ""#"" factory internal code : 0-9",,Bottom Freezer,5A - Refrigerator-freezers - automatic defrost with bottom-mounted freezer with through-the-door ice service,Automatic,0,0,1,1,1,70.1,35.9,30.6,37.4,748,821.0,,R-600a,R-600a (GWP:3 | Lower GWP),0,,,,,2020-04-13,2021-11-28,"United States, Canada",ES_15649_111.7331****_02112020052252_8572919,0
2386094,Kenmore,111.7333####,"7333#,7333#,First ""#"" means that Door Color : 0-9",,Bottom Freezer,5A - Refrigerator-freezers - automatic defrost with bottom-mounted freezer with through-the-door ice service,Automatic,0,0,1,1,1,70.1,35.9,29.5,36.2,738,810.0,,,,0,,0.0,,,2019-10-04,2021-10-15,"United States, Canada",ES_15649_111.7333####_101520210919460_3868899,0
2357713,Kenmore,111.7503####,",,1st ""#"" Door Color : 0-9,  2nd ""#"" The year of introduction : 0-9 , 3rd ""#"" Decade of Introduction : 0-9 , 4th ""#"" Engineering revision level : 0-9; 7503#,7503#,First ""#"" means that Door Color : 0-9",,Bottom Freezer,5A - Refrigerator-freezers - automatic defrost with bottom-mounted freezer with through-the-door ice service,Automatic,0,0,1,1,1,69.8,36.0,25.5,31.4,698,766.0,,R-600a,R-600a (GWP:3 | Lower GWP),0,,,,,2020-04-13,2021-11-29,"United States, Canada",ES_15649_111.7503****_03272020104608_5968082,0
2357714,Kenmore,111.7550####,",,1st ""#"" Door Color : 0-9 , 2nd ""#"" The year of introduction : 0-9, 3rd ""#"" Decade of Introduction : 0-9 , 4th ""#"" Engineering revision level : 0-9; 7550#,7550#,First ""#"" means that Door Color : 0-9",,Bottom Freezer,5A - Refrigerator-freezers - automatic defrost with bottom-mounted freezer with through-the-door ice service,Automatic,0,0,1,1,1,69.8,36.0,25.5,31.4,698,766.0,,R-600a,R-600a (GWP:3 | Lower GWP),0,,,,,2020-04-13,2021-11-29,"United States, Canada",ES_15649_111.7550****_03272020104723_6043635,0
2365146,Kenmore,111.99063***,",,“*” indicate features of color and model name.",,Compact Refrigerator,12 - Compact Refrigerator-Freezer - partial automatic defrost,Automatic,1,0,0,0,0,33.3,18.5,3.0,3.7,318,358.0,,,,0,,,,,2020-08-27,2020-08-28,"United States, Canada",ES_15649_111.99063***_08282020034149_6109620,0
3629600,Kenmore,405.7562#42#,",,The symbols # may be replaced by 0, 1, 2 to 9, it means the color of enclosure. Those changes will not affect energy efficiency results.",843086123771,Bottom Freezer,5A - Refrigerator-freezers - automatic defrost with bottom-mounted freezer with through-the-door ice service,Automatic,0,0,1,1,0,69.9,35.8,28.9,36.8,743,816.0,,,,0,,,,,2024-09-20,2024-09-25,"United States, Canada",ES_15649_405.7562#42#_092520240103272_8927253,0
2636115,Kenmore,6133#,",,# refer to color",,Top Freezer,3 - Refrigerator-freezers - automatic defrost with top-mounted freezer without an automatic ice maker,Automatic,0,0,0,0,0,66.4,32.7,20.5,24.2,385,429.0,,,,0,,,,,2023-08-16,2023-08-17,"United States, Canada",ES_15649_6133#_081720230733384_3584819,1
2636114,Kenmore,6231#,",,# refer to color",,Top Freezer,3 - Refrigerator-freezers - automatic defrost with top-mounted freezer without an automatic ice maker,Automatic,0,0,0,0,0,66.4,29.5,18.2,21.4,365,406.0,,,,0,,,,,2023-08-16,2023-08-17,"United States, Canada",ES_15649_6231#_081720230733417_2471855,1
2636159,Kenmore,7133#,",,# refer to color",,Top Freezer,3I - Refrigerator-freezer - automatic defrost with op-mounted freezer with automatic icemaker without through-the-door ice,Automatic,0,0,0,1,0,66.4,32.7,20.4,24.1,469,512.0,,,,0,,,,,2023-08-17,2023-08-21,"United States, Canada",ES_15649_7133#_082120230221167_6510292,1
2636158,Kenmore,7231#,",,# refer to color",,Top Freezer,3I - Refrigerator-freezer - automatic defrost with op-mounted freezer with automatic icemaker without through-the-door ice,Automatic,0,0,0,1,0,66.4,29.5,18.1,21.3,448,490.0,,,,0,,,,,2023-08-17,2023-08-21,"United States, Canada",ES_15649_7231#_082120230230204_7787208,1
4511222,Kenmore,7563#,",,The # sign means the unit color, it stands for No. 0-9.",843086125386,Bottom Freezer,5I - Refrigerator-freezers - automatic defrost with bottom-mounted freezer with an automatic icemaker without through-the-door ice service,Automatic,0,0,0,1,0,67.9,31.3,17.8,21.8,542,594.0,,,,0,,,,,2025-10-13,2025-10-13,"United States, Canada",ES_15649_7563#_101320250633358_9610001,0
4511223,Kenmore,7564#,",,The # sign means the unit color, it stands for No. 0-9.",843086125393,Bottom Freezer,5I - Refrigerator-freezers - automatic defrost with bottom-mounted freezer with an automatic icemaker without through-the-door ice service,Automatic,0,0,0,1,0,67.9,31.3,22.3,27.5,587,644.0,,,,0,,,,,2025-10-13,2025-10-13,"United States, Canada",ES_15649_7564#_10132025065191_6232455,0
4511224,Kenmore,7566#,",,The # sign means the unit color, it stands for No. 0-9.",843086125416,Bottom Freezer,5I - Refrigerator-freezers - automatic defrost with bottom-mounted freezer with an automatic icemaker without through-the-door ice service,Automatic,0,0,0,1,0,70.0,36.0,26.6,32.7,628,690.0,,,,0,,,,,2025-10-13,2025-10-13,"United States, Canada",ES_15649_7566#_101320250726184_6672165,0
4511225,Kenmore,7568#,",,The # sign means the unit color, it stand for No. 0-9.",843086125430,Bottom Freezer,5A - Refrigerator-freezers - automatic defrost with bottom-mounted freezer with through-the-door ice service,Automatic,0,0,1,1,0,70.3,36.0,25.6,30.9,692,761.0,,,,0,,,,,2025-10-13,2025-10-13,"United States, Canada",ES_15649_7568#_101320250746343_2787861,0
3543891,Kenmore,896.61342420,",896.61345420,; ,896.61349420,",843086123795;843086123801;843086123818,Top Freezer,3 - Refrigerator-freezers - automatic defrost with top-mounted freezer without an automatic ice maker,Automatic,0,0,0,0,0,66.1,30.1,18.1,21.8,367,410.0,,,,0,,,,,2024-06-11,2024-06-24,United States,ES_15649_896.61342420_06172024142510_4364435,1
3543890,Kenmore,896.61352420,",896.61355420,; ,896.61359420,",843086123825;843086123832,Top Freezer,3 - Refrigerator-freezers - automatic defrost with top-mounted freezer without an automatic ice maker,Automatic,0,0,0,0,0,68.8,31.7,20.2,24.1,382,428.0,,,,0,,,,,2024-06-11,2024-06-24,United States,ES_15649_896.61352420_06172024143443_1215936,1
3994455,Kenmore,896.61362420,",896.61365420,; ,896.61369420,",843086124945;843086124952;843086124969,Top Freezer,3 - Refrigerator-freezers - automatic defrost with top-mounted freezer without an automatic ice maker,Automatic,0,0,0,0,0,69.0,32.7,25.0,29.9,425,475.0,,,,0,,,,,2025-02-10,2025-02-13,United States,ES_15649_896.61362420_02102025141424_4299127,1
3701807,Kenmore,897.5180#32#,",,1st # represents the color of the product, 2nd # represents a control number of the product",,Side-by-Side,7 - Refrigerator-freezers - automatic defrost with side-mounted freezer with through-the-door ice service,Automatic,0,0,1,1,0,70.1,35.9,20.0,25.0,560,646.0,,,,0,,,,,2024-09-20,2024-10-09,"United States, Canada",ES_15649_897.5180#32#_100920240354404_1410992,0
3701806,Kenmore,897.7551#32#,",,1st # represents the color of the product, 2nd # represents a control number of the product",,Bottom Freezer,5I - Refrigerator-freezers - automatic defrost with bottom-mounted freezer with an automatic icemaker without through-the-door ice service,Automatic,0,0,0,1,0,70.1,35.9,20.3,25.0,539,622.0,,,,0,,,,,2024-09-20,2024-10-09,"United States, Canada",ES_15649_897.7551#32#_100920240354977_6461686,0
3701805,Kenmore,897.7552#32#,",,1st # represents the color of the product, 2nd # represents a control number of the product",,Bottom Freezer,5I - Refrigerator-freezers - automatic defrost with bottom-mounted freezer with an automatic icemaker without through-the-door ice service,Automatic,0,0,0,1,0,70.1,29.9,17.5,21.3,512,590.0,,,,0,,,,,2024-09-20,2024-10-09,"United States, Canada",ES_15649_897.7552#32#_100920240354757_2094943,0
4005522,Kenmore,897.7561#52#,",,1st # represents color of the product. 2nd # represents a control number of the product",,Bottom Freezer,5I - Refrigerator-freezers - automatic defrost with bottom-mounted freezer with an automatic icemaker without through-the-door ice service,Automatic,0,0,0,1,0,70.1,35.9,27.4,34.0,630,702.0,,,,0,,,,,2025-03-20,2025-03-21,"United States, Canada",ES_15649_897.7561#52# _032120250223877_5267273,0
2636116,Kenmore,899.6133#32#,",,1st # refer to color, 2nd # is a revision number",,Top Freezer,3 - Refrigerator-freezers - automatic defrost with top-mounted freezer without an automatic ice maker,Automatic,0,0,0,0,0,66.4,32.7,20.5,24.2,385,429.0,,,,0,,,,,2023-08-16,2023-08-17,"United States, Canada",ES_15649_899.6133#32#_081720230733285_6279879,1
2636113,Kenmore,899.6231#32#,",,1st # refer to color, 2nd # is a revision number",,Top Freezer,3 - Refrigerator-freezers - automatic defrost with top-mounted freezer without an automatic ice maker,Automatic,0,0,0,0,0,66.4,29.5,18.2,21.4,365,406.0,,,,0,,,,,2023-08-16,2023-08-17,"United States, Canada",ES_15649_899.6231#32#_081720230733743_3219652,1
2636160,Kenmore,899.7133#32#,",,1st # refer to color, 2nd # is a revision number",,Top Freezer,3I - Refrigerator-freezer - automatic defrost with op-mounted freezer with automatic icemaker without through-the-door ice,Automatic,0,0,0,1,0,66.4,32.7,20.4,24.1,469,512.0,,,,0,,,,,2023-08-17,2023-08-21,"United States, Canada",ES_15649_899.7133#32#_082120230217763_9135085,1
2636157,Kenmore,899.7231#32#,",,1st # refer to color, 2nd # is a revision number",,Top Freezer,3I - Refrigerator-freezer - automatic defrost with op-mounted freezer with automatic icemaker without through-the-door ice,Automatic,0,0,0,1,0,66.4,29.5,18.1,21.3,448,490.0,,,,0,,,,,2023-08-17,2023-08-21,"United States, Canada",ES_15649_899.7231#32#_08212023022088_1672100,1
4020770,Koolmore,KM-RERFD**-18C,",,*: Suffix could be from 0 to 9 or A to Z or blank to represent different unit color",810019864940,Bottom Freezer,5 - Refrigerator-freezers - automatic defrost with bottom-mounted freezer without an automatic ice maker,Automatic,0,0,0,0,0,66.6,29.5,18.4,18.4,465,480.0,,R-600a,R-600a (GWP:3 | Lower GWP),0,,,,,2025-05-02,2025-05-08,"United States, Canada",ES_1147715_KM-RERFD**-18C_050820250358557_6545824,0
3798701,Kostch,KOS-36RF*##*-**,",,The symbols * may be replaced by A to Z. The symbols # may be replaced by 0 to 9. It means the color of enclosure.",,Bottom Freezer,5A - Refrigerator-freezers - automatic defrost with bottom-mounted freezer with through-the-door ice service,Automatic,0,0,1,1,0,69.9,35.8,21.6,26.7,658,722.0,,,,0,,,,,2024-11-11,2024-11-15,"United States, Canada",ES_1151422_KOS-36RF*##*-**_111520240322606_1104397,0
3618362,Landmark,L3024UI1WSG-LH,",L3024UI1WPR-LH,; ,L3024UI1WPR-RH,; ,L3024UI1WSG-RH,; ,L3124UI1WPRGLH,; ,L3124UI1WPRGRH,; ,L3124UI1WSGLH,; ,L3124UI1WSGRH,",846844012645;846844012706;846844012874;846844012935;846844013666;846844013673;846844013680;846844013697,Compact Cooler,3 - Freestanding Compact Cooler,,1,0,0,0,0,34.0,23.8,5.2,5.2,156,197.0,,,,0,,,,,2022-05-13,2024-08-06,"United States, Canada",ES_1092191_L3024UI1WSG-LH_07312024094926_8277551,0
3618363,Landmark,L3024UI2WSG-LH,",L3024UI2WPR-LH,; ,L3024UI2WPR-RH,; ,L3024UI2WSG-RH,; ,L3124UI2WPRGLH,; ,L3124UI2WPRGRH,; ,L3124UI2WSGLH,; ,L3124UI2WSGRH,",846844012669;846844012720;846844012898;846844012959;846844013888;846844013895;846844013901;846844013918,Compact Cooler,3 - Freestanding Compact Cooler,,1,0,0,0,0,34.0,23.8,4.8,4.8,153,194.0,,,,0,,,,,2022-05-13,2024-08-06,"United States, Canada",ES_1092191_L3024UI2WSG-LH_07312024101046_9925348,0
3798890,L2,LRB19B5A***,",,Icemaker-Ready Product (without icemaker). The symbols *, maybe replaced by A to Z, it means the color of enclosure.",,Bottom Freezer,5 - Refrigerator-freezers - automatic defrost with bottom-mounted freezer without an automatic ice maker,Automatic,0,0,0,0,0,66.6,29.5,18.7,22.9,466,520.0,,,,0,,,,,2024-11-14,2024-11-20,Canada,ES_1147914_LRB19B5A***_112020240619192_5330395,0
3798891,L2,LRB19B5A***,",,Icemaker-Ready Product (with icemaker).The symbols *, maybe replaced by A to Z, it means the color of enclosure.",,Bottom Freezer,5I - Refrigerator-freezers - automatic defrost with bottom-mounted freezer with an automatic icemaker without through-the-door ice service,Automatic,0,0,0,1,0,66.6,29.5,18.7,22.9,550,604.0,,,,0,,,,,2024-11-15,2024-11-20,Canada,ES_1147914_LRB19B5A***_112020240620714_7058050,0
3543469,L2,LRF29D3***,",,The symbols * in model number, maybe replaced by A, B, C to Z, it means the color of enclosure.",687636009166,Bottom Freezer,5A - Refrigerator-freezers - automatic defrost with bottom-mounted freezer with through-the-door ice service,Automatic,0,0,1,1,0,69.9,35.8,28.9,36.8,743,816.0,,,,0,,,,,2024-06-06,2024-06-12,Canada,ES_1147914_LRF29D3***_061220240709462_5987754,0
3543468,L2,LRQ22D6***,",,The symbols * in model number, maybe replaced by A, B, C to Z, it means the color of enclosure.",687636009159,Bottom Freezer,5A - Refrigerator-freezers - automatic defrost with bottom-mounted freezer with through-the-door ice service,Automatic,0,0,1,1,0,69.9,35.8,21.6,26.7,658,722.0,,,,0,,,,,2024-06-06,2024-06-12,Canada,ES_1147914_LRQ22D6***_061220240708855_9788608,0
3543901,L2,LRQ23B4A**,",,Asterisk * denotes products with features, which can be any capital letter from A-Z or 0-9, it does not have an effect on energy performance.",,Bottom Freezer,5I - Refrigerator-freezers - automatic defrost with bottom-mounted freezer with an automatic icemaker without through-the-door ice service,Automatic,0,0,0,1,0,69.9,35.8,22.5,27.5,588,644.0,,,,0,,,,,2024-06-18,2024-06-25,Canada,ES_1147914_LRQ23B4A**_062520240118616_8612820,0
3618364,Landmark,L3015UI1WSG-LH,",L3015UI1WPR-LH,; ,L3015UI1WPR-RH,; ,L3015UI1WSG-RH,; ,L3115UI1WPRGLH,; ,L3115UI1WPRGRH,; ,L3115UI1WSGLH,; ,L3115UI1WSGRH,",846844012621;846844012683;846844012850;846844012911;846844013840;846844013857;846844013864;846844013871,Compact Cooler,3 - Freestanding Compact Cooler,,1,0,0,0,0,34.0,15.0,2.9,2.9,141,179.0,,,,0,,,,,2022-05-13,2024-08-06,"United States, Canada",ES_1092191_L3015UI1WSG-LH_07312024100837_3783532,0
4049648,Kitchenaid,KRMF436SBE,",,Brand Name: KitchenAid",,Bottom Freezer,5A - Refrigerator-freezers - automatic defrost with bottom-mounted freezer with through-the-door ice service,Automatic,0,0,1,1,0,71.0,39.0,28.9,35.7,733,806.0,,,,0,,,,,2025-05-19,2025-05-21,"United States, Canada",ES_22856_KRMF436SBE_052120250207283_9002473,0
4049647,Kitchenaid,KRMF436SJP,",,Brand Name: KitchenAid",,Bottom Freezer,5A - Refrigerator-freezers - automatic defrost with bottom-mounted freezer with through-the-door ice service,Automatic,0,0,1,1,0,71.0,39.0,28.9,35.7,733,806.0,,,,0,,,,,2025-05-19,2025-05-21,"United States, Canada",ES_22856_KRMF436SJP_052120250208943_4539551,0
4049644,Kitchenaid,KRMF436SPS,",,Brand Name: KitchenAid",,Bottom Freezer,5A - Refrigerator-freezers - automatic defrost with bottom-mounted freezer with through-the-door ice service,Automatic,0,0,1,1,0,71.0,39.0,28.9,35.7,733,806.0,,,,0,,,,,2025-05-19,2025-05-21,"United States, Canada",ES_22856_KRMF436SPS_052120250206757_7872083,0
4000166,Magic Chef,HMAR170BE,",,with compressor B35C5B",665679006588,Compact Refrigerator,13A - Compact All-Refrigerators - automatic defrost,Automatic,1,0,0,0,0,19.5,17.3,1.7,1.7,245,275.0,,,,0,,,,,2025-03-12,2025-03-14,"United States, Canada",ES_1107227_HMAR170BE_031420250108320_1500610,0
4000165,Magic Chef,HMAR170STE,",,with compressor B35C5B",665679006779,Compact Refrigerator,13A - Compact All-Refrigerators - automatic defrost,Automatic,1,0,0,0,0,19.5,17.3,1.7,1.7,245,275.0,,,,0,,,,,2025-03-12,2025-03-14,"United States, Canada",ES_1107227_HMAR170STE_03142025010897_4266118,0
4000168,Magic Chef,HMR440BE,",,with compressor options: EY40U6L, LY35R16D",665679006625,Compact Refrigerator,11A - Compact All-Refrigerator - manual defrost,Manual,1,0,0,0,0,32.9,18.9,4.4,4.4,228,254.0,,,,0,,,,,2025-03-12,2025-03-14,"United States, Canada",ES_1107227_HMR440BE_031420250108917_5925751,0
4000167,Magic Chef,HMR440SE,",,with compressor options: EY40U6L, LY35R16D",665679006632,Compact Refrigerator,11A - Compact All-Refrigerator - manual defrost,Manual,1,0,0,0,0,32.9,18.9,4.4,4.4,228,254.0,,,,0,,,,,2025-03-12,2025-03-14,"United States, Canada",ES_1107227_HMR440SE_031420250108321_2553173,0
4000169,Magic Chef,HMR440WE,",,with compressor options: EY40U6L, LY35R16D",665679006786,Compact Refrigerator,11A - Compact All-Refrigerator - manual defrost,Manual,1,0,0,0,0,32.9,18.9,4.4,4.4,228,254.0,,,,0,,,,,2025-03-12,2025-03-14,"United States, Canada",ES_1107227_HMR440WE_031420250108722_6099992,0
4000163,Magic Chef,MCAR170BE,",,with compressor B35C5B",665679006410,Compact Refrigerator,13A - Compact All-Refrigerators - automatic defrost,Automatic,1,0,0,0,0,19.5,17.3,1.7,1.7,245,275.0,,,,0,,,,,2025-03-12,2025-03-14,"United States, Canada",ES_1107227_MCAR170BE_031420250108867_2125972,0
4000162,Magic Chef,MCAR170STE,",,with compressor B35C5B",665679006427,Compact Refrigerator,13A - Compact All-Refrigerators - automatic defrost,Automatic,1,0,0,0,0,19.5,17.3,1.7,1.7,245,275.0,,,,0,,,,,2025-03-12,2025-03-14,"United States, Canada",ES_1107227_MCAR170STE_031420250108476_7902991,0
4015590,Magic Chef,MCBR265BEF,",,Employ with compressor DG40BY1A",,Compact Refrigerator,11A - Compact All-Refrigerator - manual defrost,Manual,1,0,0,0,1,25.0,17.5,2.6,2.6,215,239.0,,,,0,,,,,2025-03-28,2025-04-14,United States,ES_1107227_MCBR265BEF_041420250544845_6073827,0
4015591,Magic Chef,MCBR265SEF,",,Employ with compressor DG40BY1A",,Compact Refrigerator,11A - Compact All-Refrigerator - manual defrost,Manual,1,0,0,0,1,25.0,17.5,2.6,2.6,215,239.0,,,,0,,,,,2025-03-28,2025-04-14,United States,ES_1107227_MCBR265SEF_041420250543231_6235033,0
4000164,Magic Chef,HMAR170WE,",,with compressor B35C5B",665679006571,Compact Refrigerator,13A - Compact All-Refrigerators - automatic defrost,Automatic,1,0,0,0,0,19.5,17.3,1.7,1.7,245,275.0,,,,0,,,,,2025-03-12,2025-03-14,"United States, Canada",ES_1107227_HMAR170WE_031420250108725_7292961,0
2297037,Magic Chef,HMDR1000WE,",HMDR1000BE,; ,HMDR1000ST,",665679006304,Top Freezer,3 - Refrigerator-freezers - automatic defrost with top-mounted freezer without an automatic ice maker,Automatic,0,0,0,0,0,59.8,23.6,10.1,12.2,297,332.0,,,,0,,,,,2017-05-25,2017-05-30,United States,ES_1107227_HMDR1000WE_05252017193328_6408349,1
2376289,Vissani,MDTF18WHSRPRO*,",,* can be any of A-Z,a-z,0-9,version code or blank.",,Top Freezer,3 - Refrigerator-freezers - automatic defrost with top-mounted freezer without an automatic ice maker,Automatic,0,0,0,0,0,64.9,29.5,18.1,21.1,362,404.0,,,,0,,,,,2021-04-01,2021-04-08,United States,ES_31912_MDTF18WHSRPRO*_042120210526442_4439938,1
4480572,Vissani,VS17HSCPW,",VS17HSCPB,; ,VS17HSCPS,",990312325673;990312325680;990312325697,Compact Refrigerator,13A - Compact All-Refrigerators - automatic defrost,Automatic,1,0,0,0,0,19.8,17.8,1.7,1.7,244,275.0,,,,0,,,,,2025-07-15,2025-07-28,United States,ES_1146193_VS17HSCPW_07152025111142_122339,0
4439409,Vissani,VS26HSCPW,",VS26HSCPB,; ,VS26HSCPS,",990312325703;990312325710;990312325727,Compact Refrigerator,13A - Compact All-Refrigerators - automatic defrost,Automatic,1,0,0,0,0,27.2,17.8,2.6,2.6,252,283.0,,,,0,,,,,2025-06-23,2025-06-26,United States,ES_1146193_VS26HSCPW_06242025092639_5442926,0
4480571,Vissani,VS31HSTMW,",VS31HSTMB,; ,VS31HSTMS,",990312562658;990312562665;990312562672,Compact Refrigerator,12 - Compact Refrigerator-Freezer - partial automatic defrost,Automatic,1,0,0,0,0,33.5,17.8,3.1,3.8,320,358.0,,,,0,,,,,2025-07-15,2025-07-28,United States,ES_1146193_VS31HSTMW_07152025103532_6903192,0
4480573,Vissani,VS32HSCPW,",VS32HSCPB,; ,VS32HSCPS,",990312325734;990312325741;990312562610,Compact Refrigerator,13A - Compact All-Refrigerators - automatic defrost,Automatic,1,0,0,0,0,33.3,17.8,3.2,3.2,257,289.0,,,,0,,,,,2025-07-15,2025-07-28,United States,ES_1146193_VS32HSCPW_07152025145035_8051568,0
4480574,Vissani,VS46HSCPW,",VS46HSCPB,; ,VS46HSCPS,",990312562627;990312562634;990312562641,Compact Refrigerator,13A - Compact All-Refrigerators - automatic defrost,Automatic,1,0,0,0,0,32.5,20.6,4.6,4.6,267,301.0,,,,0,,,,,2025-07-15,2025-07-28,United States,ES_1146193_VS46HSCPW_07152025145937_9393426,0
4481100,Vissani,VS47HSTMW,",VS47HSTMB,; ,VS47HSTMS,",990312562689;990312562696;990312562702,Compact Refrigerator,12 - Compact Refrigerator-Freezer - partial automatic defrost,Automatic,1,0,0,0,0,49.8,17.8,4.7,5.5,321,368.0,,,,0,,,,,2025-07-15,2025-08-06,United States,ES_1146193_VS47HSTMW_08042025095114_9075281,0
2453182,Vitara,VBCF0860EWEI,",VBCR1661EWE,",616833175190;616833175237,Freezerless and Single Door,3A-BI - Built-In All-Refrigerators - automatic defrost,Automatic,0,1,0,0,0,83.6,29.8,16.7,16.7,325,362.0,,,,0,,,,,2023-03-30,2024-05-23,"United States, Canada",ES_1145610_VBCF0860EWEI_03292023133545_2844315,0
4511190,Xtra,XET16R**,",,*: Suffix could be from 0 to 9 or from A to Z or blank to represent different unit color.",199284563063,Top Freezer,3 - Refrigerator-freezers - automatic defrost with top-mounted freezer without an automatic ice maker,Automatic,0,0,0,0,0,65.0,28.0,16.0,18.8,347,385.0,,R-600a,R-600a (GWP:3 | Lower GWP),0,,,,,2025-10-08,2025-10-13,United States,ES_1152625_XET16R**_101320250505966_4753156,1
3701830,Vitara,VBFR1200EISE,",VBFR1200EISSE,",804467539192;804467930029,Bottom Freezer,5I - Refrigerator-freezers - automatic defrost with bottom-mounted freezer with an automatic icemaker without through-the-door ice service,Automatic,0,0,0,1,0,73.2,23.4,11.5,14.2,480,527.0,,R-600a,R-600a (GWP:3 | Lower GWP),0,,,,,2024-09-20,2024-10-09,"United States, Canada",ES_1145610_VBFR1200EISE_09252024171214_7219033,0
3701837,Vitara,VBFR1200ESE,",VBFR1200ESSE,",804467533411;804467591800,Bottom Freezer,5 - Refrigerator-freezers - automatic defrost with bottom-mounted freezer without an automatic ice maker,Automatic,0,0,0,0,0,73.2,23.4,11.5,14.2,396,443.0,,R-600a,R-600a (GWP:3 | Lower GWP),0,,,,,2024-09-20,2024-10-09,"United States, Canada",ES_1145610_VBFR1200ESE_09252024172728_7685014,0
3891956,Vitara,VBFR1800EBE,",,Employ compressor VFL090CY1",804467927067,Bottom Freezer,5I - Refrigerator-freezers - automatic defrost with bottom-mounted freezer with an automatic icemaker without through-the-door ice service,Automatic,0,0,0,1,0,70.1,29.9,18.0,22.0,518,596.0,,,,0,,,,,2024-12-13,2024-12-24,"United States, Canada",ES_1145610_VBFR1800EBE_12242024035347_4280806,0
3891955,Vitara,VBFR1800EWE,",,Employ compressor VFL090CY1",804467872312,Bottom Freezer,5I - Refrigerator-freezers - automatic defrost with bottom-mounted freezer with an automatic icemaker without through-the-door ice service,Automatic,0,0,0,1,0,70.1,29.9,18.0,22.0,518,596.0,,,,0,,,,,2024-12-13,2024-12-24,"United States, Canada",ES_1145610_VBFR1800EWE_122420240354594_1826621,0
3891954,Vitara,VFFR1800EBE,",,Employ compressor VFL090CY1",804467675661,Bottom Freezer,5I - Refrigerator-freezers - automatic defrost with bottom-mounted freezer with an automatic icemaker without through-the-door ice service,Automatic,0,0,0,1,0,70.1,29.9,17.5,21.3,512,590.0,,,,0,,,,,2024-12-13,2024-12-24,"United States, Canada",ES_1145610_VFFR1800EBE_122420240350225_8212514,0
3891953,Vitara,VFFR1800EWE,",,Employ compressor VFL090CY1",804467630905,Bottom Freezer,5I - Refrigerator-freezers - automatic defrost with bottom-mounted freezer with an automatic icemaker without through-the-door ice service,Automatic,0,0,0,1,0,70.1,29.9,17.5,21.3,512,590.0,,,,0,,,,,2024-12-13,2024-12-24,"United States, Canada",ES_1145610_VFFR1800EWE_12242024035283_9586892,0
3891959,Vitara,VFFR2101EBE,",,Employ compressor VFL100CY1",804467595686,Bottom Freezer,5I - Refrigerator-freezers - automatic defrost with bottom-mounted freezer with an automatic icemaker without through-the-door ice service,Automatic,0,0,0,1,0,70.1,35.9,20.3,25.0,539,622.0,,,,0,,,,,2024-12-13,2024-12-24,"United States, Canada",ES_1145610_VFFR2101EBE_122420240355124_3240431,0
3891958,Vitara,VFFR2101EWE,",,Employ compressor VFL100CY1",804467537341,Bottom Freezer,5I - Refrigerator-freezers - automatic defrost with bottom-mounted freezer with an automatic icemaker without through-the-door ice service,Automatic,0,0,0,1,0,70.1,35.9,20.3,25.0,539,622.0,,,,0,,,,,2024-12-13,2024-12-24,"United States, Canada",ES_1145610_VFFR2101EWE_122420240657734_6729088,0
4480641,Vitara,VFFR2102ESSE,",VFFR210101ESE,; ,VFFR2102ESE,",804467656264;804467710096;804467728251,Bottom Freezer,5I - Refrigerator-freezers - automatic defrost with bottom-mounted freezer with an automatic icemaker without through-the-door ice service,Automatic,0,0,0,1,0,69.8,35.8,20.2,25.1,569,623.0,,R-600a,R-600a (GWP:3 | Lower GWP),0,,,,,2025-07-18,2025-07-29,"United States, Canada",ES_1145610_VFFR2102ESSE_07022025150832_7546960,0
2732765,Zline,RBSO-ST-24,",RBSPSO-24,",195948043292;195948043346,Compact Refrigerator,13A - Compact All-Refrigerators - automatic defrost,Automatic,1,0,0,0,0,34.0,23.9,5.2,5.2,257,307.0,,R-600a,R-600a (GWP:3 | Lower GWP),0,,,,,2023-11-10,2023-11-15,"United States, Canada",ES_1141731_RBSO-ST-24_11102023105437_5450555,0
2393113,Zline,RFM-W-36,",,Brand: ZLINE.",195948008758,Bottom Freezer,5A - Refrigerator-freezers - automatic defrost with bottom-mounted freezer with through-the-door ice service,Automatic,0,0,1,1,0,69.9,35.8,21.6,26.7,658,722.0,,,,0,,,,,2025-04-18,2025-04-22,"United States, Canada",ES_1141731_RFM-W-36_021820220202321_8124311,0
2393112,Zline,RFM-W-36-BS,",,Brand: ZLINE.",195948008765,Bottom Freezer,5A - Refrigerator-freezers - automatic defrost with bottom-mounted freezer with through-the-door ice service,Automatic,0,0,1,1,0,69.9,35.8,21.6,26.7,658,722.0,,,,0,,,,,2025-04-18,2025-04-22,"United States, Canada",ES_1141731_RFM-W-36-BS_02182022020275_3782211,0
2732764,Zline,RWDO-GS-24,",RWDPO-24,",195948043254;195948043261,Compact Cooler,3 - Freestanding Compact Cooler,,1,0,0,0,0,34.0,23.9,4.8,4.8,129,194.0,,R-600a,R-600a (GWP:3 | Lower GWP),0,,,,,2023-11-10,2023-11-15,"United States, Canada",ES_1141731_RWDO-GS-24_11102023105114_7898675,0
2396169,"Zline, Hallman, Savalo",RBIV-30,",HRBIBM30PR,; ,S30BFR700IMBIP,",195948124656;811118037525;860010679302,Bottom Freezer,5I-BI - Built-In Refrigerator-freezers - automatic defrost with bottom-mounted freezer with an automatic icemaker without through-the-door ice service,Automatic,0,1,0,1,0,83.6,29.8,16.0,19.4,551,603.0,,R-600a,R-600a (GWP:3 | Lower GWP),0,,,,,2023-08-23,2023-04-11,"United States, Canada",ES_1145610_RBIV-30_05092022134815_7433435,0
2470808,Vitara,VTFR1202EWE,",VTFR1202EBE,; ,VTFR1202ESE,",616833174964;616833174971;616833174988,Top Freezer,3 - Refrigerator-freezers - automatic defrost with top-mounted freezer without an automatic ice maker,Automatic,0,0,0,0,0,59.8,23.6,12.1,14.7,316,352.0,,,,0,,,,,2023-04-23,2023-04-25,United States,ES_1145610_VTFR1202EWE_04232023144641_4011346,1
2409520,Vitara,VTFR1802EI*E,",,* means color, B for black, S for stainless finish, W for white",,Top Freezer,3I - Refrigerator-freezer - automatic defrost with op-mounted freezer with automatic icemaker without through-the-door ice,Automatic,0,0,0,1,0,66.4,29.5,18.1,21.3,448,490.0,,,,0,,,,,2023-02-20,2023-03-01,United States,ES_1145610_VTFR1802EI*E_030120230145745_1459541,1
2470809,Vitara,VTFR1803EWE,",VTFR1803EBE,; ,VTFR1803ESE,",616833175183;616833175220;616833175244,Top Freezer,3 - Refrigerator-freezers - automatic defrost with top-mounted freezer without an automatic ice maker,Automatic,0,0,0,0,0,66.1,29.7,18.1,21.8,367,410.0,,,,0,,,,,2023-04-23,2023-04-25,United States,ES_1145610_VTFR1803EWE_04232023153704_8835412,1
2409521,Vitara,VTFR2101EI*E,",,* means color, B for black, S for stainless finish, W for white",,Top Freezer,3I - Refrigerator-freezer - automatic defrost with op-mounted freezer with automatic icemaker without through-the-door ice,Automatic,0,0,0,1,0,66.4,32.7,20.4,24.1,469,512.0,,,,0,,,,,2023-02-20,2023-03-01,United States,ES_1145610_VTFR2101EI*E_030120230146166_3598643,1
2470810,Vitara,VTFR2102EWE,",VTFR2102EBE,; ,VTFR2102ESE,",616833175183;616833175220;616833175244,Top Freezer,3 - Refrigerator-freezers - automatic defrost with top-mounted freezer without an automatic ice maker,Automatic,0,0,0,0,0,68.8,29.7,20.2,24.1,382,428.0,,,,0,,,,,2023-04-23,2023-04-25,United States,ES_1145610_VTFR2102EWE_04232023155547_5816461,1
2470733,Vitara;Forte,VTFR1500EBE,",F15TFRAESBB,; ,F15TFRAESSS,; ,F15TFRAESWW,; ,VTFR1500ESE,; ,VTFR1500EWE,",616833174926;616833175008;616833175015;810119152183;810119152190;810119152206,Top Freezer,3 - Refrigerator-freezers - automatic defrost with top-mounted freezer without an automatic ice maker,Automatic,0,0,0,0,0,66.0,27.9,14.6,17.0,333,371.0,,,,0,,,,,2023-04-20,2023-04-21,United States,ES_1145610_VTFR1500EBE_04212023103124_4363824,1
2470807,Vitara;Forté,VTFR1002EWE,",F10TFRAESBB,; ,F10TFRAESSS,; ,F10TFRAESWW,; ,VTFR1002EBE,; ,VTFR1002ESE,",616833174933;616833174940;616833174957;810119152596;810119152602;810119152619,Top Freezer,3 - Refrigerator-freezers - automatic defrost with top-mounted freezer without an automatic ice maker,Automatic,0,0,0,0,0,59.8,23.6,10.0,12.1,297,331.0,,,,0,,,,,2023-04-23,2023-04-25,United States,ES_1145610_VTFR1002EWE_04232023134935_4275476,1
3943304,Viwin,FLS-80-BLACK,"Refrigerator-Freezer,FLS-80-BLACK,; Refrigerator-Freezer,FLS-80-BLUE,; Refrigerator-Freezer,FLS-80-SILVER,; Refrigerator-Freezer,FLS-80-WOOD,; Refrigerator-Freezer,FLS-80G-BLUE,; Refrigerator-Freezer,FLS-80G-CREAM,; Refrigerator-Freezer,FLS-80G-CREAM-35-ZQL3,; Refrigerator-Freezer,FLS-80G-RED,; Refrigerator-Freezer,FLS-80G-RED-35CU,; Refrigerator-Freezer,OOT-FLS-80G-BLUE-ZQL-5,Brand name: OOT; Refrigerator-Freezer,TY-FLS-80G-CREAM-35-ZQL3,Brand name: TY",,Compact Refrigerator,11 - Compact Refrigerator and Refrigerator-Freezer other than All-Refrigerator - manual defrost,Manual,1,0,0,0,0,32.7,14.2,3.2,4.1,250,289.0,,R-600a,R-600a (GWP:3 | Lower GWP),0,,,,,2025-01-10,2025-01-10,United States,ES_1151531_FLS-80-BLACK_01102025153000_0000001,0
3943305,Viwin,FLS-90-BLACK,"Refrigerator-Freezer,FLD-90-BLACK,; Refrigerator-Freezer,FLD-90-D,; Refrigerator-Freezer,FLD-90-SILVER,; Refrigerator-Freezer,FLS-90-BLACK,; Refrigerator-Freezer,FLS-90-SILVER,",,Compact Refrigerator,11 - Compact Refrigerator and Refrigerator-Freezer other than All-Refrigerator - manual defrost,Manual,1,0,0,0,0,38.6,15.8,3.6,4.4,255,292.0,,R-600a,R-600a (GWP:3 | Lower GWP),0,,,,,2025-01-10,2025-01-10,United States,ES_1151531_FLS-90-BLACK_01102025155000_0000001,0
3618358,Wanai,BC-98A,"Refrigerator,BC-98A,; Refrigerator,BC-98E,",,Compact Refrigerator,11A - Compact All-Refrigerator - manual defrost,Manual,1,0,0,0,1,31.8,17.7,3.2,3.2,215,244.0,,R-600a,R-600a (GWP:3 | Lower GWP),0,,,,,2024-08-01,2024-06-07,United States,ES_1150944_BC-98A_07302024141900_0000001,0
4437356,Westbend,WB2220FDBMRSS,",,Brand Name: Westbend",079841170340,Bottom Freezer,5I - Refrigerator-freezers - automatic defrost with bottom-mounted freezer with an automatic icemaker without through-the-door ice service,Automatic,0,0,0,1,0,70.3,36.0,22.4,27.7,590,646.0,,,,0,,,,,2023-11-22,2025-06-12,"United States, Canada",ES_1131312_WB2220FDBMRSS_061220250239411_1953316,0
2683731,West Bend,WB0170ARTSS,",WB0170ARTB,; ,WB0170ARTW,",079841980475;079841980482;079841980499,Compact Refrigerator,13A - Compact All-Refrigerators - automatic defrost,Automatic,1,0,0,0,0,20.2,17.7,1.7,1.7,233,275.0,,,,0,,,,,2023-09-01,2023-10-13,United States,ES_1131312_WB0170ARTSS_10112023094943_881921,0
3999627,West Bend,WBFF24VDLJM#**,",,Where # can be 0-9, indicate different versions, The first * can be A-Z, the second * can be A-Z or blank, ** means different color of appearance",,Top Freezer,3 - Refrigerator-freezers - automatic defrost with top-mounted freezer without an automatic ice maker,Automatic,0,0,0,0,0,66.6,32.7,24.0,29.2,422,469.0,,,,0,,,,,2025-03-05,2025-03-11,"United States, Canada",ES_1131312_WBFF24VDLJM#**_031120250220392_3268190,1
4049645,Whirlpool,WRMF3536SV,",,Brand Name: Whirlpool",,Bottom Freezer,5A - Refrigerator-freezers - automatic defrost with bottom-mounted freezer with through-the-door ice service,Automatic,0,0,1,1,0,71.0,39.0,28.9,35.7,733,806.0,,,,0,,,,,2025-05-19,2025-05-21,"United States, Canada",ES_22856_WRMF3536SV_052120250208827_1004064,0
4049651,Whirlpool,WRMF3536SW,",,Brand Name: Whirlpool",,Bottom Freezer,5A - Refrigerator-freezers - automatic defrost with bottom-mounted freezer with through-the-door ice service,Automatic,0,0,1,1,0,71.0,39.0,28.9,35.7,733,806.0,,,,0,,,,,2025-05-19,2025-05-21,"United States, Canada",ES_22856_WRMF3536SW_052120250207994_8471346,0
4049646,Whirlpool,WRMF3536SZ,",,Brand Name: Whirlpool",,Bottom Freezer,5A - Refrigerator-freezers - automatic defrost with bottom-mounted freezer with through-the-door ice service,Automatic,0,0,1,1,0,71.0,39.0,28.9,35.7,733,806.0,,,,0,,,,,2025-05-19,2025-05-21,"United States, Canada",ES_22856_WRMF3536SZ_052120250207356_4857976,0
4049650,Whirlpool,WRMF3636SV,",,Brand Name: Whirlpool",,Bottom Freezer,5A - Refrigerator-freezers - automatic defrost with bottom-mounted freezer with through-the-door ice service,Automatic,0,0,1,1,0,71.0,39.0,28.9,35.7,733,806.0,,,,0,,,,,2025-05-19,2025-05-21,"United States, Canada",ES_22856_WRMF3636SV_052120250207323_2169268,0
4429178,Whirlpool,WRMF3636SW,",,Brand Name: Whirlpool",,Bottom Freezer,5A - Refrigerator-freezers - automatic defrost with bottom-mounted freezer with through-the-door ice service,Automatic,0,0,1,1,0,71.0,39.0,28.9,35.7,733,806.0,,,,0,,,,,2025-05-19,2025-05-21,"United States, Canada",ES_22856_WRMF3636SW_052820250108951_5762909,0
4049649,Whirlpool,WRMF3636SZ,",,Brand Name: Whirlpool",,Bottom Freezer,5A - Refrigerator-freezers - automatic defrost with bottom-mounted freezer with through-the-door ice service,Automatic,0,0,1,1,0,71.0,39.0,28.9,35.7,733,806.0,,,,0,,,,,2025-05-19,2025-05-21,"United States, Canada",ES_22856_WRMF3636SZ_052120250207526_1839087,0
2406364,Upstreman;Frestec,CD30,",FR 302 BK,; ,FR 302 SL,; ,FR 302 WH,",652726293060;760354510012;760354510029;760354510036,Compact Refrigerator,12 - Compact Refrigerator-Freezer - partial automatic defrost,Automatic,1,0,0,0,0,33.5,17.8,3.1,3.8,320,358.0,,,,0,,,,,2022-12-13,2022-12-28,United States,ES_1146193_CD30_12132022112233_1904413,0
2401908,Upstreman;Frestec;Nooody,FR16,",CR16,; ,FR 160 BK,; ,FR 160 BLUE,; ,FR 160 GREEN,; ,FR 160 RED,; ,FR 160 SL,; ,FR 160 WH,; ,NOD16RE,; ,SR16,",652726292834;652726292896;652726293015;737547694156;737547694163;737547694170;749874131365;749874131372;749874131389;749874131396;749874131402;749874131419;749874131426;749874131433;749874131440;749874131457;760354509832;760354509849;760354509856,Compact Refrigerator,11A - Compact All-Refrigerator - manual defrost,Manual,1,0,0,0,0,19.8,17.8,1.6,1.6,200,232.0,,,,0,,,,,2022-09-20,2022-09-23,United States,ES_1146193_FR16_09222022131925_6405450,0
2401909,Upstreman;Frestec;Nooody,FR25,",CR25,; ,FR 250 BK,; ,FR 250 SL,; ,FR 250 WH,; ,NOD25RE,; ,SR25,",058465808334;652726292841;652726292902;749874131563;749874131570;749874131587;749874131594;749874131600;749874131617;749874131624;749874131631;749874131648;749874131655;760354509863;760354509870;760354509887,Compact Refrigerator,11A - Compact All-Refrigerator - manual defrost,Manual,1,0,0,0,0,27.2,17.8,2.5,2.5,210,239.0,,,,0,,,,,2022-09-20,2022-09-23,United States,ES_1146193_FR25_09222022132437_8314325,0
2401910,Upstreman;Frestec;Nooody,FR31,",CR31,; ,FR 310 BK,; ,FR 310 BLUE,; ,FR 310 GREEN,; ,FR 310 RED,; ,FR 310 SL,; ,FR 310 WH,; ,NOD30RE,; ,NOD31RE,; ,SR31,",652726292858;652726292919;652726293039;749874131464;749874131471;749874131488;749874131495;749874131501;749874131518;749874131525;749874131532;749874131549;749874131556;749874131662;749874131679;749874131686;749874131693;749874131709;749874131716;749874131723;749874131730;749874131747;749874131754;760354509894;760354509900;760354509917;760354509924;760354509931;760354509948,Compact Refrigerator,11A - Compact All-Refrigerator - manual defrost,Manual,1,0,0,0,0,33.3,17.8,3.1,3.1,215,243.0,,,,0,,,,,2022-09-20,2022-09-23,United States,ES_1146193_FR31_09222022132857_1759607,0
4497479,Vesta,VRF-YUKON-36SS,",,with compressor VFA110CY1",675487202348,Bottom Freezer,5I - Refrigerator-freezers - automatic defrost with bottom-mounted freezer with an automatic icemaker without through-the-door ice service,Automatic,0,0,0,1,0,70.1,35.9,20.3,25.0,539,622.0,,,,0,,,,,2025-08-13,2025-08-27,"United States, Canada",ES_1152434_VRF-YUKON-36SS_082720250401869_6099678,0
3619548,Vezeni,VFS100-SS,",,Employ compressor VFL090CY1",,Bottom Freezer,5I - Refrigerator-freezers - automatic defrost with bottom-mounted freezer with an automatic icemaker without through-the-door ice service,Automatic,0,0,0,1,0,70.1,29.9,17.5,21.3,512,590.0,,,,0,,,,,2024-08-06,2024-08-13,"United States, Canada",ES_1151070_VFS100-SS_081320240610532_3936375,0
3619549,Vezeni,VFS101-SS,",,Employ compressor VFL100CY1",,Bottom Freezer,5I - Refrigerator-freezers - automatic defrost with bottom-mounted freezer with an automatic icemaker without through-the-door ice service,Automatic,0,0,0,1,0,70.1,29.9,20.3,25.0,539,622.0,,,,0,,,,,2024-08-06,2024-08-13,"United States, Canada",ES_1151070_VFS101-SS_081320240613718_7149033,0
2397081,Xo,XOU15BCGSR,",,2022-05-27",814830011279,Compact Refrigerator,13A - Compact All-Refrigerators - automatic defrost,Automatic,1,0,0,0,0,34.1,15.0,3.3,3.3,259,290.0,,,,0,,,,,2022-05-27,2022-02-16,"United States, Canada",ES_1147599_XOU15BCGSR_06012022124524_80107959,0
3798604,Vissani,MDBF18SS,",,Icemaker-Ready Product (with icemaker)",6940461931281,Bottom Freezer,5I - Refrigerator-freezers - automatic defrost with bottom-mounted freezer with an automatic icemaker without through-the-door ice service,Automatic,0,0,0,1,0,66.6,29.5,18.7,22.9,550,604.0,,,,0,,,,,2024-11-08,2024-11-13,"United States, Canada",ES_31912_MDBF18SS_111320240127711_1858715,0
3798605,Vissani,MDBF18SS,",,Icemaker-Ready Product (without icemaker)",6940461931281,Bottom Freezer,5 - Refrigerator-freezers - automatic defrost with bottom-mounted freezer without an automatic ice maker,Automatic,0,0,0,0,0,66.6,29.5,18.7,22.9,466,520.0,,,,0,,,,,2024-11-07,2024-11-13,"United States, Canada",ES_31912_MDBF18SS_111320240126862_5851308,0
3550108,Vissani,MDBF5**,",,Asterisk * can be replaced by A to Z or 1 to 9 denotes products with features, which do not have an effect on energy performance",840296510148,Compact Refrigerator,12 - Compact Refrigerator-Freezer - partial automatic defrost,Automatic,1,0,0,0,0,48.8,20.5,4.7,5.8,333,370.0,,R-600a,R-600a (GWP:3 | Lower GWP),0,,,,,2024-06-25,2024-06-28,"United States, Canada",ES_31912_MDBF5**_062820240854162_3646189,0
4481043,Vissani,MDCM31**5,",,*: Suffix could be from 0 to 9 or A to Z or blank to represent different unit color",840296517765,Compact Refrigerator,12 - Compact Refrigerator-Freezer - partial automatic defrost,Automatic,1,0,0,0,0,33.0,18.5,3.1,3.8,270,358.0,,R-600a,R-600a (GWP:3 | Lower GWP),0,,,,,2025-07-21,2025-08-01,"United States, Canada",ES_31912_MDCM31**5_080120250840810_4723807,0
3892974,Vissani,MDTF14***,",,*: Suffix could be from 0 to 9 or from A to Z or blank to represent different unit color.",840296514801,Top Freezer,3 - Refrigerator-freezers - automatic defrost with top-mounted freezer without an automatic ice maker,Automatic,0,0,0,0,0,60.6,27.6,14.2,17.1,333,372.0,,R-600a,R-600a (GWP:3 | Lower GWP),0,,,,,2025-01-09,2025-01-13,United States,ES_31912_MDTF14***_011320250340949_2799775,1
4015776,Vissani,MDTF18****,",,Asterisk * can be replaced by A to Z or 1 to 9 denotes products with features, which do not have an effect on energy performance",840296516034,Top Freezer,3 - Refrigerator-freezers - automatic defrost with top-mounted freezer without an automatic ice maker,Automatic,0,0,0,0,0,66.6,29.7,18.1,22.0,369,411.0,,,,0,,,,,2025-04-15,2025-04-16,"United States, Canada",ES_1145034_MDTF18****_041620250518398_7547284,1
3423274,Vissani,MDTF18SSR,",,Icemaker-Ready Product (with icemaker)",6940461931519,Top Freezer,3I - Refrigerator-freezer - automatic defrost with op-mounted freezer with automatic icemaker without through-the-door ice,Automatic,0,0,0,1,0,67.0,33.0,18.0,21.0,446,487.0,,,,0,,,,,2024-03-01,2024-03-22,"United States, Canada",ES_31912_MDTF18SSR_032220240334297_7255174,1
3792703,Vissani,MDTF18SSR,",,Icemaker-Ready Product (without icemaker)",6940461931519,Top Freezer,3 - Refrigerator-freezers - automatic defrost with top-mounted freezer without an automatic ice maker,Automatic,0,0,0,0,0,67.0,33.0,18.0,21.0,362,403.0,,,,0,,,,,2024-03-01,2024-03-22,"United States, Canada",ES_31912_MDTF18SSR_111220240559137_8222300,1
2376290,Vissani,MDTF18SSR*,",,* can be any of A-Z,a-z,0-9,version code or blank.",,Top Freezer,3 - Refrigerator-freezers - automatic defrost with top-mounted freezer without an automatic ice maker,Automatic,0,0,0,0,0,64.9,29.5,18.1,21.1,362,404.0,,,,0,,,,,2021-04-01,2021-04-08,United States,ES_31912_MDTF18SSR*_040220210421571_8861892,1
2376286,Vissani,MDTF18SSRPRO*,",,* can be any of A-Z,a-z,0-9,version code or blank.",,Top Freezer,3 - Refrigerator-freezers - automatic defrost with top-mounted freezer without an automatic ice maker,Automatic,0,0,0,0,0,64.9,29.5,18.1,21.1,362,404.0,,,,0,,,,,2021-04-01,2021-04-08,United States,ES_31912_MDTF18SSRPRO*_042120210443795_3726259,1
2370332,Sapphire,SR15-SS,",SR15-PR,",,Compact Refrigerator,13A - Compact All-Refrigerators - automatic defrost,Automatic,1,0,0,0,0,33.9,14.8,2.7,2.7,220,284.0,,,,0,,,,,2020-11-23,2020-11-26,"United States, Canada",ES_1131312_SR15-SS_11092020161040_7838403,0
2667888,Sapphire,SR243SS,",SR243SSPR,",845035031212;845035035982,Compact Refrigerator,13A - Compact All-Refrigerators - automatic defrost,Automatic,1,0,0,0,0,34.8,23.9,5.5,5.5,259,310.0,,R-600a,R-600a (GWP:3 | Lower GWP),0,,,,,2023-08-23,2023-09-14,"United States, Canada",ES_1131312_SR243SS_09112023104601_3630945,0
2371301,Sapphire,SR24-SS,",SR24-PR,; ,SR24-SS-L,",,Compact Refrigerator,13A - Compact All-Refrigerators - automatic defrost,Automatic,1,0,0,0,0,33.9,23.9,5.0,5.0,260,305.0,,,,0,,,,,2020-11-23,2020-12-23,"United States, Canada",ES_1131312_SR24-SS_12222020090209_5922662,0
2370331,Sapphire,SR24-SSADA,",SR24-PRADA,",,Compact Refrigerator,13A - Compact All-Refrigerators - automatic defrost,Automatic,1,0,0,0,0,32.0,23.9,4.6,4.6,263,301.0,,,,0,,,,,2020-11-23,2020-11-26,"United States, Canada",ES_1131312_SR24-SSADA_11242020091500_2218438,0
3627096,Sapphire,SRD153SSPR,",SRD153SS,",845035035876;845035036910,Compact Refrigerator,13A - Compact All-Refrigerators - automatic defrost,Automatic,1,0,0,0,0,33.5,14.9,2.9,2.9,253,286.0,,R-600a,R-600a (GWP:3 | Lower GWP),0,,,,,2024-08-26,2024-09-09,"United States, Canada",ES_1131312_SRD153SSPR_09062024141034_846826,0
3627098,Sapphire,SRD243SSPR,",SRD243SS,",845035035869;845035036903,Compact Refrigerator,13A - Compact All-Refrigerators - automatic defrost,Automatic,1,0,0,0,0,33.5,23.9,5.5,5.5,256,310.0,,R-600a,R-600a (GWP:3 | Lower GWP),0,,,,,2024-08-26,2024-09-09,"United States, Canada",ES_1131312_SRD243SSPR_09062024142003_3420831,0
2667887,Sapphire,SW243SZSS,",SW243SZSSPR,",845035031236;845035036002,Compact Cooler,1 - Built-in Compact Cooler,,1,1,0,0,0,34.8,23.9,5.5,5.5,118,199.0,,R-600a,R-600a (GWP:3 | Lower GWP),0,,,,,2023-08-23,2023-09-14,"United States, Canada",ES_1131312_SW243SZSS_09112023103914_7733728,0
2365287,Thermador,T30IB905SP,",T30BB915SS, T30BB925SS,Cosmetic",825225960461,Bottom Freezer,5I-BI - Built-In Refrigerator-freezers - automatic defrost with bottom-mounted freezer with an automatic icemaker without through-the-door ice service,Automatic,0,1,0,1,0,83.7,30.0,16.0,19.4,470,603.0,,R-600a,R-600a (GWP:3 | Lower GWP),0,,,,,2020-10-01,2020-08-25,"United States, Canada",ES_0031649_T30IB905SP_08312020054816_80044911,0
2303336,Thermador,T30IR901SP,",,Network Communication",825225947370,Freezerless and Single Door,3A-BI - Built-In All-Refrigerators - automatic defrost,Automatic,0,1,0,0,0,83.7,30.0,16.8,16.8,289,363.0,,,,0,,,,,2017-09-01,2017-05-04,"United States, Canada",ES_0031649_T30IR901SP_05082017020339_70129737,0
2302860,Thermador,T36IB900SP,",T36BB910SS, T36BB920SS,Cosmetic",825225919162,Bottom Freezer,5I-BI - Built-In Refrigerator-freezers - automatic defrost with bottom-mounted freezer with an automatic icemaker without through-the-door ice service,Automatic,0,1,0,1,0,83.7,36.0,19.5,23.8,531,645.0,,,,0,,,,,2017-09-01,2017-08-24,"United States, Canada",ES_0031649_T36IB900SP_08292017124701_70141391,0
2365290,Thermador,T36IB905SP,",T36BB915SS, T36BB925SS,Cosmetic",825225960515,Bottom Freezer,5I-BI - Built-In Refrigerator-freezers - automatic defrost with bottom-mounted freezer with an automatic icemaker without through-the-door ice service,Automatic,0,1,0,1,0,83.7,36.0,19.5,23.8,504,645.0,,R-600a,R-600a (GWP:3 | Lower GWP),0,,,,,2020-10-01,2020-08-25,"United States, Canada",ES_0031649_T36IB905SP_08312020054816_80044911,0
3814692,Seasons,MSBF18****,",,Icemaker-Ready Product (without icemaker).(The symbols * may be replaced by A, B, C to Z, it means the color of enclosure.)",,Bottom Freezer,5 - Refrigerator-freezers - automatic defrost with bottom-mounted freezer without an automatic ice maker,Automatic,0,0,0,0,0,66.6,29.5,18.7,22.9,466,520.0,,,,0,,,,,2024-11-20,2024-11-25,"United States, Canada",ES_1048137_MSBF18****_112520240049505_5960538,0
3814693,Seasons,MSBF18****,",,Icemaker-Ready Product (with icemaker).(The symbols * may be replaced by A, B, C to Z, it means the color of enclosure.)",,Bottom Freezer,5I - Refrigerator-freezers - automatic defrost with bottom-mounted freezer with an automatic icemaker without through-the-door ice service,Automatic,0,0,0,1,0,66.6,29.5,18.7,22.9,550,604.0,,,,0,,,,,2024-11-21,2024-11-25,"United States, Canada",ES_1048137_MSBF18****_112520240047347_1671851,0
4020738,Seasons,MSBF18**IM,",,*: Suffix could be from 0 to 9 or from A to Z or blank, to represent different in unit color",194671051918,Bottom Freezer,5I - Refrigerator-freezers - automatic defrost with bottom-mounted freezer with an automatic icemaker without through-the-door ice service,Automatic,0,0,0,1,0,65.0,29.5,18.7,22.9,550,604.0,,,,0,,,,,2025-05-06,2025-05-07,"United States, Canada",ES_1048137_MSBF18**IM_050720250111334_4954928,0
2631812,Seasons,MSTF14***,",,* Suffix could be from 0 to 9 or A to Z or blank to represent different unit color",194671045849,Top Freezer,3 - Refrigerator-freezers - automatic defrost with top-mounted freezer without an automatic ice maker,Automatic,0,0,0,0,0,60.6,27.6,14.3,17.1,333,372.0,,R-600a,R-600a (GWP:3 | Lower GWP),0,,,,,2023-08-03,2023-08-04,"United States, Canada",ES_1048137_MSTF14***_080420230622786_4322731,1
3998094,Seasons,MSTF16**R,",,* Suffix could be from 0 to 9 or from A to Z or blank to represent different unit color.",840296515969,Top Freezer,3 - Refrigerator-freezers - automatic defrost with top-mounted freezer without an automatic ice maker,Automatic,0,0,0,0,0,67.0,30.0,16.0,18.8,347,385.0,,R-600a,R-600a (GWP:3 | Lower GWP),0,,,,,2025-01-29,2025-02-18,United States,ES_1048137_MSTF16**R_02182025093397_4240572,1
3626863,Seasons,MSTF18***,",,Asterisk * can be replaced by A to Z or 1 to 9 denotes products with features",194671044002,Top Freezer,3 - Refrigerator-freezers - automatic defrost with top-mounted freezer without an automatic ice maker,Automatic,0,0,0,0,0,67.0,33.0,18.0,21.0,362,403.0,,,,0,,,,,2024-09-01,2024-09-12,"United States, Canada",ES_1048137_MSTF18***_090320240111553_2712609,1
2302861,Thermador,T36IT900NP,",T36BT910NS, T36BT920NS,Cosmetic",825225918561,Bottom Freezer,5I-BI - Built-In Refrigerator-freezers - automatic defrost with bottom-mounted freezer with an automatic icemaker without through-the-door ice service,Automatic,0,1,0,1,0,83.7,36.0,19.4,23.6,585,643.0,,,,0,,,,,2017-09-01,2017-08-24,"United States, Canada",ES_0031649_T36IT900NP_08292017124701_70141391,0
2303402,Thermador,T36IT901NP,",,Network Communication",825225947387,Bottom Freezer,5I-BI - Built-In Refrigerator-freezers - automatic defrost with bottom-mounted freezer with an automatic icemaker without through-the-door ice service,Automatic,0,1,0,1,0,83.7,36.0,19.4,23.6,585,643.0,,,,0,,,,,2017-09-01,2017-08-24,"United States, Canada",ES_0031649_T36IT901NP_08292017124701_70141391,0
2365292,Thermador,T36IT905NP,",T36IT903NP, T36BT915NS, T36BT925NS,Cosmetic",825225960522,Bottom Freezer,5I-BI - Built-In Refrigerator-freezers - automatic defrost with bottom-mounted freezer with an automatic icemaker without through-the-door ice service,Automatic,0,1,0,1,0,83.7,36.0,19.4,23.6,579,643.0,,R-600a,R-600a (GWP:3 | Lower GWP),0,,,,,2020-10-01,2020-08-25,"United States, Canada",ES_0031649_T36IT905NP_08312020054816_80044911,0
2344301,Montgomery Ward,FR336-W-B-SSBLACK,"Refrigerator,FR336****,; Refrigerator,FR336-W****,; Refrigerator,FR336-W-B-****,( **** CAN BE ANY ALPHANUMERIC OF A-Z, A-Z OR 0-9 OR BLANK &""-"". BY UP THREE TO EIGHT CHARACTERS.); Refrigerator,FR336-W-B-SS****,; Refrigerator,FR336-W-B-SSRED,",,Compact Refrigerator,11A - Compact All-Refrigerator - manual defrost,Manual,1,0,0,0,1,32.6,18.5,3.2,3.2,193,244.0,,,,0,,,,,2019-07-01,2019-08-09,United States,ES_1120898_FR336-W-B-SSBLACK_08092019150455_8059426,0
4005837,Montgomery Ward,MFR337-BLUE,",MFR337-GRAY,",058465833541;058465833558,Compact Refrigerator,11A - Compact All-Refrigerator - manual defrost,Manual,1,0,0,0,0,33.3,17.8,3.1,3.1,215,243.0,,,,0,,,,,2025-03-18,2025-03-26,United States,ES_1120898_MFR337-BLUE_03192025140516_4665186,0
2397477,Mora,MRB172N6A*E,",,The symbol * in above model number can be placed by A to Z, means difference color of enclosure.",810088361166,Bottom Freezer,5 - Refrigerator-freezers - automatic defrost with bottom-mounted freezer without an automatic ice maker,Automatic,0,0,0,0,0,69.1,31.1,17.2,21.1,453,504.0,,,,0,,0.0,,,2022-05-11,2024-08-23,"United States, Canada",ES_1110877_MRB172N6A*E_061520220752115_4514123,0
2668632,Mora,MRB221N6B*E,",,The symbols * can be replaced by A, B, C to Z, it means the color of enclosure.",810088364617,Bottom Freezer,5I - Refrigerator-freezers - automatic defrost with bottom-mounted freezer with an automatic icemaker without through-the-door ice service,Automatic,0,0,0,1,0,67.9,31.3,22.3,27.5,587,644.0,,,,0,,,,,2023-06-09,2023-09-27,"United States, Canada",ES_1110877_MRB221N6B*E_09272023005228_7362804,0
3436192,Mora,MRF211N6C**,",,The symbols * may be replaced by A, B, C to Z, it means the color of enclosure.",810088360701,Bottom Freezer,5I - Refrigerator-freezers - automatic defrost with bottom-mounted freezer with an automatic icemaker without through-the-door ice service,Automatic,0,0,0,1,0,70.0,36.0,21.2,25.9,573,630.0,,,,0,,,,,2023-06-07,2024-04-09,"United States, Canada",ES_1110877_MRF211N6C**_040920240208182_4946957,0
2396906,Mora,MRF211N6C*E,",,The symbols * maybe replaced by A, B, C to Z, it means the color of enclosure.",810088360701,Bottom Freezer,5I - Refrigerator-freezers - automatic defrost with bottom-mounted freezer with an automatic icemaker without through-the-door ice service,Automatic,0,0,0,1,0,70.0,36.0,21.2,25.9,573,630.0,,,,0,,0.0,,,2022-05-11,2022-05-26,"United States, Canada",ES_1110877_MRF211N6C*E_052620220130555_5260209,0
3706647,Mora,MRF220N6B*E,",,Brand : MORA (The symbols * may be replaced by A, B, C to Z, it means the color of enclosure.)(Compressor options: VFL110CY1, VTH1113YG)",810088364594,Bottom Freezer,5I - Refrigerator-freezers - automatic defrost with bottom-mounted freezer with an automatic icemaker without through-the-door ice service,Automatic,0,0,0,1,0,67.9,31.3,22.1,27.3,585,643.0,,,,0,,,,,2023-02-23,2024-10-21,"United States, Canada",ES_1110877_MRF220N6B*E_102120240149742_6044367,0
3706649,Mora,MRF220N6B*EW,",,Brand : MORA (The symbols * may be replaced by A, B, C to Z, it means the color of enclosure.)(Compressor options: VFL110CY1, VTH1113YG)",810088364600,Bottom Freezer,5I - Refrigerator-freezers - automatic defrost with bottom-mounted freezer with an automatic icemaker without through-the-door ice service,Automatic,0,0,0,1,0,67.9,31.3,22.1,27.3,585,643.0,,,,0,,,,,2023-02-23,2024-10-21,"United States, Canada",ES_1110877_MRF220N6B*EW_102120240150619_2127273,0
4429244,Seasons,MSTF18****,",,*: suffix could be from 1 to 9 or from A to Z or blank to represent different in unit color",194671061733,Top Freezer,3 - Refrigerator-freezers - automatic defrost with top-mounted freezer without an automatic ice maker,Automatic,0,0,0,0,0,66.6,29.7,18.1,22.0,369,411.0,,,,0,,,,,2025-04-15,2025-05-29,"United States, Canada",ES_1048137_MSTF18****_052920250323249_4276988,1
2393852,Seasons,STMR183**#*,",,1st ""*"" Handle Type : A-Z , 2nd ""*"" the Energy : A-Z - First ""#"" means that revision number : 0-9 or none - Third ""*"" means that color : A-Z",,Top Freezer,3 - Refrigerator-freezers - automatic defrost with top-mounted freezer without an automatic ice maker,Automatic,0,0,0,0,0,66.3,29.9,18.3,22.2,370,413.0,,R-600a,R-600a (GWP:3 | Lower GWP),0,,,,,2022-02-25,2022-03-17,United States,ES_1048137_STMR183**#*_031720222342409_4259205,1
4511294,Thor Kitchen,TRF3017BF,",,with compressor VFA090CY1",810172225404,Bottom Freezer,5I - Refrigerator-freezers - automatic defrost with bottom-mounted freezer with an automatic icemaker without through-the-door ice service,Automatic,0,0,0,1,0,70.1,29.9,18.0,22.0,518,596.0,,,,0,,,,,2025-10-10,2025-10-16,"United States, Canada",ES_1140355_TRF3017BF_101620250531191_3240777,0
2835914,Thor Kitchen,XRF3016BBP,",RF3016BBP,",6926697004661;850044461448,Bottom Freezer,5I-BI - Built-In Refrigerator-freezers - automatic defrost with bottom-mounted freezer with an automatic icemaker without through-the-door ice service,Automatic,0,1,0,1,0,83.6,29.8,16.1,19.5,551,604.0,,R-600a,R-600a (GWP:3 | Lower GWP),0,,,,,2023-11-13,2023-12-01,"United States, Canada",ES_1140355_XRF3016BBP_11082023112307_8018609,0
2835913,Thor Kitchen,XRF3619BFP,",RF3619BFP,",6926697004678;850044461455,Bottom Freezer,5I-BI - Built-In Refrigerator-freezers - automatic defrost with bottom-mounted freezer with an automatic icemaker without through-the-door ice service,Automatic,0,1,0,1,0,83.6,35.8,19.7,23.9,589,646.0,,R-600a,R-600a (GWP:3 | Lower GWP),0,,,,,2023-11-13,2023-12-01,"United States, Canada",ES_1140355_XRF3619BFP_11082023112633_4565698,0
4497678,Truarctic,TRBM1830SV,",,with compressor VFA090CY1",,Bottom Freezer,5 - Refrigerator-freezers - automatic defrost with bottom-mounted freezer without an automatic ice maker,Automatic,0,0,0,0,0,70.1,29.9,18.0,22.0,438,512.0,,,,0,,,,,2025-08-20,2025-09-03,Canada,ES_1152481_TRBM1830SV_090320250539776_5553755,0
4497679,Truarctic,TRFD1830SV,",,with compressor VFA090CY1",,Bottom Freezer,5 - Refrigerator-freezers - automatic defrost with bottom-mounted freezer without an automatic ice maker,Automatic,0,0,0,0,0,70.1,29.9,17.7,21.7,435,509.0,,,,0,,,,,2025-08-20,2025-09-03,Canada,ES_1152481_TRFD1830SV_090320250539871_9894009,0
4497353,Truarctic,TRTM2130SV,",,(Without icemaker)",,Top Freezer,3 - Refrigerator-freezers - automatic defrost with top-mounted freezer without an automatic ice maker,Automatic,0,0,0,0,0,66.6,29.5,20.7,25.3,394,438.0,,R-600a,R-600a (GWP:3 | Lower GWP),0,,,,,2025-08-26,2025-08-26,Canada,ES_1152481_TRTM2130SV_082620250104275_9725483,1
3705425,Maxximum,MAXRD24O,",MAXRD24SS,",845035034848;845035034855,Compact Refrigerator,13A - Compact All-Refrigerators - automatic defrost,Automatic,1,0,0,0,0,33.5,23.9,5.5,5.5,256,310.0,,R-600a,R-600a (GWP:3 | Lower GWP),0,,,,,2024-10-09,2024-10-16,"United States, Canada",ES_1131312_MAXRD24O_10092024152357_4266473,0
2402835,Mora,MRF266N6C*E,",,The symbols * maybe replaced by A, B, C to Z, it means the color of enclosure.",810088360626,Bottom Freezer,5I - Refrigerator-freezers - automatic defrost with bottom-mounted freezer with an automatic icemaker without through-the-door ice service,Automatic,0,0,0,1,0,70.0,36.0,26.6,32.7,583,690.0,,,,0,,,,,2023-07-03,2023-09-14,"United States, Canada",ES_1110877_MRF266N6C*E_101120220744452_9928192,0
2395434,Mora,MRM198N6T*E,",,The symbols * maybe replaced by A, B, C to Z, it means the color of enclosure.",810088361562,Bottom Freezer,5A - Refrigerator-freezers - automatic defrost with bottom-mounted freezer with through-the-door ice service,Automatic,0,0,1,1,0,70.3,36.0,19.8,25.5,648,711.0,,,,0,,0.0,,,2022-03-29,2022-05-05,"United States, Canada",ES_1110877_MRM198N6T*E_050420220524863_5289780,0
2635643,Mora,MRM260N6T*E,",,The symbols * maybe replaced by A, B, C to Z, it means the color of enclosure.",810088364662,Bottom Freezer,5A - Refrigerator-freezers - automatic defrost with bottom-mounted freezer with through-the-door ice service,Automatic,0,0,1,1,0,70.3,36.0,25.6,30.9,692,761.0,,,,0,,,,,2023-08-10,2023-08-11,"United States, Canada",ES_1110877_MRM260N6T*E_081120230833514_7945406,0
2635642,Mora,MRM260N6T*EW,",,The symbols * maybe replaced by A, B, C to Z, it means the color of enclosure.",810088364679,Bottom Freezer,5A - Refrigerator-freezers - automatic defrost with bottom-mounted freezer with through-the-door ice service,Automatic,0,0,1,1,0,70.3,36.0,25.6,30.9,692,761.0,,,,0,,,,,2023-08-10,2023-08-11,"United States, Canada",ES_1110877_MRM260N6T*EW_081120230834572_4157815,0
2669173,Newair,NWB060SS00,",NWB060BS00,",810028286641;810028286658,Compact Cooler,3 - Freestanding Compact Cooler,,1,0,0,0,0,34.3,14.8,3.0,3.0,142,179.0,,,,0,,,,,2023-09-11,2023-09-28,"United States, Canada",ES_1142686_NWB060SS00_09272023192403_6880609,0
2373532,None,MCR3U-OHC,",MCR3UHC,",,Compact Refrigerator,13A - Compact All-Refrigerators - automatic defrost,Automatic,1,0,0,0,0,32.4,14.6,3.1,3.1,239,288.0,,,,0,,,,,2021-02-04,2021-02-05,United States,ES_1131312_MCR3U-OHC_02042021144912_9908563,0
4471321,Omnimax,3750-001,",,Icemaker-Ready Product (without icemaker)",822733449037,Bottom Freezer,5 - Refrigerator-freezers - automatic defrost with bottom-mounted freezer without an automatic ice maker,Automatic,0,0,0,0,0,66.6,29.5,18.7,22.9,466,520.0,,,,0,,,,,2025-07-09,2025-07-11,Canada,ES_1136068_3750-001_071120250558343_9841374,0
4471322,Omnimax,3750-001,",,Icemaker-Ready Product (with icemaker)",822733449037,Bottom Freezer,5I - Refrigerator-freezers - automatic defrost with bottom-mounted freezer with an automatic icemaker without through-the-door ice service,Automatic,0,0,0,1,0,66.6,29.5,18.7,22.9,550,604.0,,,,0,,,,,2025-07-10,2025-07-11,Canada,ES_1136068_3750-001_071120250559145_4545818,0
2399492,"True Manufacturing Company, Inc",TUR-24-R-SS-C,",TUR-24-L-OP-C,; ,TUR-24-L-SS-C,; ,TUR-24-R-OP-C,; ,TUR-24BD-L-OP-C,; ,TUR-24BD-L-SS-C,; ,TUR-24BD-R-OP-C,; ,TUR-24BD-R-SS-C,; ,TUR-24DD-L-OP-C,; ,TUR-24DD-L-SS-C,; ,TUR-24DD-R-OP-C,; ,TUR-24DD-R-SS-C,",,Compact Refrigerator,13A - Compact All-Refrigerators - automatic defrost,Automatic,1,0,0,0,1,34.0,24.0,5.6,5.6,279,311.0,,R-600a,R-600a (GWP:3 | Lower GWP),0,,0.0,,0.0,2022-07-27,2022-08-03,"United States, Canada",ES_3320_TUR-24-R-SS-C_07282022081252_3339654,0
2667939,True Refrigeration,TUR-24-R-SS-C,",TBC-24-L-OG-C,; ,TBC-24-L-OP-C,; ,TBC-24-L-SG-C,; ,TBC-24-R-OG-C,; ,TBC-24-R-OP-C,; ,TBC-24-R-SG-C,; ,TUR-24-L-OG-C,; ,TUR-24-L-OP-C,; ,TUR-24-L-SG-C,; ,TUR-24-L-SS-C,; ,TUR-24-R-OG-C,; ,TUR-24-R-OP-C,; ,TUR-24-R-SG-C,",810186210427;810186210434;810186210441;810186210458;810186210465;810186210472;810186210489;810186210496;810186210663;810186210670;810186210687;810186210694;810186210700;810186210717,Compact Refrigerator,13A - Compact All-Refrigerators - automatic defrost,Automatic,1,0,0,0,1,34.3,23.9,5.6,5.6,279,311.0,,R-600a,R-600a (GWP:3 | Lower GWP),0,,0.0,,0.0,2023-09-15,2023-09-15,"United States, Canada",ES_3320_TUR-24-*-*G-C_09152023153047_4166375,0
4049643,Maytag,MRMF5436TZ,",,Brand Name: Maytag",,Bottom Freezer,5A - Refrigerator-freezers - automatic defrost with bottom-mounted freezer with through-the-door ice service,Automatic,0,0,1,1,0,71.0,39.0,28.9,35.7,733,806.0,,,,0,,,,,2025-05-19,2025-05-21,"United States, Canada",ES_22856_MRMF5436TZ_052120250206387_1159064,0
2394563,Omnimax,3750-247,",,Icemaker-Ready Product (without icemaker).",822733388374,Bottom Freezer,5 - Refrigerator-freezers - automatic defrost with bottom-mounted freezer without an automatic ice maker,Automatic,0,0,0,0,0,66.6,29.5,18.7,22.9,466,520.0,,,,0,,,,,2024-11-07,2024-11-18,Canada,ES_1136068_3750-247_041120220543261_8718861,0
3798802,Omnimax,3750-247,",,Icemaker-Ready Product (with icemaker).",822733388374,Bottom Freezer,5I - Refrigerator-freezers - automatic defrost with bottom-mounted freezer with an automatic icemaker without through-the-door ice service,Automatic,0,0,0,1,0,66.6,29.5,18.7,22.9,550,604.0,,,,0,,,,,2024-11-08,2024-11-18,Canada,ES_1136068_3750-247_111820240155493_1207996,0
2346534,Smeg,FAB28UL*#,",FAB28UR*#,",812895022834;812895022841;812895022858;812895022865;812895022872;812895022889;812895022896;812895022902;812895022919;812895022926;812895022933;812895022940;812895022957;812895022964;812895022971;812895022988;812895022995;812895023008;812895023015;812895023022;812895023039;812895023046;812895023053;812895023060;812895023077;812895023084;812895023091;812895023107;812895023114;812895023121;812895023671;812895024180,Freezerless and Single Door,1 - Refrigerator-Freezer and Refrigerator other than All-Refrigerator - manual defrost,Manual,0,0,0,0,1,59.1,23.6,9.5,10.0,230,305.0,,R-600a,R-600a (GWP:3 | Lower GWP),0,,0.0,,0.0,2019-08-08,2019-09-16,"United States, Canada",ES_92281_FAB28UL*#_09162019092618_1184045,0
2342917,Smeg,FAB32UL*#,",FAB32UR*#,",,Bottom Freezer,5 - Refrigerator-freezers - automatic defrost with bottom-mounted freezer without an automatic ice maker,Automatic,0,0,0,0,1,78.0,23.7,12.0,14.6,378,446.0,,,,0,,,,,2019-03-05,2019-08-02,"United States, Canada",ES_92281_FAB32UL*#; FAB32UR*#_05282019101133_103265,0
2351257,Smeg,FAB5UL*#,",FAB5UR*#,",812895024173;812895024203;812895024210;812895024227;812895024234;812895024241;812895024258;812895024265;812895024272;812895024289;812895024296;812895024302;812895024319,Compact Refrigerator,13A - Compact All-Refrigerators - automatic defrost,Automatic,1,0,0,0,0,29.1,15.9,1.2,1.2,210,270.0,,,,0,,,,,2020-01-01,2019-12-06,"United States, Canada",ES_92281_FAB5UL*#_12062019145935_3794366,0
2265096,Microfridge,3.0RMF4RHS,",,Unit with easy grip handle",67638006316,Compact Refrigerator,12 - Compact Refrigerator-Freezer - partial automatic defrost,Automatic,1,0,0,0,0,33.3,18.6,3.0,3.6,319,357.0,,,,0,,0.0,,,2016-06-01,2016-04-15,"United States, Canada",ES_0092273_3.0RMF4RHS_04212016124449_70074945,0
2265092,Microfridge,3.0RMF4RHW,",,Unit with easy grip handle",67638006385,Compact Refrigerator,12 - Compact Refrigerator-Freezer - partial automatic defrost,Automatic,1,0,0,0,0,33.3,18.6,3.0,3.6,319,357.0,,,,0,,0.0,,,2016-06-01,2016-04-15,"United States, Canada",ES_0092273_3.0RMF4RHW_04212016124449_70074945,0
2265106,Microfridge,4.8LMF4RHW,",,Unit with easy grip handle",67638006415,Compact Refrigerator,13 - Compact refrigerator-freezers - automatic defrost with top-mounted freezer,Automatic,1,0,0,0,0,46.0,18.6,4.8,5.8,346,408.0,,,,0,,0.0,,,2016-06-01,2016-04-15,"United States, Canada",ES_0092273_4.8LMF4RHW_04212016124449_70074945,0
2265105,Microfridge,4.8RMF4RHW,",,Unit with easy grip handle",67638006408,Compact Refrigerator,13 - Compact refrigerator-freezers - automatic defrost with top-mounted freezer,Automatic,1,0,0,0,0,46.0,18.6,4.8,5.8,346,408.0,,,,0,,0.0,,,2016-06-01,2016-04-15,"United States, Canada",ES_0092273_4.8RMF4RHW_04212016124449_70074945,0
2337423,Unique,UGP-215L C AC,",UGP-215L 1 W AC,; ,UGP-215L AO AC,; ,UGP-215L B AC,; ,UGP-215L BP AC,; ,UGP-215L LB AC,; ,UGP-215L LG AC,; ,UGP-215L R AC,; ,UGP-215L RB AC,; ,UGP-215L SC AC,; ,UGP-215L SP AC,; ,UGP-215L T AC,; ,UGP-215L W AC,; ,UGP-215L WR AC,",,Compact Refrigerator,11 - Compact Refrigerator and Refrigerator-Freezer other than All-Refrigerator - manual defrost,Manual,1,0,0,0,0,63.8,21.7,7.0,8.4,295,328.0,,,,0,,,,,2019-05-01,2019-04-28,"United States, Canada",ES_1142812_UGP-215L C AC_04192019134448_7409479,0
2391577,Unique,UGP-230L LG AC,",UGP-230L AO AC,; ,UGP-230L B AC,; ,UGP-230L BP AC,; ,UGP-230L LB AC,; ,UGP-230L R AC,; ,UGP-230L RB AC,; ,UGP-230L SC AC,; ,UGP-230L SP AC,; ,UGP-230L T AC,; ,UGP-230L W AC,",680309002532;680309002549;680309002556;680309002563;680309002570;680309002662;680309002679;680309002686;680309002693;680309002709;680309002716,Freezerless and Single Door,1 - Refrigerator-Freezer and Refrigerator other than All-Refrigerator - manual defrost,Manual,0,0,0,0,0,56.7,20.9,7.6,8.2,261,291.0,,R-600a,R-600a (GWP:3 | Lower GWP),0,,,,,2022-01-01,2022-01-21,"United States, Canada",ES_1142812_UGP-230L LG AC_01182022134236_3920251,0
2337424,Unique,UGP-275L R AC,",UGP-275L 1 W AC,; ,UGP-275L AO AC,; ,UGP-275L B AC,; ,UGP-275L BP AC,; ,UGP-275L C AC,; ,UGP-275L LB AC,; ,UGP-275L LG AC,; ,UGP-275L RB AC,; ,UGP-275L SC AC,; ,UGP-275L SP AC,; ,UGP-275L T AC,; ,UGP-275L W AC,; ,UGP-275L WR AC,; ,UGP-278L P B,; ,UGP-278L P S/S,; ,UGP-278L P W,",680309001498;680309001504;680309001511;680309001528;680309001535;680309001771;680309001788;680309001955;680309002587;680309002594;680309002600;680309002723;680309002730;680309002747;680309002754;680309002761;680309002772,Freezerless and Single Door,1 - Refrigerator-Freezer and Refrigerator other than All-Refrigerator - manual defrost,Manual,0,0,0,0,0,71.3,21.7,8.7,10.4,277,308.0,,R-600a,R-600a (GWP:3 | Lower GWP),0,,,,,2019-05-01,2019-04-28,"United States, Canada",ES_1142812_UGP-275L R AC_04192019095046_564996,0
2384632,Unique,UGP-330L W AC,",UGP-328L P B,; ,UGP-328L P S/S,; ,UGP-328L P W,; ,UGP-330L AO AC,; ,UGP-330L B AC,; ,UGP-330L BP AC,; ,UGP-330L LB AC,; ,UGP-330L LG AC,; ,UGP-330L R AC,; ,UGP-330L RB AC,; ,UGP-330L SC AC,; ,UGP-330L SP AC,; ,UGP-330L T AC,",680309001870;680309001887;680309002037;680309002419;680309002426;680309002433;680309002440;680309002457;680309002464;680309002471;680309002488;680309002495;680309002501;680309002518,Bottom Freezer,5 - Refrigerator-freezers - automatic defrost with bottom-mounted freezer without an automatic ice maker,Automatic,0,0,0,0,0,74.6,23.6,11.7,14.2,390,443.0,,R-600a,R-600a (GWP:3 | Lower GWP),0,,,,,2021-08-10,2021-09-23,"United States, Canada",ES_1142812_UGP-330L W AC_07262021111120_997278,0
2401509,Midea,HD-774**,",,* are additional numbers and, or letters to indicate the color and/or manufacturer control number",555555562607;555555562638,Top Freezer,3 - Refrigerator-freezers - automatic defrost with top-mounted freezer without an automatic ice maker,Automatic,0,0,0,0,0,67.0,33.0,21.0,25.6,394,440.0,,,,0,,,,,2022-09-15,2022-09-15,"United States, Canada",ES_1030337_HD-774**_091520220150714_6302760,1
2398117,Premium Levella,PRN18*****,",,irst three*** means color code, the fourth* means supplier code, the fifth* means color: W for white, B for black, S for silver",715688087358,Top Freezer,3 - Refrigerator-freezers - automatic defrost with top-mounted freezer without an automatic ice maker,Automatic,0,0,0,0,0,66.4,29.5,18.2,21.4,365,406.0,,R-600a,R-600a (GWP:3 | Lower GWP),0,,,,,2022-05-20,2022-07-01,United States,ES_1117600_PRN18*****_070120220526778_6629681,1
2398118,Premium Levella,PRN20*****,",,irst three*** means color code, the fourth* means supplier code, the fifth* means color: W for white, B for black, S for silver",715688087396,Top Freezer,3 - Refrigerator-freezers - automatic defrost with top-mounted freezer without an automatic ice maker,Automatic,0,0,0,0,0,66.4,32.7,20.5,24.2,385,429.0,,R-600a,R-600a (GWP:3 | Lower GWP),0,,,,,2022-05-20,2022-07-01,United States,ES_1117600_PRN20*****_070120220526778_2188134,1
2398119,Premium Levella,PRNIM18*****,",,First three*** means color code, the fourth* means supplier code, the fifth* means color: W for white, B for black, S for silver",715688087365,Top Freezer,3I - Refrigerator-freezer - automatic defrost with op-mounted freezer with automatic icemaker without through-the-door ice,Automatic,0,0,0,1,0,66.4,29.5,18.1,21.3,448,490.0,,R-600a,R-600a (GWP:3 | Lower GWP),0,,,,,2022-05-20,2022-07-01,United States,ES_1117600_PRNIM18*****_070120220543669_1515547,1
2398120,Premium Levella,PRNIM20*****,",,First three*** means color code, the fourth* means supplier code, the fifth* means color: W for white, B for black, S for silver",715688087402,Top Freezer,3I - Refrigerator-freezer - automatic defrost with op-mounted freezer with automatic icemaker without through-the-door ice,Automatic,0,0,0,1,0,66.4,32.7,20.4,24.1,469,512.0,,R-600a,R-600a (GWP:3 | Lower GWP),0,,,,,2022-05-20,2022-07-01,United States,ES_1117600_PRNIM20*****_070120220543645_6942610,1
2404477,Rca,EFR107-B-BLACK,"Refrigerator,EFR100-B-BLACK,",58465806743,Compact Refrigerator,11A - Compact All-Refrigerator - manual defrost,Manual,1,0,0,0,1,19.0,19.0,1.6,1.6,206,232.0,,R-600a,R-600a (GWP:3 | Lower GWP),0,,,,,2022-09-29,2022-11-10,United States,ES_1120898_EFR107-B-BLACK_11142022122539_2859821,0
2383931,Summit,ADRD15,",ADRD15OS,; ,FF152D,; ,SPR2D15,",761101080215;761101080222;761101084268;761101084275,Compact Refrigerator,13A - Compact All-Refrigerators - automatic defrost,Automatic,1,0,0,0,0,31.9,15.0,2.8,2.8,256,285.0,,,,0,,,,,2021-10-01,2021-08-31,"United States, Canada",ES_92282_ADRD15_08232021133840_5059778,0
2349819,Summit,ADRD24,",ADA2DOS,; ,ADRD25OS,; ,LADA2D24,; ,SP6DS24ADA,; ,SPR2DOSADA,",761101064949;761101084381;761101084398;761101084404;761101084411;761101084428,Compact Refrigerator,13A - Compact All-Refrigerators - automatic defrost,Automatic,1,0,0,0,0,31.9,23.4,4.8,4.8,262,303.0,,,,0,,,,,2019-11-05,2019-11-15,United States,ES_92282_ADRD24_11042019153249_3937951,0
4437602,Upstreman,BC-396,",UF14,",860013929725,Freezerless and Single Door,3A - All-Refrigerators - automatic defrost,Automatic,0,0,0,0,0,62.0,27.9,14.0,14.0,269,301.0,,,,0,,,,,2025-05-20,2025-06-18,"United States, Canada",ES_1144488_BC-396_06172025093333_8700219,0
2376212,Midea,MDRT663FGF*****,",,* are additional numbers and/or letters to indicate the color and/or manufacturer control number",,Top Freezer,3 - Refrigerator-freezers - automatic defrost with top-mounted freezer without an automatic ice maker,Automatic,0,0,0,0,0,67.0,33.0,18.0,21.0,362,403.0,,,,0,,,,,2021-04-15,2021-04-19,"United States, Canada",ES_1030337_MDRT663FGF*****_041420210418673_7599153,1
2470909,Midea,MERM31D2A**,",,* Suffix could be from 0 to 9 or from A to Z or blank, can be number to represent different unit color",840296505311,Compact Refrigerator,12 - Compact Refrigerator-Freezer - partial automatic defrost,Automatic,1,0,0,0,0,33.0,18.5,3.1,3.8,270,358.0,,R-600a,R-600a (GWP:3 | Lower GWP),0,,,,,2023-04-26,2023-04-28,United States,ES_1030337_MERM31D2A**_04282023015009_6679514,0
2470908,Midea,MERM33S1A**,",,* Suffix could be from 0 to 9 or from A to Z or blank, can be number to represent different unit color",840296505298,Compact Refrigerator,11A - Compact All-Refrigerator - manual defrost,Manual,1,0,0,0,0,33.9,18.5,3.3,3.3,220,245.0,,R-600a,R-600a (GWP:3 | Lower GWP),0,,,,,2023-04-26,2023-04-28,United States,ES_1030337_MERM33S1A**_042820230147810_9918524,0
2384685,Rca,EFR180,"Refrigerator,EFR100-B-BLACK,; Refrigerator,EFR100-B-BLACK-COM,; Refrigerator,EFR107-B-BLACK,; Refrigerator,EFR107-B-BLACK-COM,; Refrigerator,EFR115-B-BLUE-COM,; Refrigerator,EFR115-B-PURPLE,; Refrigerator,EFR115-B-PURPLE-COM,; Refrigerator,EFR115-B-RED,; Refrigerator,EFR115-B-RED-COM,; Refrigerator,EFR115-B-WHITE,; Refrigerator,EFR115-B-WHITE-COM,; Refrigerator,EFR176-B-BLACK-COM,; Refrigerator,EFR176-B-BLUE-COM,; Refrigerator,EFR176-B-CORAL-COM,; Refrigerator,EFR176-B-MOONBM-COM,; Refrigerator,EFR176-B-RED-COM,; Refrigerator,EFR177-B-BLACK,; Refrigerator,EFR177-B-BLACK-COM,; Refrigerator,EFR177-B-WHITE,; Refrigerator,EFR177-B-WHITE-COM,; Refrigerator,EFR180-B,; Refrigerator,EFR180-B-COM,; Refrigerator,EFR182,; Refrigerator,RFR176,; Refrigerator,RFR176-B-BLACK,; Refrigerator,RFR176-B-BLACK-COM,; Refrigerator,RFR176-B-BLUE,; Refrigerator,RFR176-B-BLUE-COM,; Refrigerator,RFR176-B-CORAL-COM,; Refrigerator,RFR176-B-MOONBM-COM,; Refrigerator,RFR176-B-ORANGE,; Refrigerator,RFR176-B-ORANGE-COM,; Refrigerator,RFR176-B-PURPLE,; Refrigerator,RFR176-B-PURPLE-COM,; Refrigerator,RFR176-B-RED,; Refrigerator,RFR176-B-RED-COM,; Refrigerator,RFR176-B-WHITE,",,Compact Refrigerator,11A - Compact All-Refrigerator - manual defrost,Manual,1,0,0,0,1,19.0,19.0,1.6,1.6,158,232.0,,,,0,,,,,2020-06-10,2020-06-16,United States,ES_1120898_EFR180_06242020113352_5180192,1
2331905,Rca,EFR331,"Refrigerator,,; Refrigerator,EFR331-BLACK,; Refrigerator,EFR331-BLACK-COM,; Refrigerator,EFR331-WHITE-COM,; Refrigerator,EFR372,; Refrigerator,EFR372-BLACK-COM,; Refrigerator,EFR372-BLUE-COM,; Refrigerator,EFR372-PINK-COM,; Refrigerator,EFR372-WHITE-COM,; Refrigerator,EFR376,; Refrigerator,EFR376-B-BLACK,; Refrigerator,EFR376-B-BLUE-COM,; Refrigerator,EFR376-B-RED-COM,; Refrigerator,EFR376-BLACK,; Refrigerator,EFR376-BLACK-COM,; Refrigerator,EFR376-BLUE-COM,; Refrigerator,EFR376-PINK-COM,; Refrigerator,EFR376-RED-COM,; Refrigerator,EFR376-WHITE-COM,; Refrigerator,RFR320,; Refrigerator,RFR320-B-BLACK-COM,; Refrigerator,RFR320-B-LIME-COM,; Refrigerator,RFR320-B-ORANGE-COM,; Refrigerator,RFR320-B-WHITE-COM,; Refrigerator,RFR321,; Refrigerator,RFR321-B-STAINLESS-COM,; Refrigerator,RFR321-D-PURPLE,; Refrigerator,RFR321-STAINLESS,; Refrigerator,RFR322,; Refrigerator,RFR322-E-COM,; Refrigerator,RFR376,; Refrigerator,RFR376-B-BLUE,; Refrigerator,RFR376-B-RED,",,Compact Refrigerator,11A - Compact All-Refrigerator - manual defrost,Manual,1,0,0,0,1,32.6,18.5,3.2,3.2,197,244.0,,,,0,,,,,2018-09-13,2018-12-20,United States,ES_1120898_EFR331_12212018104712_7137188,0
2404502,Rca,RFR115-C-BLACK,"Refrigerator,RFR160-D-PURPLE,",58465793890,Compact Refrigerator,11A - Compact All-Refrigerator - manual defrost,Manual,1,0,0,0,1,19.0,19.0,1.6,1.6,206,232.0,,R-600a,R-600a (GWP:3 | Lower GWP),0,,,,,2022-09-29,2022-11-10,United States,ES_1120898_RFR115-C-BLACK_11142022122539_3363961,0
2404501,Rca,RFR115-D-BLUE,"Refrigerator,RFR115-C-BLACK,",58465792190,Compact Refrigerator,11A - Compact All-Refrigerator - manual defrost,Manual,1,0,0,0,1,19.0,19.0,1.6,1.6,206,232.0,,R-600a,R-600a (GWP:3 | Lower GWP),0,,,,,2022-09-29,2022-11-10,United States,ES_1120898_RFR115-D-BLUE_11142022122539_7627035,0
2404503,Rca,RFR160-D-PURPLE,"Refrigerator,RFR160-RED,",58465794170,Compact Refrigerator,11A - Compact All-Refrigerator - manual defrost,Manual,1,0,0,0,1,19.0,19.0,1.6,1.6,206,232.0,,R-600a,R-600a (GWP:3 | Lower GWP),0,,,,,2022-09-29,2022-11-10,United States,ES_1120898_RFR160-D-PURPLE_11142022122539_7455297,0
2404471,Rca,RFR160-RED,"Refrigerator,HBF1600-CORAL,",58465794187,Compact Refrigerator,11A - Compact All-Refrigerator - manual defrost,Manual,1,0,0,0,1,19.0,19.0,1.6,1.6,206,232.0,,R-600a,R-600a (GWP:3 | Lower GWP),0,,,,,2022-09-29,2022-11-10,United States,ES_1120898_RFR160-RED_11142022122539_8884090,0
2404499,Rca,RFR176-B-BLACK,"Refrigerator,RFR176-B-RED,",58465814939,Compact Refrigerator,11A - Compact All-Refrigerator - manual defrost,Manual,1,0,0,0,1,19.0,19.0,1.6,1.6,206,232.0,,R-600a,R-600a (GWP:3 | Lower GWP),0,,,,,2022-09-29,2022-11-10,United States,ES_1120898_RFR176-B-BLACK_11142022122539_2195758,0
2404500,Rca,RFR176-B-RED,"Refrigerator,RFR115-D-BLUE,",58465814946,Compact Refrigerator,11A - Compact All-Refrigerator - manual defrost,Manual,1,0,0,0,1,19.0,19.0,1.6,1.6,206,232.0,,R-600a,R-600a (GWP:3 | Lower GWP),0,,,,,2022-09-29,2022-11-10,United States,ES_1120898_RFR176-B-RED_11142022122539_9886318,0
2331904,Rca,RFR283-B-BLACK-COM,"REFRIGERATOR,,; REFRIGERATOR,RFR283-B-STAINLESS-COM,; REFRIGERATOR,RFR283-B-WHITE-COM,",,Compact Refrigerator,11A - Compact All-Refrigerator - manual defrost,Manual,1,0,0,0,1,26.3,18.5,2.6,2.6,209,239.0,,,,0,,,,,2018-09-10,2018-12-20,United States,ES_1120898_RFR283-B-BLACK-COM_12212018103552_7924306,0
2508144,Summit,CT66BK2SS,",AL650LW,; ,AL650W,; ,AL652BK,; ,BRF611WH*,; ,BRF611WHADA*,; ,BRF631BK*,; ,BRF631BKADA*,; ,CT661W,; ,CT661WADA,; ,CT663BK,; ,CT663BKADA,; ,CT66BK,; ,CT66BK2SSADA,; ,CT66BK2SSIFADA,; ,CT66BK2SSRS,; ,CT66BK2SSRSIF,; ,CT66BKADA,; ,CT66LW,; ,CT66LWADA,; ,CT66W,; ,CT66WADA,",761101067438;761101067445;761101067452;761101067490;761101067506;761101068206;761101068220;761101068244;761101068275;761101068497;761101068732;761101068756;761101068794;761101088785;761101103327;761101103334;761101103341;761101103358;761101103785;761101103792;761101103808;761101103815,Compact Refrigerator,12 - Compact Refrigerator-Freezer - partial automatic defrost,Automatic,1,0,0,0,0,32.3,23.5,5.6,5.6,330,369.0,,R-600a,R-600a (GWP:3 | Lower GWP),0,,0.0,,0.0,2023-05-25,2023-06-07,"United States, Canada",ES_92282_CT66BK2SS_06012023141947_6483575,0
3543540,Summit,CTR18**,",,* Suffix could be from 0 to 9 or A to Z or blank to represent different unit color)",761101067155,Top Freezer,3 - Refrigerator-freezers - automatic defrost with top-mounted freezer without an automatic ice maker,Automatic,0,0,0,0,0,67.0,33.0,18.0,21.0,362,403.0,,R-600a,R-600a (GWP:3 | Lower GWP),0,,,,,2024-06-12,2024-06-18,"United States, Canada",ES_92282_CTR18**_061820240318764_7251422,1
4470633,Upstreman,CR26-***,",,(The symbols * means 0-9, A-Z, a-z, - or blank, for market purpose only, all models are identical except the model number or color.)",860013929770,Compact Refrigerator,13A - Compact All-Refrigerators - automatic defrost,Automatic,1,0,0,0,0,29.6,20.3,2.5,2.5,250,282.0,,,,0,,,,,2025-07-01,2025-07-09,United States,ES_1144488_CR26-***_070920250750594_8472065,0
4470634,Upstreman,CR32-***,",,(The symbols * means 0-9, A-Z, a-z, - or blank, for market purpose only, all models are identical except the model number or color.)",860013929763,Compact Refrigerator,13A - Compact All-Refrigerators - automatic defrost,Automatic,1,0,0,0,0,35.2,20.3,3.2,3.2,258,289.0,,,,0,,,,,2025-07-01,2025-07-09,United States,ES_1144488_CR32-***_070920250750479_8199250,0
3892691,Midea,MRB12B1***,",,Asterisk * can be replaced by A to Z or 1 to 9 denotes products with features, which do not have an effect on energy performance",687636009500,Bottom Freezer,5 - Refrigerator-freezers - automatic defrost with bottom-mounted freezer without an automatic ice maker,Automatic,0,0,0,0,0,67.9,23.4,11.5,13.9,395,440.0,,R-600a,R-600a (GWP:3 | Lower GWP),0,,,,,2025-01-01,2025-01-10,Canada,ES_1129046_MRB12B1***_011020250149456_8332090,0
3627071,Midea,MRB19B7***,",,Icemaker-Ready Product (without icemaker).The symbols *, maybe replaced by A to Z, it means the color of enclosure.",,Bottom Freezer,5 - Refrigerator-freezers - automatic defrost with bottom-mounted freezer without an automatic ice maker,Automatic,0,0,0,0,0,66.6,29.5,18.7,22.9,466,520.0,,,,0,,,,,2024-09-04,2024-09-06,"United States, Canada",ES_1030337_MRB19B7***_09062024025519_2165044,0
3815220,Midea,MRB19B7***,",,Icemaker-Ready Product (with icemaker).The symbols *, maybe replaced by A to Z, it means the color of enclosure.",,Bottom Freezer,5I - Refrigerator-freezers - automatic defrost with bottom-mounted freezer with an automatic icemaker without through-the-door ice service,Automatic,0,0,0,1,0,66.6,29.5,18.7,22.9,550,604.0,,,,0,,,,,2024-09-04,2024-09-06,"United States, Canada",ES_1030337_MRB19B7***_112820240357533_2572239,0
3891935,Midea,MRB19B7A**,",,* Suffix could be from 0 to 9 or A to Z or blank to represent different unit color",810040942761,Bottom Freezer,5 - Refrigerator-freezers - automatic defrost with bottom-mounted freezer without an automatic ice maker,Automatic,0,0,0,0,0,65.0,29.5,18.7,18.7,466,482.0,,R-600a,R-600a (GWP:3 | Lower GWP),0,,,,,2024-12-18,2024-12-23,"United States, Canada",ES_1030337_MRB19B7A**_122320240640441_3669353,0
3942572,Midea,MRB23D5***,",,* can be replaced by A to Z or 1 to 9 denotes products with features, which do not have an effect on energy performance",840296514894,Bottom Freezer,5I - Refrigerator-freezers - automatic defrost with bottom-mounted freezer with an automatic icemaker without through-the-door ice service,Automatic,0,0,0,1,0,67.3,32.9,22.8,28.4,622,652.0,,,,1,Wi-Fi,1.0,OpenADR,1.0,2025-01-10,2025-01-15,"United States, Canada",ES_1030337_MRB23D5***_011520250245730_2744085,0
2561392,Midea,MRB49B3A**,",,Asterisk  *  denotes products with features, which can be any capital letter from A-Z or 0-9, it does not have an effect on energy performance",,Compact Refrigerator,12 - Compact Refrigerator-Freezer - partial automatic defrost,Automatic,1,0,0,0,0,47.9,19.7,4.9,6.1,335,372.0,,,,0,,,,,2023-07-11,2023-07-13,United States,ES_1030337_MRB49B3A**_071320230305324_9672083,0
2561401,Midea,MRC35B3A**,",,Asterisk  *  denotes products with features, which can be any capital letter from A-Z or 0-9, it does not have an effect on energy performance",,Chest Freezer,18 - Compact chest freezers,Manual,1,0,0,0,0,33.5,21.5,3.5,6.2,174,194.0,,,,0,,,,,2023-07-11,2023-07-13,Canada,ES_1030337_MRC35B3A**_071320230305511_7704931,0
4008633,Midea,MRF18B4A**,",,*: Suffix could be from 0 to 9 or A to Z or blank to represent different unit color",687636009951,Bottom Freezer,5 - Refrigerator-freezers - automatic defrost with bottom-mounted freezer without an automatic ice maker,Automatic,0,0,0,0,0,66.6,29.5,18.4,18.4,465,480.0,,R-600a,R-600a (GWP:3 | Lower GWP),0,,,,,2025-04-02,2025-04-03,"United States, Canada",ES_1030337_MRF18B4A**_040220251023856_4153315,0
3998761,Midea,MRF23I5***,",,* can be replaced by A to Z or 1 to 9 denotes products with features, which do not have an effect on energy performance",840296514900,Bottom Freezer,5I - Refrigerator-freezers - automatic defrost with bottom-mounted freezer with an automatic icemaker without through-the-door ice service,Automatic,0,0,0,1,0,67.3,32.9,22.6,28.1,622,650.0,,,,1,Wi-Fi,1.0,OpenADR,1.0,2025-02-20,2025-02-26,"United States, Canada",ES_1030337_MRF23I5***_022620250857840_2540188,0
4005948,Midea,MRF23I7***,",,* can be replaced by A to Z or 1 to 9 denotes products with features, which do not have an effect on energy performance",840296516096,Bottom Freezer,5I - Refrigerator-freezers - automatic defrost with bottom-mounted freezer with an automatic icemaker without through-the-door ice service,Automatic,0,0,0,1,0,67.3,32.9,22.6,28.1,622,650.0,,,,1,Wi-Fi,1.0,OpenADR,1.0,2025-03-25,2025-03-28,"United States, Canada",ES_1030337_MRF23I7***_032820250342451_4541800,0
2397268,Unique,UGP-510L W AC,",UGP-510L B AC,; ,UGP-510L LG AC,; ,UGP-510L T AC,",680309002853;680309002860;680309002877;680309002884,Bottom Freezer,5I - Refrigerator-freezers - automatic defrost with bottom-mounted freezer with an automatic icemaker without through-the-door ice service,Automatic,0,0,0,1,0,71.8,30.0,17.7,21.7,512,593.0,,R-600a,R-600a (GWP:3 | Lower GWP),0,,,,,2022-05-26,2022-06-07,"United States, Canada",ES_1142812_UGP-510L W AC_05182022161810_9757196,0
2835911,Unique,UGP-595L W AC,",UGP-595L B AC,; ,UGP-595L LG AC,; ,UGP-595L T AC,",680309003140;680309003157;680309003164;680309003171,Bottom Freezer,5I - Refrigerator-freezers - automatic defrost with bottom-mounted freezer with an automatic icemaker without through-the-door ice service,Automatic,0,0,0,1,0,71.9,35.7,21.4,26.1,541,632.0,,R-600a,R-600a (GWP:3 | Lower GWP),0,,,,,2023-11-23,2023-12-01,"United States, Canada",ES_1142812_UGP-595L W AC_11302023101922_9765436,0
3543568,Midea,MRF29D2***,",,The symbols * in model number, may be replaced by A, B, C to Z, it means the color of enclosure.",687636009968,Bottom Freezer,5A - Refrigerator-freezers - automatic defrost with bottom-mounted freezer with through-the-door ice service,Automatic,0,0,1,1,0,69.9,36.1,29.3,37.1,782,819.0,,R-600a,R-600a (GWP:3 | Lower GWP),1,Wi-Fi,,OpenADR,1.0,2024-06-18,2024-06-19,Canada,ES_1129046_MRF29D2***_061920240603158_1856702,0
3845028,Midea,MRF29D9***,",,The symbols * may be replaced by A, B, C to Z, it means the color of enclosure.",,Bottom Freezer,5A - Refrigerator-freezers - automatic defrost with bottom-mounted freezer with through-the-door ice service,Automatic,0,0,1,1,0,69.9,35.8,28.9,36.8,743,816.0,,,,0,,,,,2024-12-02,2024-12-05,"United States, Canada",ES_1030337_MRF29D9***_120520240514659_5902844,0
2300414,Rca,RFR465,"Refrigerator,RFR440-C-BLACK,; Refrigerator,RFR440-C-BLUE,; Refrigerator,RFR440-C-GREEN,; Refrigerator,RFR440-C-RED,; Refrigerator,RFR440-C-WHITE,; Refrigerator,RFR441-B,",,Compact Refrigerator,11A - Compact All-Refrigerator - manual defrost,Manual,1,0,0,0,1,32.1,20.1,4.7,4.7,224,256.0,,,,0,,0.0,,,2016-09-19,2017-07-21,United States,ES_1120898_RFR465_07212017140918_5428655,0
2353989,Summit,FF195,",BAR197,; ,BAR198S,; ,BCR199,; ,BCR19S,; ,SPR196OS,",761101065434,Compact Refrigerator,13A - Compact All-Refrigerators - automatic defrost,Automatic,1,0,0,0,0,28.0,18.9,3.1,3.1,259,288.0,,,,0,,,,,2020-01-12,2020-01-22,"United States, Canada",ES_92282_FF195_01172020220522_1562616,0
2508142,Summit,FF6BK2SS,",BAR611WH*,; ,BAR611WHADA*,; ,BAR631BK*,; ,BAR631BKADA*,; ,FF61W,; ,FF61WADA,; ,FF63BK,; ,FF63BKADA,; ,FF6BK,; ,FF6BK2SSADA,; ,FF6BK2SSIFADA,; ,FF6BK2SSRS,; ,FF6BK2SSRSIF,; ,FF6BKADA,; ,FF6LW,; ,FF6LWADA,; ,FF6W,; ,FF6WADA,",761101067377;761101067384;761101067391;761101067476;761101067483;761101069166;761101069753;761101069890;761101069906;761101070322;761101088792;761101103211;761101103228;761101103235;761101103242;761101103822;761101103839;761101103846;761101103853,Compact Refrigerator,13A - Compact All-Refrigerators - automatic defrost,Automatic,1,0,0,0,0,32.3,23.5,5.8,5.8,280,312.0,,R-600a,R-600a (GWP:3 | Lower GWP),0,,0.0,,0.0,2023-05-25,2023-06-07,"United States, Canada",ES_92282_FF6BK2SS_05312023075456_6430627,0
2508143,Summit,FF708BLSS,",AL750W,; ,AL751WL,; ,AL752BK,; ,FF708BLSSADA,; ,FF708BLSSIFADA,; ,FF708BLSSRS,; ,FF708BLSSRSIF,; ,FF7BK,; ,FF7BKADA,; ,FF7LBLK,; ,FF7LBLKADA,; ,FF7LW,; ,FF7LWADA,; ,FF7W,; ,FF7WADA,",761101067407;761101067414;761101067421;761101067469;761101069333;761101071619;761101071688;761101072036;761101072043;761101072630;761101072647;761101088808;761101103068;761101103075;761101103082;761101103099,Compact Refrigerator,13A - Compact All-Refrigerators - automatic defrost,Automatic,1,0,0,0,0,32.3,23.5,5.3,5.3,276,308.0,,R-600a,R-600a (GWP:3 | Lower GWP),0,,0.0,,0.0,2023-05-25,2023-06-07,"United States, Canada",ES_92282_FF708BLSS_05312023144911_746271,0
3423362,Midea,MRM33S8A**,",,Asterisk * denotes products with features, which can be any capital letter from A-Z or 0-9, it does not have an effect on energy performance.",,Compact Refrigerator,11A - Compact All-Refrigerator - manual defrost,Manual,1,0,0,0,0,33.9,18.6,3.3,3.3,220,245.0,,,,0,,,,,2024-03-14,2024-03-26,"United States, Canada",ES_1030337_MRM33S8A**_032620240848764_1275899,0
2366146,Midea,MRQ22D4AST,",,Brand: Midea.",,Bottom Freezer,5A - Refrigerator-freezers - automatic defrost with bottom-mounted freezer with through-the-door ice service,Automatic,0,0,1,1,0,69.9,35.8,21.6,26.7,658,722.0,,,,0,,,,,2025-01-09,2025-01-13,"United States, Canada",ES_1030337_MRQ22D4AST_09232020074759_7279307,0
3994368,Midea,MRQ23P4A**,",,Asterisk *denotes products with features, which can be any capital letter from A-Z or 0-9, it does not have an effect on energy performance.",,Bottom Freezer,5I - Refrigerator-freezers - automatic defrost with bottom-mounted freezer with an automatic icemaker without through-the-door ice service,Automatic,0,0,0,1,0,69.9,35.8,22.5,27.5,588,644.0,,,,0,,,,,2025-01-23,2025-02-11,Canada,ES_1129046_MRQ23P4A**_021120250532216_1345344,0
4016397,Midea,MRS25I7B**,",,Asterisk * denotes products with features, which can be any capital letter from A-Z or 0-9, it does not have an effect on energy performance",,Side-by-Side,4I - Refrigerator-freezers - automatic defrost with side-mounted freezer with an automatic icemaker without through-the-door ice service,Automatic,0,0,0,1,0,69.9,35.8,24.5,31.7,624,652.0,,,,0,,,,,2025-04-28,2025-04-30,United States,ES_1030337_MRS25I7B**_043020250236299_7567581,0
2635155,Midea,MRT14B3A**,",,* Suffix could be from 0 to 9 or from A to Z or blank to represent different unit color.",687636007780,Top Freezer,3 - Refrigerator-freezers - automatic defrost with top-mounted freezer without an automatic ice maker,Automatic,0,0,0,0,0,60.6,27.6,14.3,17.1,333,372.0,,"R-600a,1.9",R-600a (GWP:3 | Lower GWP),0,,,,,2023-08-06,2023-08-10,"United States, Canada",ES_1030337_MRT14B3A**_081020230242902_3417226,1
3417940,Midea,MRT14D2B**,",,*: Suffix could be from 0 to 9 or from A to Z or blank to represent different unit color.",840296506219,Top Freezer,3 - Refrigerator-freezers - automatic defrost with top-mounted freezer without an automatic ice maker,Automatic,0,0,0,0,0,60.6,27.6,14.3,17.1,333,372.0,,R-600a,R-600a (GWP:3 | Lower GWP),0,,,,,2024-03-12,2024-03-13,"United States, Canada",ES_1030337_MRT14D2B**_031320240442789_2900390,1
3629479,Royal Sovereign,RMF-128***,",,*can be any letters from A to Z or blank that represent color of the products.",,Compact Refrigerator,11A - Compact All-Refrigerator - manual defrost,Manual,1,0,0,0,0,31.5,20.3,4.5,4.5,226,254.0,,,,0,,,,,2024-08-27,2024-09-19,Canada,ES_1146706_RMF-128***_091920240806541_5380654,0
3629478,Royal Sovereign,RMF-74***,",,*can be any letters from A to Z or blank that represent color of the products.",,Compact Refrigerator,11A - Compact All-Refrigerator - manual defrost,Manual,1,0,0,0,0,25.0,17.5,2.6,2.6,213,239.0,,,,0,,,,,2024-08-27,2024-09-19,Canada,ES_1146706_RMF-74***_091920240704687_3332927,0
3629480,Royal Sovereign,RMF-90***,",,*can be any letters from A to Z or blank that represent color of the products.",,Compact Refrigerator,12 - Compact Refrigerator-Freezer - partial automatic defrost,Automatic,1,0,0,0,0,33.5,18.9,3.2,3.9,320,359.0,,,,0,,,,,2024-08-27,2024-09-19,Canada,ES_1146706_RMF-90***_091920240807934_9730457,0
2401911,Upstreman,FR35,",CR35,; ,SR35,",652726292865;652726292926;652726293046,Compact Refrigerator,13A - Compact All-Refrigerators - automatic defrost,Automatic,1,0,0,0,0,33.3,17.8,3.6,3.6,260,292.0,,,,0,,,,,2022-09-20,2022-09-23,United States,ES_1146193_FR35_09222022133210_4673730,0
2592090,Midea,MRT14D3B**,",,*: Suffix could be from 0 to 9 or from A to Z or blank to represent  different unit color.",840296505151,Top Freezer,3 - Refrigerator-freezers - automatic defrost with top-mounted freezer without an automatic ice maker,Automatic,0,0,0,0,0,60.6,27.6,14.3,17.1,333,372.0,,R-600a,R-600a (GWP:3 | Lower GWP),0,,,,,2023-07-20,2023-07-21,"United States, Canada",ES_1030337_MRT14D3B**_072120230124460_8168846,1
3550168,Midea,MRT16D2B**,",,*: Suffix could be from 0 to 9 or A to Z or blank to represent different unit color",687636009012,Top Freezer,3 - Refrigerator-freezers - automatic defrost with top-mounted freezer without an automatic ice maker,Automatic,0,0,0,0,0,65.0,25.0,16.0,18.8,347,385.0,,R-600a,R-600a (GWP:3 | Lower GWP),0,,,,,2024-06-25,2024-07-01,Canada,ES_1129046_MRT16D2B**_070120240528224_9472151,1
2453298,Midea,MRT18B2***,",,* are additional letters to indicate the color and, or manufacturer control number",687636007537,Top Freezer,3 - Refrigerator-freezers - automatic defrost with top-mounted freezer without an automatic ice maker,Automatic,0,0,0,0,0,67.0,33.0,18.0,21.0,362,403.0,,,,0,,,,,2023-04-10,2023-04-14,Canada,ES_1129046_MRT18B2***_041420230328969_8435470,1
2732040,Midea,MRT18D1B**,",,* Suffix could be from 0 to 9 or A to Z or blank to represent different unit color",840296507711,Top Freezer,3 - Refrigerator-freezers - automatic defrost with top-mounted freezer without an automatic ice maker,Automatic,0,0,0,0,0,66.6,29.7,18.2,22.1,369,412.0,,R-600a,R-600a (GWP:3 | Lower GWP),0,,,,,2023-11-01,2023-11-02,"United States, Canada",ES_1030337_MRT18D1B**_110220230316653_9231778,1
2732039,Midea,MRT18D2B**,",,* Suffix could be from 0 to 9 or A to Z or blank to represent different unit color",840296506233,Top Freezer,3 - Refrigerator-freezers - automatic defrost with top-mounted freezer without an automatic ice maker,Automatic,0,0,0,0,0,66.6,29.7,18.2,22.1,369,412.0,,R-600a,R-600a (GWP:3 | Lower GWP),0,,,,,2023-11-01,2023-11-02,"United States, Canada",ES_1030337_MRT18D2B**_110220230317729_2745626,1
2592089,Midea,MRT18D3B**,",,*: Suffix could be from 0 to 9 or from A to Z or blank to represent  different unit color.",840296505182,Top Freezer,3 - Refrigerator-freezers - automatic defrost with top-mounted freezer without an automatic ice maker,Automatic,0,0,0,0,0,66.6,29.7,18.1,22.0,369,411.0,,R-600a,R-600a (GWP:3 | Lower GWP),0,,,,,2023-07-20,2023-07-21,"United States, Canada",ES_1030337_MRT18D3B**_072120230039400_1912709,1
2732038,Midea,MRT18D4B**,",,* Suffix could be from 0 to 9 or A to Z or blank to represent different unit color",840296507520,Top Freezer,3 - Refrigerator-freezers - automatic defrost with top-mounted freezer without an automatic ice maker,Automatic,0,0,0,0,0,66.6,29.7,18.2,22.1,369,412.0,,R-600a,R-600a (GWP:3 | Lower GWP),0,,,,,2023-11-01,2023-11-02,"United States, Canada",ES_1030337_MRT18D4B**_110220230318571_5091021,1
2357885,Midea,MRT18S2A**,",,Asterisk * can be replaced by A to Z or 1 to 9 denotes products with features, which do not have an effect on energy performance",,Top Freezer,3 - Refrigerator-freezers - automatic defrost with top-mounted freezer without an automatic ice maker,Automatic,0,0,0,0,0,67.0,33.0,18.0,21.0,362,403.0,,,,0,,,,,2020-04-08,2020-04-10,"United States, Canada",ES_1030337_MRT18S2A**_04132020042940_2180196,1
2375987,Midea,MRT18S3A**,",,* are additional numbers and/or letters to indicate the color and/or manufacturer control number",,Top Freezer,3 - Refrigerator-freezers - automatic defrost with top-mounted freezer without an automatic ice maker,Automatic,0,0,0,0,0,67.0,33.0,18.0,21.0,362,403.0,,,,0,,,,,2021-03-29,2021-04-06,"United States, Canada",ES_1030337_MRT18S3A**_032920210044695_3533882,1
2740362,Midea,MRT21D3B**,",,*: Suffix could be from 0 to 9 or A to Z or blank to represent different unit color",840296505212,Top Freezer,3 - Refrigerator-freezers - automatic defrost with top-mounted freezer without an automatic ice maker,Automatic,0,0,0,0,0,67.0,30.0,20.5,25.0,390,435.0,,R-600a,R-600a (GWP:3 | Lower GWP),0,,,,,2023-11-14,2023-11-20,"United States, Canada",ES_1030337_MRT21D3B**_11202023011289_3116743,1
3629583,Midea,MRU21C7***,",,Refrigerator-Freezer mode (* can be replaced by A to Z or 1 to 9 denotes products with features, which do not have an effect on energy performance)",840296513330,Bottom Freezer,5 - Refrigerator-freezers - automatic defrost with bottom-mounted freezer without an automatic ice maker,Automatic,0,0,0,0,0,66.6,29.7,20.0,20.0,524,494.0,,,,1,Wi-Fi,1.0,OpenADR,1.0,2024-09-20,2024-09-24,"United States, Canada",ES_1030337_MRU21C7***_092420240219469_6242139,0
4015588,Magic Chef,MCR32CHBF,",,Employ with compressor DG40BY1A",,Compact Refrigerator,11A - Compact All-Refrigerator - manual defrost,Manual,1,0,0,0,1,30.7,17.5,3.2,3.2,219,244.0,,,,0,,,,,2025-03-28,2025-04-14,United States,ES_1107227_MCR32CHBF_041420250558461_9620066,0
4481349,Magic Chef,MCR32CHMF,",,with compressor DG40BY1A",665679009411,Compact Refrigerator,11A - Compact All-Refrigerator - manual defrost,Manual,1,0,0,0,0,31.5,17.5,3.2,3.2,219,244.0,,,,0,,,,,2025-06-01,2025-08-15,United States,ES_1107227_MCR32CHMF_081520250534769_6871566,0
4015589,Magic Chef,MCR32CHRF,",,Employ with compressor DG40BY1A",,Compact Refrigerator,11A - Compact All-Refrigerator - manual defrost,Manual,1,0,0,0,1,30.7,17.5,3.2,3.2,219,244.0,,,,0,,,,,2025-03-28,2025-04-14,United States,ES_1107227_MCR32CHRF_041420250559455_8760658,0
4481350,Magic Chef,MCR32CHWF,",,with compressor DG40BY1A",665679009411,Compact Refrigerator,11A - Compact All-Refrigerator - manual defrost,Manual,1,0,0,0,0,31.5,17.5,3.2,3.2,219,244.0,,,,0,,,,,2025-06-01,2025-08-15,United States,ES_1107227_MCR32CHWF_08152025053445_7423884,0
4497664,Magic Cooling,MDRF375WED,",MDRF359WE,; ,MDRF359WE-RE,; ,MDRF375WE,; ,MDRF375WE-RE,",,Bottom Freezer,5 - Refrigerator-freezers - automatic defrost with bottom-mounted freezer without an automatic ice maker,Automatic,0,0,0,0,0,73.3,23.2,10.5,12.8,350,430.0,,,,0,,,,,2025-03-13,2025-09-01,"United States, Canada",ES_1152108_MDRF375WED_04292025190911_2122308,0
4497685,Magictec,MDRF375WED,",MDRF359WE,; ,MDRF359WE-RE,; ,MDRF375WE,; ,MDRF375WE-RE,",,Bottom Freezer,5 - Refrigerator-freezers - automatic defrost with bottom-mounted freezer without an automatic ice maker,Automatic,0,0,0,0,0,73.3,23.2,10.5,12.8,350,430.0,,R-600a,R-600a (GWP:3 | Lower GWP),0,,,,,2025-03-13,2025-09-03,"United States, Canada",ES_1152108_MDRF375WED_04292025190911_5823695,0
4008532,Midea,WHD-113F**1,",,* Suffix could be from 0 to 9 or A to Z or blank to represent different unit color",814982019390,Compact Refrigerator,12 - Compact Refrigerator-Freezer - partial automatic defrost,Automatic,1,0,0,0,0,33.0,18.5,3.1,3.8,270,358.0,,R-600a,R-600a (GWP:3 | Lower GWP),0,,,,,2025-04-02,2025-04-02,"United States, Canada",ES_1030337_WHD-113F**1_040220250946988_6833318,0
4016180,Midea,WHD-113F**L,",,* Suffix could be from 0 to 9 or A to Z or blank to represent different unit color",,Compact Refrigerator,12 - Compact Refrigerator-Freezer - partial automatic defrost,Automatic,1,0,0,0,0,33.0,18.5,3.1,3.8,270,358.0,,R-600a,R-600a (GWP:3 | Lower GWP),0,,,,,2025-04-10,2025-04-21,"United States, Canada",ES_1030337_WHD-113F**L_042120250601517_8073597,0
2407801,Midea,WHD-663FWE***,",,Asterisk * can be replaced by A to Z or 1 to 9 denotes products with features, which do not have an effect on energy performance",813084027739,Top Freezer,3 - Refrigerator-freezers - automatic defrost with top-mounted freezer without an automatic ice maker,Automatic,0,0,0,0,0,67.0,33.0,18.0,21.0,362,403.0,,,,0,,,,,2023-01-30,2023-02-02,"United States, Canada",ES_1030337_WHD-663FWE***_020220230939997_4320651,1
2362020,Midea,WHD-663FWEB1*,",,( “ * "", can be any of A-Z, a-z, 0-9, version code or blank.)",,Top Freezer,3 - Refrigerator-freezers - automatic defrost with top-mounted freezer without an automatic ice maker,Automatic,0,0,0,0,0,64.9,29.5,18.1,21.1,362,404.0,,,,0,,,,,2020-06-24,2020-06-24,"United States, Canada",ES_1030337_WHD-663FWEB1*_06242020093639_1399689,1
2285522,Midea,WHD-663FWESS1,",WHD-663FWEB1,",,Top Freezer,3 - Refrigerator-freezers - automatic defrost with top-mounted freezer without an automatic ice maker,Automatic,0,0,0,0,0,66.6,29.5,18.0,21.0,362,403.0,,,,0,,,,,2016-11-25,2016-12-06,"United States, Canada",ES_1030337_WHD-663FWESS1_12062016071908_8748531,1
2362021,Midea,WHD-663FWESS1*,",,( “ * "", can be any of A-Z, a-z, 0-9, version code or blank.)",,Top Freezer,3 - Refrigerator-freezers - automatic defrost with top-mounted freezer without an automatic ice maker,Automatic,0,0,0,0,0,64.9,29.5,18.1,21.1,362,404.0,,,,0,,,,,2020-06-24,2020-06-24,"United States, Canada",ES_1030337_WHD-663FWESS1*_06242020093653_1413342,1
2362022,Midea,WHD-663FWEW1*,",,( “ * "", can be any of A-Z, a-z, 0-9, version code or blank.)",,Top Freezer,3 - Refrigerator-freezers - automatic defrost with top-mounted freezer without an automatic ice maker,Automatic,0,0,0,0,0,64.9,29.5,18.1,21.1,362,404.0,,,,0,,,,,2020-06-24,2020-06-24,"United States, Canada",ES_1030337_WHD-663FWEW1*_06242020093626_1386215,1
4016179,Midea,WHS-121L**1,",,*: Suffix could be from 0 to 9 or A to Z or blank to represent different unit color",814982019208,Compact Refrigerator,11A - Compact All-Refrigerator - manual defrost,Manual,1,0,0,0,0,34.0,19.0,3.3,3.3,220,245.0,,R-600a,R-600a (GWP:3 | Lower GWP),0,,,,,2025-04-08,2025-04-22,"United States, Canada",ES_1030337_WHS-121L**1_042220250613919_1163272,0
2333188,Miele,K 2601 SF,",KI KSDR24USM,Cosmetic",,Freezerless and Single Door,3A-BI - Built-In All-Refrigerators - automatic defrost,Automatic,0,1,0,0,0,83.7,24.0,13.0,13.0,264,333.0,,,,0,,,,,2019-02-14,2018-12-20,"United States, Canada",ES_0031629_K 2601 SF_02072019040259_70207296,0
2365370,Miele,K 2602 Vi,",K 2612 Vi, K 2602 SF,Cosmetic",,Freezerless and Single Door,3A-BI - Built-In All-Refrigerators - automatic defrost,Automatic,0,1,0,0,0,83.7,24.0,13.0,13.0,254,333.0,,,,0,,,,,2020-10-01,2020-08-26,"United States, Canada",ES_0031629_K 2602 Vi_09012020122758_80044906,0
2333187,Miele,K 2611 Vi,",KI KSDR24USM,Cosmetic",,Freezerless and Single Door,3A-BI - Built-In All-Refrigerators - automatic defrost,Automatic,0,1,0,0,0,83.7,24.0,13.0,13.0,264,333.0,,,,0,,,,,2019-02-14,2018-12-20,"United States, Canada",ES_0031629_K 2611 Vi_02072019040259_70207296,0
2333192,Miele,K 2801 SF,",KI KSDR30USM,Cosmetic",,Freezerless and Single Door,3A-BI - Built-In All-Refrigerators - automatic defrost,Automatic,0,1,0,0,0,83.7,30.0,16.8,16.8,289,363.0,,,,0,,,,,2019-02-14,2018-12-20,"United States, Canada",ES_0031629_K 2801 SF_02072019040259_70207296,0
2365371,Miele,K 2802 Vi,",K 2812 Vi, K 2812 SF, K 2802 SF,Cosmetic",,Freezerless and Single Door,3A-BI - Built-In All-Refrigerators - automatic defrost,Automatic,0,1,0,0,0,83.7,30.0,16.8,16.8,279,363.0,,,,0,,,,,2020-10-01,2020-08-26,"United States, Canada",ES_0031629_K 2802 Vi_09012020122758_80044906,0
2333191,Miele,K 2811 SF,",KI KSDR30USM,Cosmetic",,Freezerless and Single Door,3A-BI - Built-In All-Refrigerators - automatic defrost,Automatic,0,1,0,0,0,83.7,30.0,16.8,16.8,289,363.0,,,,0,,,,,2019-02-14,2018-12-20,"United States, Canada",ES_0031629_K 2811 SF_02072019040259_70207296,0
2333190,Miele,K 2811 Vi,",KI KSDR30USM,Cosmetic",,Freezerless and Single Door,3A-BI - Built-In All-Refrigerators - automatic defrost,Automatic,0,1,0,0,0,83.7,30.0,16.8,16.8,289,363.0,,,,0,,,,,2019-02-14,2018-12-20,"United States, Canada",ES_0031629_K 2811 Vi_02072019040259_70207296,0
2333196,Miele,K 2901 SF,",KI KSDR36USM,Cosmetic",,Freezerless and Single Door,3A-BI - Built-In All-Refrigerators - automatic defrost,Automatic,0,1,0,0,0,83.7,36.0,20.6,20.6,313,394.0,,,,0,,,,,2019-02-14,2018-12-20,"United States, Canada",ES_0031629_K 2901 SF_02072019040259_70207296,0
2365372,Miele,K 2902 Vi,",K 2912 Vi, K 2912 SF, K 2902 SF,Cosmetic",,Freezerless and Single Door,3A-BI - Built-In All-Refrigerators - automatic defrost,Automatic,0,1,0,0,0,83.7,36.0,20.6,20.6,312,394.0,,,,0,,,,,2020-10-01,2020-08-26,"United States, Canada",ES_0031629_K 2902 Vi_09012020122758_80044906,0
2333195,Miele,K 2911 SF,",KI KSDR36USM,Cosmetic",,Freezerless and Single Door,3A-BI - Built-In All-Refrigerators - automatic defrost,Automatic,0,1,0,0,0,83.7,36.0,20.6,20.6,313,394.0,,,,0,,,,,2019-02-14,2018-12-20,"United States, Canada",ES_0031629_K 2911 SF_02072019040259_70207296,0
2333194,Miele,K 2911 Vi,",KI KSDR36USM,Cosmetic",,Freezerless and Single Door,3A-BI - Built-In All-Refrigerators - automatic defrost,Automatic,0,1,0,0,0,83.7,36.0,20.6,20.6,313,394.0,,,,0,,,,,2019-02-14,2018-12-20,"United States, Canada",ES_0031629_K 2911 Vi_02072019040259_70207296,0
2333199,Miele,KF 2801 SF,",KI KBM30USM,Cosmetic",,Bottom Freezer,5I-BI - Built-In Refrigerator-freezers - automatic defrost with bottom-mounted freezer with an automatic icemaker without through-the-door ice service,Automatic,0,1,0,1,0,83.7,30.0,16.0,19.4,498,603.0,,,,0,,,,,2019-02-14,2018-12-20,"United States, Canada",ES_0031629_KF 2801 SF_02072019040259_70207296,0
2365362,Miele,KF 2802 Vi,",KF 2812 Vi, KF 2802 SF, KF 2812 SF,Cosmetic",,Bottom Freezer,5I-BI - Built-In Refrigerator-freezers - automatic defrost with bottom-mounted freezer with an automatic icemaker without through-the-door ice service,Automatic,0,1,0,1,0,83.7,30.0,16.0,19.4,470,603.0,,,,0,,,,,2020-10-01,2020-08-26,"United States, Canada",ES_0031629_KF 2802 Vi_09012020122758_80044906,0
3436185,Summit;Dreambilt,FFBF11NT,",DBINTRF11,",761101107097;761101107103,Bottom Freezer,5-BI - Built-In Refrigerator-freezers - automatic defrost with bottom-mounted freezer without an automatic icemaker,Automatic,0,1,0,0,0,76.4,21.9,10.8,12.4,400,453.0,,,,0,,,,,2024-06-01,2024-04-11,United States,ES_92282_FFBF11NT_04072024135021_6916772,0
4470526,Marathon,MFF123W,",MFF123SS,; ,MFF123WLH,",809854001337,Top Freezer,3 - Refrigerator-freezers - automatic defrost with top-mounted freezer without an automatic ice maker,Automatic,0,0,0,0,0,59.8,23.6,12.1,14.7,316,352.0,,,,0,,,,,2025-05-20,2025-07-07,Canada,ES_1137295_MFF123W_06172025092034_9077112,1
2333200,Miele,KF 2811 SF,",KI KBM30USM,Cosmetic",,Bottom Freezer,5I-BI - Built-In Refrigerator-freezers - automatic defrost with bottom-mounted freezer with an automatic icemaker without through-the-door ice service,Automatic,0,1,0,1,0,83.7,30.0,16.0,19.4,498,603.0,,,,0,,,,,2019-02-14,2018-12-20,"United States, Canada",ES_0031629_KF 2811 SF_02072019040259_70207296,0
2333198,Miele,KF 2811 Vi,",KI KBM30USM,Cosmetic",,Bottom Freezer,5I-BI - Built-In Refrigerator-freezers - automatic defrost with bottom-mounted freezer with an automatic icemaker without through-the-door ice service,Automatic,0,1,0,1,0,83.7,30.0,16.0,19.4,498,603.0,,,,0,,,,,2019-02-14,2018-12-20,"United States, Canada",ES_0031629_KF 2811 Vi_02072019040259_70207296,0
2333203,Miele,KF 2901 SF,",KI KBM36USM,Cosmetic",,Bottom Freezer,5I-BI - Built-In Refrigerator-freezers - automatic defrost with bottom-mounted freezer with an automatic icemaker without through-the-door ice service,Automatic,0,1,0,1,0,83.7,36.0,19.6,23.8,531,645.0,,,,0,,,,,2019-02-14,2018-12-20,"United States, Canada",ES_0031629_KF 2901 SF_02072019040259_70207296,0
2365363,Miele,KF 2902 Vi,",KF 2912 Vi, KF 2902 SF, KF 2912 SF,Cosmetic",,Bottom Freezer,5I-BI - Built-In Refrigerator-freezers - automatic defrost with bottom-mounted freezer with an automatic icemaker without through-the-door ice service,Automatic,0,1,0,1,0,83.7,36.0,19.5,23.8,504,645.0,,,,0,,,,,2020-10-01,2020-08-26,"United States, Canada",ES_0031629_KF 2902 Vi_09012020122758_80044906,0
2333204,Miele,KF 2911 SF,",KI KBM36USM,Cosmetic",,Bottom Freezer,5I-BI - Built-In Refrigerator-freezers - automatic defrost with bottom-mounted freezer with an automatic icemaker without through-the-door ice service,Automatic,0,1,0,1,0,83.7,36.0,19.6,23.8,531,645.0,,,,0,,,,,2019-02-14,2018-12-20,"United States, Canada",ES_0031629_KF 2911 SF_02072019040259_70207296,0
2333202,Miele,KF 2911 Vi,",KI KBM36USM,Cosmetic",,Bottom Freezer,5I-BI - Built-In Refrigerator-freezers - automatic defrost with bottom-mounted freezer with an automatic icemaker without through-the-door ice service,Automatic,0,1,0,1,0,83.7,36.0,19.6,23.8,531,645.0,,,,0,,,,,2019-02-14,2018-12-20,"United States, Canada",ES_0031629_KF 2911 Vi_02072019040259_70207296,0
2333206,Miele,KF 2981 SF,",KI KBM36DUSM,Cosmetic",,Bottom Freezer,5I-BI - Built-In Refrigerator-freezers - automatic defrost with bottom-mounted freezer with an automatic icemaker without through-the-door ice service,Automatic,0,1,0,1,0,83.7,36.0,19.5,23.7,585,644.0,,,,0,,,,,2019-02-14,2018-12-20,"United States, Canada",ES_0031629_KF 2981 SF_02072019040259_70207296,0
2365364,Miele,KF 2982 Vi,",KF 2982 SF,Cosmetic",,Bottom Freezer,5I-BI - Built-In Refrigerator-freezers - automatic defrost with bottom-mounted freezer with an automatic icemaker without through-the-door ice service,Automatic,0,1,0,1,0,83.7,36.0,19.4,23.8,579,645.0,,,,0,,,,,2020-10-01,2020-08-26,"United States, Canada",ES_0031629_KF 2982 Vi_09012020122758_80044906,0
4499090,Tcl,TRM31D4AW,",TRM31D4AB,; ,TRM31D4AV,",846042048163;846042048170;846042048187,Compact Refrigerator,12 - Compact Refrigerator-Freezer - partial automatic defrost,Automatic,1,0,0,0,0,33.5,17.8,3.1,3.8,320,358.0,,,,0,,,,,2025-09-09,2025-09-17,United States,ES_1147781_TRM31D4AW_09162025131650_2101404,0
4499089,Tcl,TRM31S4AW,",TRM31S4AB,; ,TRM31S4AV,",846042048132;846042048149;846042048156,Compact Refrigerator,11A - Compact All-Refrigerator - manual defrost,Manual,1,0,0,0,0,33.3,17.8,3.1,3.1,215,243.0,,,,0,,,,,2025-09-09,2025-09-17,United States,ES_1147781_TRM31S4AW_09162025131428_5620233,0
4499067,Tcl,TRM45S4AW,",TRM45S4AB,; ,TRM45S4AV,",846042048194;846042048200;846042048217,Compact Refrigerator,11A - Compact All-Refrigerator - manual defrost,Manual,1,0,0,0,0,32.5,20.9,4.5,4.5,226,254.0,,,,0,,,,,2025-09-09,2025-09-17,United States,ES_1147781_TRM45S4AW_09162025130534_9808923,0
4499091,Tcl,TRM47D5AW,",TRM47D5AB,; ,TRM47D5AV,",846042048224;846042048231;846042048248,Compact Refrigerator,12 - Compact Refrigerator-Freezer - partial automatic defrost,Automatic,1,0,0,0,0,49.8,17.8,4.7,5.5,321,368.0,,,,0,,,,,2025-09-09,2025-09-17,United States,ES_1147781_TRM47D5AW_09162025131903_8473626,0
4470528,Marathon,MFF184W,",MFF184SS,",809854001542;809854001559,Top Freezer,3 - Refrigerator-freezers - automatic defrost with top-mounted freezer without an automatic ice maker,Automatic,0,0,0,0,0,66.1,29.7,18.1,21.8,367,410.0,,,,0,,,,,2025-05-20,2025-07-07,Canada,ES_1137295_MFF184W_06172025092601_2837335,1
2302859,Thermador,T30IB900SP,",T30BB910SS, T30BB920SS,Cosmetic",825225919131,Bottom Freezer,5I-BI - Built-In Refrigerator-freezers - automatic defrost with bottom-mounted freezer with an automatic icemaker without through-the-door ice service,Automatic,0,1,0,1,0,83.7,30.0,16.0,19.4,498,603.0,,,,0,,,,,2017-09-01,2017-08-24,"United States, Canada",ES_0031649_T30IB900SP_08292017124701_70141391,0
2264447,Moffat,MTE18G*****,",MTE18H******,Asterisk * can be replaced by A to Z or 1 to 9 denotes products with features, which do not have an effect on energy performance,",,Top Freezer,3 - Refrigerator-freezers - automatic defrost with top-mounted freezer without an automatic ice maker,Automatic,0,0,0,0,0,66.6,29.5,18.0,21.0,362,403.0,,,,0,,,,,2016-03-10,2016-05-06,Canada,ES_1130609_MTE18GTKWW_04192016112216_4936962,1
2732810,Moffat,MWE22FYPKF*,",,Asterisk * denotes products with features, which can be any capital letter from A-Z or 0-9, it does not have an effect on energy performance",,Bottom Freezer,5I - Refrigerator-freezers - automatic defrost with bottom-mounted freezer with an automatic icemaker without through-the-door ice service,Automatic,0,0,0,1,0,69.9,35.8,22.5,27.5,588,644.0,,,,0,,,,,2023-11-14,2023-11-17,Canada,ES_1130609_MWE22FYPKF*_111720230147923_6023780,0
